timestamp,spo2,heart_rate,battery_level,movement,night_date,source
2026-05-14T23:55:12,98,87,100,0,2026-05-15,live
2026-05-14T23:55:28,98,86,100,0,2026-05-15,live
2026-05-14T23:55:43,98,86,100,3,2026-05-15,live
2026-05-14T23:55:58,98,92,100,5,2026-05-15,live
2026-05-14T23:56:13,98,88,100,1,2026-05-15,live
2026-05-14T23:56:28,98,88,100,0,2026-05-15,live
2026-05-14T23:56:43,98,88,100,1,2026-05-15,live
2026-05-14T23:56:58,98,88,100,0,2026-05-15,live
2026-05-14T23:57:13,98,89,100,0,2026-05-15,live
2026-05-14T23:57:28,98,90,100,0,2026-05-15,live
2026-05-14T23:57:43,98,91,100,8,2026-05-15,live
2026-05-14T23:57:59,97,93,100,0,2026-05-15,live
2026-05-14T23:58:14,96,99,100,0,2026-05-15,live
2026-05-14T23:58:29,97,98,100,9,2026-05-15,live
2026-05-14T23:58:44,98,89,100,12,2026-05-15,live
2026-05-14T23:58:59,98,89,100,1,2026-05-15,live
2026-05-14T23:59:14,98,86,100,0,2026-05-15,live
2026-05-14T23:59:29,98,85,100,0,2026-05-15,live
2026-05-14T23:59:44,97,85,100,0,2026-05-15,live
2026-05-14T23:59:59,98,85,100,0,2026-05-15,live
2026-05-15T00:00:15,98,82,100,0,2026-05-15,live
2026-05-15T00:00:30,98,85,100,0,2026-05-15,live
2026-05-15T00:00:45,97,87,100,3,2026-05-15,live
2026-05-15T00:01:00,97,90,100,1,2026-05-15,live
2026-05-15T00:01:15,98,90,100,1,2026-05-15,live
2026-05-15T00:01:30,98,92,100,0,2026-05-15,live
2026-05-15T00:01:45,98,91,100,0,2026-05-15,live
2026-05-15T00:02:00,98,87,100,0,2026-05-15,live
2026-05-15T00:02:15,98,88,100,0,2026-05-15,live
2026-05-15T00:02:31,98,88,100,1,2026-05-15,live
2026-05-15T00:02:46,98,85,100,0,2026-05-15,live
2026-05-15T00:03:01,98,90,100,2,2026-05-15,live
2026-05-15T00:03:16,98,91,100,0,2026-05-15,live
2026-05-15T00:03:31,98,92,100,0,2026-05-15,live
2026-05-15T00:03:46,98,94,100,2,2026-05-15,live
2026-05-15T00:04:01,98,93,100,0,2026-05-15,live
2026-05-15T00:04:16,97,79,100,0,2026-05-15,live
2026-05-15T00:04:31,98,84,100,0,2026-05-15,live
2026-05-15T00:04:47,98,88,100,1,2026-05-15,live
2026-05-15T00:05:02,97,88,100,0,2026-05-15,live
2026-05-15T00:05:17,97,91,100,0,2026-05-15,live
2026-05-15T00:05:32,98,87,100,0,2026-05-15,live
2026-05-15T00:05:47,97,88,100,0,2026-05-15,live
2026-05-15T00:06:02,97,87,100,0,2026-05-15,live
2026-05-15T00:06:17,97,83,100,0,2026-05-15,live
2026-05-15T00:06:32,97,84,100,0,2026-05-15,live
2026-05-15T00:06:47,97,88,100,0,2026-05-15,live
2026-05-15T00:07:03,98,84,100,0,2026-05-15,live
2026-05-15T00:07:18,97,87,100,9,2026-05-15,live
2026-05-15T00:07:33,97,89,100,0,2026-05-15,live
2026-05-15T00:07:48,98,81,100,0,2026-05-15,live
2026-05-15T00:08:03,97,84,100,1,2026-05-15,live
2026-05-15T00:08:18,97,87,100,0,2026-05-15,live
2026-05-15T00:08:33,98,86,100,1,2026-05-15,live
2026-05-15T00:08:48,98,87,100,11,2026-05-15,live
2026-05-15T00:09:03,97,88,100,0,2026-05-15,live
2026-05-15T00:09:19,97,86,100,0,2026-05-15,live
2026-05-15T00:09:34,97,88,100,4,2026-05-15,live
2026-05-15T00:09:49,97,91,100,0,2026-05-15,live
2026-05-15T00:10:04,97,89,100,1,2026-05-15,live
2026-05-15T00:10:19,97,91,100,0,2026-05-15,live
2026-05-15T00:10:34,97,90,100,1,2026-05-15,live
2026-05-15T00:10:49,98,92,100,7,2026-05-15,live
2026-05-15T00:11:04,98,92,100,0,2026-05-15,live
2026-05-15T00:11:19,98,91,100,0,2026-05-15,live
2026-05-15T00:11:34,98,92,100,0,2026-05-15,live
2026-05-15T00:11:50,98,83,100,6,2026-05-15,live
2026-05-15T00:12:05,98,87,100,1,2026-05-15,live
2026-05-15T00:12:20,98,88,100,1,2026-05-15,live
2026-05-15T00:12:35,98,90,100,21,2026-05-15,live
2026-05-15T00:12:50,98,93,100,0,2026-05-15,live
2026-05-15T00:13:05,97,98,100,0,2026-05-15,live
2026-05-15T00:13:20,98,93,100,1,2026-05-15,live
2026-05-15T00:13:35,98,93,100,1,2026-05-15,live
2026-05-15T00:13:50,97,88,100,0,2026-05-15,live
2026-05-15T00:14:06,97,93,100,0,2026-05-15,live
2026-05-15T00:14:21,97,88,100,0,2026-05-15,live
2026-05-15T00:14:36,97,88,100,1,2026-05-15,live
2026-05-15T00:14:51,97,85,100,0,2026-05-15,live
2026-05-15T00:15:06,97,85,100,0,2026-05-15,live
2026-05-15T00:15:21,97,87,100,0,2026-05-15,live
2026-05-15T00:15:36,97,87,100,55,2026-05-15,live
2026-05-15T00:15:51,97,99,100,0,2026-05-15,live
2026-05-15T00:16:07,98,80,100,0,2026-05-15,live
2026-05-15T00:16:22,97,87,100,0,2026-05-15,live
2026-05-15T00:16:37,97,83,100,0,2026-05-15,live
2026-05-15T00:16:52,97,82,100,0,2026-05-15,live
2026-05-15T00:17:07,97,82,100,0,2026-05-15,live
2026-05-15T00:17:22,97,82,100,0,2026-05-15,live
2026-05-15T00:17:37,97,83,100,0,2026-05-15,live
2026-05-15T00:17:52,97,85,100,0,2026-05-15,live
2026-05-15T00:18:07,97,82,100,0,2026-05-15,live
2026-05-15T00:18:23,98,83,100,0,2026-05-15,live
2026-05-15T00:18:38,98,87,100,0,2026-05-15,live
2026-05-15T00:18:53,98,88,100,0,2026-05-15,live
2026-05-15T00:19:08,98,84,100,0,2026-05-15,live
2026-05-15T00:19:23,98,83,100,1,2026-05-15,live
2026-05-15T00:19:38,97,84,100,2,2026-05-15,live
2026-05-15T00:19:53,97,87,100,0,2026-05-15,live
2026-05-15T00:20:08,97,89,100,0,2026-05-15,live
2026-05-15T00:20:23,98,86,100,0,2026-05-15,live
2026-05-15T00:20:39,98,88,100,0,2026-05-15,live
2026-05-15T00:20:54,98,88,100,0,2026-05-15,live
2026-05-15T00:21:09,98,88,100,0,2026-05-15,live
2026-05-15T00:21:24,98,87,100,0,2026-05-15,live
2026-05-15T00:21:39,98,84,100,0,2026-05-15,live
2026-05-15T00:21:54,97,85,100,0,2026-05-15,live
2026-05-15T00:22:09,97,84,100,0,2026-05-15,live
2026-05-15T00:22:24,98,85,100,0,2026-05-15,live
2026-05-15T00:22:39,98,85,100,0,2026-05-15,live
2026-05-15T00:22:54,98,86,100,0,2026-05-15,live
2026-05-15T00:23:10,98,79,100,0,2026-05-15,live
2026-05-15T00:23:25,97,82,100,0,2026-05-15,live
2026-05-15T00:23:40,97,84,100,1,2026-05-15,live
2026-05-15T00:23:55,97,86,100,1,2026-05-15,live
2026-05-15T00:24:10,97,87,100,2,2026-05-15,live
2026-05-15T00:24:25,97,88,100,0,2026-05-15,live
2026-05-15T00:24:40,97,90,100,0,2026-05-15,live
2026-05-15T00:24:55,97,85,100,0,2026-05-15,live
2026-05-15T00:25:10,97,88,100,0,2026-05-15,live
2026-05-15T00:25:26,97,87,100,0,2026-05-15,live
2026-05-15T00:25:41,97,85,100,0,2026-05-15,live
2026-05-15T00:25:56,97,85,100,0,2026-05-15,live
2026-05-15T00:26:11,97,88,100,0,2026-05-15,live
2026-05-15T00:26:26,97,85,100,0,2026-05-15,live
2026-05-15T00:26:41,97,85,100,2,2026-05-15,live
2026-05-15T00:26:56,97,84,100,0,2026-05-15,live
2026-05-15T00:27:11,97,86,100,1,2026-05-15,live
2026-05-15T00:27:26,97,88,100,1,2026-05-15,live
2026-05-15T00:27:41,98,88,100,0,2026-05-15,live
2026-05-15T00:27:57,97,88,100,0,2026-05-15,live
2026-05-15T00:28:12,97,89,100,0,2026-05-15,live
2026-05-15T00:28:27,98,88,100,0,2026-05-15,live
2026-05-15T00:28:42,97,87,100,0,2026-05-15,live
2026-05-15T00:28:57,98,81,100,0,2026-05-15,live
2026-05-15T00:29:12,98,81,100,0,2026-05-15,live
2026-05-15T00:29:27,97,85,100,0,2026-05-15,live
2026-05-15T00:29:42,97,86,100,0,2026-05-15,live
2026-05-15T00:29:57,97,87,100,2,2026-05-15,live
2026-05-15T00:30:12,97,86,100,1,2026-05-15,live
2026-05-15T00:30:28,97,87,100,0,2026-05-15,live
2026-05-15T00:30:43,97,84,100,0,2026-05-15,live
2026-05-15T00:30:58,97,83,100,0,2026-05-15,live
2026-05-15T00:31:13,97,90,100,0,2026-05-15,live
2026-05-15T00:31:28,98,83,100,0,2026-05-15,live
2026-05-15T00:31:43,98,85,100,1,2026-05-15,live
2026-05-15T00:31:58,98,86,100,5,2026-05-15,live
2026-05-15T00:32:13,97,93,100,0,2026-05-15,live
2026-05-15T00:32:28,98,85,100,0,2026-05-15,live
2026-05-15T00:32:44,98,81,100,0,2026-05-15,live
2026-05-15T00:32:59,98,83,100,7,2026-05-15,live
2026-05-15T00:33:14,98,92,100,0,2026-05-15,live
2026-05-15T00:33:29,98,91,100,1,2026-05-15,live
2026-05-15T00:33:44,98,81,100,1,2026-05-15,live
2026-05-15T00:33:59,97,81,100,1,2026-05-15,live
2026-05-15T00:34:14,97,89,100,0,2026-05-15,live
2026-05-15T00:34:29,97,87,100,0,2026-05-15,live
2026-05-15T00:34:44,97,91,100,1,2026-05-15,live
2026-05-15T00:35:00,97,91,100,1,2026-05-15,live
2026-05-15T00:35:15,97,94,100,1,2026-05-15,live
2026-05-15T00:35:30,96,88,100,13,2026-05-15,live
2026-05-15T00:35:45,97,90,100,0,2026-05-15,live
2026-05-15T00:36:00,97,86,100,0,2026-05-15,live
2026-05-15T00:36:15,97,82,100,0,2026-05-15,live
2026-05-15T00:36:30,97,84,100,0,2026-05-15,live
2026-05-15T00:36:45,97,85,100,0,2026-05-15,live
2026-05-15T00:37:00,97,85,100,9,2026-05-15,live
2026-05-15T00:37:16,97,87,100,4,2026-05-15,live
2026-05-15T00:37:31,98,90,100,0,2026-05-15,live
2026-05-15T00:37:46,98,89,100,0,2026-05-15,live
2026-05-15T00:38:01,97,84,100,1,2026-05-15,live
2026-05-15T00:38:16,98,92,100,0,2026-05-15,live
2026-05-15T00:38:31,98,86,100,0,2026-05-15,live
2026-05-15T00:38:46,98,83,100,0,2026-05-15,live
2026-05-15T00:39:01,97,87,100,0,2026-05-15,live
2026-05-15T00:39:16,97,88,100,2,2026-05-15,live
2026-05-15T00:39:32,97,88,100,1,2026-05-15,live
2026-05-15T00:39:47,97,92,100,0,2026-05-15,live
2026-05-15T00:40:02,98,86,100,0,2026-05-15,live
2026-05-15T00:40:17,98,82,100,0,2026-05-15,live
2026-05-15T00:40:32,98,88,100,0,2026-05-15,live
2026-05-15T00:40:47,97,85,100,0,2026-05-15,live
2026-05-15T00:41:02,97,85,100,0,2026-05-15,live
2026-05-15T00:41:17,97,88,100,0,2026-05-15,live
2026-05-15T00:41:32,97,88,100,0,2026-05-15,live
2026-05-15T00:41:48,97,88,100,2,2026-05-15,live
2026-05-15T00:42:03,97,91,100,1,2026-05-15,live
2026-05-15T00:42:18,97,89,100,0,2026-05-15,live
2026-05-15T00:42:33,97,90,100,0,2026-05-15,live
2026-05-15T00:42:48,98,88,100,0,2026-05-15,live
2026-05-15T00:43:03,98,83,100,0,2026-05-15,live
2026-05-15T00:43:18,98,84,100,0,2026-05-15,live
2026-05-15T00:43:33,97,85,100,0,2026-05-15,live
2026-05-15T00:43:49,97,85,100,0,2026-05-15,live
2026-05-15T00:44:04,97,88,100,0,2026-05-15,live
2026-05-15T00:44:19,97,87,100,0,2026-05-15,live
2026-05-15T00:44:34,97,85,100,0,2026-05-15,live
2026-05-15T00:44:49,97,86,100,0,2026-05-15,live
2026-05-15T00:45:04,97,86,100,0,2026-05-15,live
2026-05-15T00:45:19,97,86,100,4,2026-05-15,live
2026-05-15T00:45:34,97,87,100,1,2026-05-15,live
2026-05-15T00:45:49,97,88,100,0,2026-05-15,live
2026-05-15T00:46:04,97,87,100,0,2026-05-15,live
2026-05-15T00:46:20,97,83,100,0,2026-05-15,live
2026-05-15T00:46:35,97,87,100,0,2026-05-15,live
2026-05-15T00:46:50,97,88,100,1,2026-05-15,live
2026-05-15T00:47:05,97,89,100,1,2026-05-15,live
2026-05-15T00:47:20,97,88,100,0,2026-05-15,live
2026-05-15T00:47:35,97,92,100,6,2026-05-15,live
2026-05-15T00:47:50,97,91,100,1,2026-05-15,live
2026-05-15T00:48:05,97,96,100,0,2026-05-15,live
2026-05-15T00:48:20,98,94,100,0,2026-05-15,live
2026-05-15T00:48:36,98,90,100,0,2026-05-15,live
2026-05-15T00:48:51,98,83,100,0,2026-05-15,live
2026-05-15T00:49:06,98,87,100,0,2026-05-15,live
2026-05-15T00:49:21,98,86,100,0,2026-05-15,live
2026-05-15T00:49:36,98,88,100,0,2026-05-15,live
2026-05-15T00:49:51,97,86,100,0,2026-05-15,live
2026-05-15T00:50:06,97,84,100,0,2026-05-15,live
2026-05-15T00:50:21,97,84,100,0,2026-05-15,live
2026-05-15T00:50:36,97,86,100,0,2026-05-15,live
2026-05-15T00:50:52,97,88,100,0,2026-05-15,live
2026-05-15T00:51:07,97,85,100,0,2026-05-15,live
2026-05-15T00:51:22,97,84,100,0,2026-05-15,live
2026-05-15T00:51:37,97,85,100,0,2026-05-15,live
2026-05-15T00:51:52,97,84,100,3,2026-05-15,live
2026-05-15T00:52:07,97,93,100,2,2026-05-15,live
2026-05-15T00:52:22,98,98,100,0,2026-05-15,live
2026-05-15T00:52:37,98,91,100,1,2026-05-15,live
2026-05-15T00:52:52,98,86,100,0,2026-05-15,live
2026-05-15T00:53:08,98,77,100,0,2026-05-15,live
2026-05-15T00:53:23,98,91,100,0,2026-05-15,live
2026-05-15T00:53:38,98,83,100,0,2026-05-15,live
2026-05-15T00:53:54,97,84,100,0,2026-05-15,live
2026-05-15T00:54:09,97,84,100,0,2026-05-15,live
2026-05-15T00:54:24,97,84,100,0,2026-05-15,live
2026-05-15T00:54:39,97,86,100,0,2026-05-15,live
2026-05-15T00:54:54,97,91,100,0,2026-05-15,live
2026-05-15T00:55:09,97,84,100,0,2026-05-15,live
2026-05-15T00:55:24,97,86,100,0,2026-05-15,live
2026-05-15T00:55:40,98,84,100,0,2026-05-15,live
2026-05-15T00:55:55,98,84,100,0,2026-05-15,live
2026-05-15T00:56:10,98,86,100,0,2026-05-15,live
2026-05-15T00:56:25,98,87,100,0,2026-05-15,live
2026-05-15T00:56:40,98,86,100,0,2026-05-15,live
2026-05-15T00:56:55,96,91,100,0,2026-05-15,live
2026-05-15T00:57:10,96,88,100,0,2026-05-15,live
2026-05-15T00:57:25,97,85,100,0,2026-05-15,live
2026-05-15T00:57:40,98,89,100,0,2026-05-15,live
2026-05-15T00:57:56,98,88,100,0,2026-05-15,live
2026-05-15T00:58:11,97,83,100,0,2026-05-15,live
2026-05-15T00:58:26,98,88,100,5,2026-05-15,live
2026-05-15T00:58:41,98,89,100,2,2026-05-15,live
2026-05-15T00:58:56,97,89,100,0,2026-05-15,live
2026-05-15T00:59:11,98,89,100,0,2026-05-15,live
2026-05-15T00:59:26,98,90,100,0,2026-05-15,live
2026-05-15T00:59:41,98,86,100,0,2026-05-15,live
2026-05-15T00:59:56,98,83,100,0,2026-05-15,live
2026-05-15T01:00:12,98,84,100,7,2026-05-15,live
2026-05-15T01:00:27,97,90,100,0,2026-05-15,live
2026-05-15T01:00:42,97,86,100,0,2026-05-15,live
2026-05-15T01:00:57,98,88,100,9,2026-05-15,live
2026-05-15T01:01:12,97,102,100,0,2026-05-15,live
2026-05-15T01:01:27,98,86,100,0,2026-05-15,live
2026-05-15T01:01:42,98,82,100,0,2026-05-15,live
2026-05-15T01:01:57,97,86,100,0,2026-05-15,live
2026-05-15T01:02:13,98,85,100,0,2026-05-15,live
2026-05-15T01:02:28,97,90,100,1,2026-05-15,live
2026-05-15T01:02:43,97,87,100,1,2026-05-15,live
2026-05-15T01:02:58,97,86,100,0,2026-05-15,live
2026-05-15T01:03:13,98,85,100,0,2026-05-15,live
2026-05-15T01:03:28,96,83,100,0,2026-05-15,live
2026-05-15T01:03:43,97,88,100,0,2026-05-15,live
2026-05-15T01:03:58,97,87,100,0,2026-05-15,live
2026-05-15T01:04:13,97,88,100,1,2026-05-15,live
2026-05-15T01:04:29,97,89,100,0,2026-05-15,live
2026-05-15T01:04:44,98,89,100,0,2026-05-15,live
2026-05-15T01:04:59,97,87,100,3,2026-05-15,live
2026-05-15T01:05:14,97,88,100,3,2026-05-15,live
2026-05-15T01:05:29,97,87,100,1,2026-05-15,live
2026-05-15T01:05:44,97,89,100,0,2026-05-15,live
2026-05-15T01:05:59,97,88,100,4,2026-05-15,live
2026-05-15T01:06:14,97,84,100,1,2026-05-15,live
2026-05-15T01:06:29,98,83,100,0,2026-05-15,live
2026-05-15T01:06:44,97,88,100,0,2026-05-15,live
2026-05-15T01:07:00,96,84,100,1,2026-05-15,live
2026-05-15T01:07:15,97,85,100,0,2026-05-15,live
2026-05-15T01:07:30,97,91,100,0,2026-05-15,live
2026-05-15T01:07:45,97,84,100,0,2026-05-15,live
2026-05-15T01:08:00,97,82,100,0,2026-05-15,live
2026-05-15T01:08:15,98,86,100,2,2026-05-15,live
2026-05-15T01:08:30,97,85,100,0,2026-05-15,live
2026-05-15T01:08:45,98,84,100,1,2026-05-15,live
2026-05-15T01:09:00,98,87,100,0,2026-05-15,live
2026-05-15T01:09:16,98,90,100,0,2026-05-15,live
2026-05-15T01:09:31,98,90,100,0,2026-05-15,live
2026-05-15T01:09:46,98,81,100,0,2026-05-15,live
2026-05-15T01:10:01,98,85,100,0,2026-05-15,live
2026-05-15T01:10:16,98,85,100,0,2026-05-15,live
2026-05-15T01:10:31,98,83,100,0,2026-05-15,live
2026-05-15T01:10:46,98,88,100,0,2026-05-15,live
2026-05-15T01:11:01,98,85,100,0,2026-05-15,live
2026-05-15T01:11:17,98,86,100,0,2026-05-15,live
2026-05-15T01:11:32,98,89,100,0,2026-05-15,live
2026-05-15T01:11:47,98,90,100,2,2026-05-15,live
2026-05-15T01:12:02,97,92,100,0,2026-05-15,live
2026-05-15T01:12:17,97,89,100,0,2026-05-15,live
2026-05-15T01:12:32,97,83,100,0,2026-05-15,live
2026-05-15T01:12:47,97,85,100,0,2026-05-15,live
2026-05-15T01:13:02,97,84,100,0,2026-05-15,live
2026-05-15T01:13:17,98,83,100,0,2026-05-15,live
2026-05-15T01:13:33,97,84,100,0,2026-05-15,live
2026-05-15T01:13:48,97,85,100,0,2026-05-15,live
2026-05-15T01:14:03,97,85,100,20,2026-05-15,live
2026-05-15T01:14:18,97,94,100,0,2026-05-15,live
2026-05-15T01:14:33,98,87,100,1,2026-05-15,live
2026-05-15T01:14:48,98,88,100,0,2026-05-15,live
2026-05-15T01:15:03,98,88,100,2,2026-05-15,live
2026-05-15T01:15:18,98,90,100,2,2026-05-15,live
2026-05-15T01:15:33,98,88,100,1,2026-05-15,live
2026-05-15T01:15:49,97,89,100,4,2026-05-15,live
2026-05-15T01:16:04,97,90,100,0,2026-05-15,live
2026-05-15T01:16:19,97,88,100,2,2026-05-15,live
2026-05-15T01:16:34,97,89,100,1,2026-05-15,live
2026-05-15T01:16:49,97,88,100,0,2026-05-15,live
2026-05-15T01:17:04,98,90,100,0,2026-05-15,live
2026-05-15T01:17:19,97,89,100,1,2026-05-15,live
2026-05-15T01:17:34,97,90,100,2,2026-05-15,live
2026-05-15T01:17:49,97,91,100,3,2026-05-15,live
2026-05-15T01:18:05,97,94,100,0,2026-05-15,live
2026-05-15T01:18:20,97,94,100,0,2026-05-15,live
2026-05-15T01:18:35,98,82,100,0,2026-05-15,live
2026-05-15T01:18:50,98,84,100,0,2026-05-15,live
2026-05-15T01:19:05,97,86,100,0,2026-05-15,live
2026-05-15T01:19:20,97,84,100,0,2026-05-15,live
2026-05-15T01:19:35,97,95,100,0,2026-05-15,live
2026-05-15T01:19:50,97,84,100,0,2026-05-15,live
2026-05-15T01:20:06,98,85,100,0,2026-05-15,live
2026-05-15T01:20:21,98,86,100,0,2026-05-15,live
2026-05-15T01:20:36,97,85,100,0,2026-05-15,live
2026-05-15T01:20:51,98,85,100,2,2026-05-15,live
2026-05-15T01:21:06,98,88,100,0,2026-05-15,live
2026-05-15T01:21:21,98,89,100,3,2026-05-15,live
2026-05-15T01:21:36,97,88,100,0,2026-05-15,live
2026-05-15T01:21:51,97,88,100,0,2026-05-15,live
2026-05-15T01:22:06,97,90,100,0,2026-05-15,live
2026-05-15T01:22:21,97,89,100,0,2026-05-15,live
2026-05-15T01:22:37,98,87,100,0,2026-05-15,live
2026-05-15T01:22:52,98,84,100,0,2026-05-15,live
2026-05-15T01:23:07,97,86,100,0,2026-05-15,live
2026-05-15T01:23:22,98,87,100,2,2026-05-15,live
2026-05-15T01:23:37,97,89,100,0,2026-05-15,live
2026-05-15T01:23:52,97,84,100,0,2026-05-15,live
2026-05-15T01:24:07,97,87,100,0,2026-05-15,live
2026-05-15T01:24:22,98,84,100,0,2026-05-15,live
2026-05-15T01:24:37,97,89,100,0,2026-05-15,live
2026-05-15T01:24:52,98,90,100,1,2026-05-15,live
2026-05-15T01:25:08,98,90,100,3,2026-05-15,live
2026-05-15T01:25:23,98,93,100,0,2026-05-15,live
2026-05-15T01:25:38,98,84,100,0,2026-05-15,live
2026-05-15T01:25:53,98,83,100,0,2026-05-15,live
2026-05-15T01:26:08,97,86,100,0,2026-05-15,live
2026-05-15T01:26:23,97,82,100,0,2026-05-15,live
2026-05-15T01:26:38,97,84,100,0,2026-05-15,live
2026-05-15T01:26:53,97,91,100,1,2026-05-15,live
2026-05-15T01:27:09,97,86,100,4,2026-05-15,live
2026-05-15T01:27:24,97,90,100,0,2026-05-15,live
2026-05-15T01:27:39,97,86,100,1,2026-05-15,live
2026-05-15T01:27:54,97,90,100,1,2026-05-15,live
2026-05-15T01:28:09,97,88,100,3,2026-05-15,live
2026-05-15T01:28:24,97,90,100,0,2026-05-15,live
2026-05-15T01:28:39,98,91,100,1,2026-05-15,live
2026-05-15T01:28:54,98,90,100,1,2026-05-15,live
2026-05-15T01:29:09,98,91,100,1,2026-05-15,live
2026-05-15T01:29:25,98,92,100,14,2026-05-15,live
2026-05-15T01:29:40,98,94,100,0,2026-05-15,live
2026-05-15T01:29:55,98,94,100,0,2026-05-15,live
2026-05-15T01:30:10,98,90,100,2,2026-05-15,live
2026-05-15T01:30:25,98,90,100,2,2026-05-15,live
2026-05-15T01:30:40,98,90,100,3,2026-05-15,live
2026-05-15T01:30:55,98,92,100,0,2026-05-15,live
2026-05-15T01:31:10,98,91,100,1,2026-05-15,live
2026-05-15T01:31:25,97,89,100,0,2026-05-15,live
2026-05-15T01:31:40,98,88,100,1,2026-05-15,live
2026-05-15T01:31:56,98,91,100,0,2026-05-15,live
2026-05-15T01:32:11,98,91,100,0,2026-05-15,live
2026-05-15T01:32:26,98,90,100,3,2026-05-15,live
2026-05-15T01:32:41,97,96,100,0,2026-05-15,live
2026-05-15T01:32:56,98,82,100,1,2026-05-15,live
2026-05-15T01:33:11,98,81,100,1,2026-05-15,live
2026-05-15T01:33:26,98,90,100,0,2026-05-15,live
2026-05-15T01:33:41,98,92,100,0,2026-05-15,live
2026-05-15T01:33:56,98,90,100,2,2026-05-15,live
2026-05-15T01:34:12,97,90,100,0,2026-05-15,live
2026-05-15T01:34:27,97,96,100,2,2026-05-15,live
2026-05-15T01:34:42,97,93,100,5,2026-05-15,live
2026-05-15T01:34:57,97,97,100,4,2026-05-15,live
2026-05-15T01:35:12,97,93,100,1,2026-05-15,live
2026-05-15T01:35:27,98,92,100,0,2026-05-15,live
2026-05-15T01:35:42,98,91,100,3,2026-05-15,live
2026-05-15T01:35:57,98,91,100,0,2026-05-15,live
2026-05-15T01:36:12,98,94,100,4,2026-05-15,live
2026-05-15T01:36:28,97,95,100,3,2026-05-15,live
2026-05-15T01:36:43,98,95,100,0,2026-05-15,live
2026-05-15T01:36:58,98,92,100,0,2026-05-15,live
2026-05-15T01:37:13,98,88,100,0,2026-05-15,live
2026-05-15T01:37:28,98,83,100,0,2026-05-15,live
2026-05-15T01:37:43,98,87,100,0,2026-05-15,live
2026-05-15T01:37:58,98,90,100,0,2026-05-15,live
2026-05-15T01:38:13,98,98,100,0,2026-05-15,live
2026-05-15T01:38:28,98,92,100,5,2026-05-15,live
2026-05-15T01:38:44,98,88,100,0,2026-05-15,live
2026-05-15T01:38:59,98,95,100,0,2026-05-15,live
2026-05-15T01:39:14,98,87,100,0,2026-05-15,live
2026-05-15T01:39:29,98,89,100,0,2026-05-15,live
2026-05-15T01:39:44,98,89,100,0,2026-05-15,live
2026-05-15T01:39:59,98,88,100,0,2026-05-15,live
2026-05-15T01:40:14,98,89,100,7,2026-05-15,live
2026-05-15T01:40:29,98,91,100,0,2026-05-15,live
2026-05-15T01:40:44,98,86,100,0,2026-05-15,live
2026-05-15T01:41:00,97,86,100,2,2026-05-15,live
2026-05-15T01:41:15,97,88,100,0,2026-05-15,live
2026-05-15T01:41:30,98,94,100,0,2026-05-15,live
2026-05-15T01:41:45,98,89,100,0,2026-05-15,live
2026-05-15T01:42:00,97,87,100,0,2026-05-15,live
2026-05-15T01:42:15,98,87,100,1,2026-05-15,live
2026-05-15T01:42:30,98,89,100,0,2026-05-15,live
2026-05-15T01:42:45,97,87,100,0,2026-05-15,live
2026-05-15T01:43:00,97,90,100,1,2026-05-15,live
2026-05-15T01:43:15,97,91,100,2,2026-05-15,live
2026-05-15T01:43:31,98,90,100,1,2026-05-15,live
2026-05-15T01:43:46,98,91,100,0,2026-05-15,live
2026-05-15T01:44:01,97,87,100,0,2026-05-15,live
2026-05-15T01:44:16,97,87,100,0,2026-05-15,live
2026-05-15T01:44:31,97,89,100,1,2026-05-15,live
2026-05-15T01:44:46,97,91,100,3,2026-05-15,live
2026-05-15T01:45:01,97,90,100,0,2026-05-15,live
2026-05-15T01:45:16,97,88,100,1,2026-05-15,live
2026-05-15T01:45:31,97,91,100,0,2026-05-15,live
2026-05-15T01:45:47,98,90,100,1,2026-05-15,live
2026-05-15T01:46:02,98,90,100,4,2026-05-15,live
2026-05-15T01:46:17,97,91,100,1,2026-05-15,live
2026-05-15T01:46:32,97,92,100,0,2026-05-15,live
2026-05-15T01:46:47,97,92,100,0,2026-05-15,live
2026-05-15T01:47:02,98,87,100,2,2026-05-15,live
2026-05-15T01:47:17,97,91,100,0,2026-05-15,live
2026-05-15T01:47:32,97,88,100,0,2026-05-15,live
2026-05-15T01:47:47,98,86,100,0,2026-05-15,live
2026-05-15T01:48:02,98,82,100,0,2026-05-15,live
2026-05-15T01:48:18,98,89,100,0,2026-05-15,live
2026-05-15T01:48:33,97,84,100,0,2026-05-15,live
2026-05-15T01:48:48,97,88,100,2,2026-05-15,live
2026-05-15T01:49:03,97,88,100,10,2026-05-15,live
2026-05-15T01:49:18,97,93,100,0,2026-05-15,live
2026-05-15T01:49:33,98,87,100,0,2026-05-15,live
2026-05-15T01:49:48,98,89,100,0,2026-05-15,live
2026-05-15T01:50:03,98,87,98,2,2026-05-15,live
2026-05-15T01:50:18,98,92,98,0,2026-05-15,live
2026-05-15T01:50:33,98,89,98,0,2026-05-15,live
2026-05-15T01:50:49,98,90,98,0,2026-05-15,live
2026-05-15T01:51:04,97,86,98,0,2026-05-15,live
2026-05-15T01:51:19,98,98,98,4,2026-05-15,live
2026-05-15T01:51:34,98,97,98,2,2026-05-15,live
2026-05-15T01:51:49,97,88,98,2,2026-05-15,live
2026-05-15T01:52:04,97,91,98,0,2026-05-15,live
2026-05-15T01:52:19,97,94,98,5,2026-05-15,live
2026-05-15T01:52:34,98,93,98,0,2026-05-15,live
2026-05-15T01:52:49,98,91,98,0,2026-05-15,live
2026-05-15T01:53:05,97,89,98,1,2026-05-15,live
2026-05-15T01:53:20,98,82,98,3,2026-05-15,live
2026-05-15T01:53:35,98,76,98,2,2026-05-15,live
2026-05-15T01:53:50,98,86,98,0,2026-05-15,live
2026-05-15T01:54:05,98,89,98,0,2026-05-15,live
2026-05-15T01:54:20,97,91,98,0,2026-05-15,live
2026-05-15T01:54:35,97,86,98,0,2026-05-15,live
2026-05-15T01:54:50,98,83,98,0,2026-05-15,live
2026-05-15T01:55:05,97,85,98,6,2026-05-15,live
2026-05-15T01:55:21,98,88,98,0,2026-05-15,live
2026-05-15T01:55:36,98,87,98,3,2026-05-15,live
2026-05-15T01:55:51,97,90,98,1,2026-05-15,live
2026-05-15T01:56:06,97,91,98,0,2026-05-15,live
2026-05-15T01:56:21,98,89,98,0,2026-05-15,live
2026-05-15T01:56:36,97,86,98,4,2026-05-15,live
2026-05-15T01:56:51,98,89,98,2,2026-05-15,live
2026-05-15T01:57:06,98,89,98,2,2026-05-15,live
2026-05-15T01:57:22,98,90,98,1,2026-05-15,live
2026-05-15T01:57:37,98,95,98,0,2026-05-15,live
2026-05-15T01:57:52,97,84,98,0,2026-05-15,live
2026-05-15T01:58:07,98,83,98,0,2026-05-15,live
2026-05-15T01:58:22,97,85,98,0,2026-05-15,live
2026-05-15T01:58:37,98,83,98,0,2026-05-15,live
2026-05-15T01:58:52,97,85,98,0,2026-05-15,live
2026-05-15T01:59:07,97,86,98,0,2026-05-15,live
2026-05-15T01:59:22,97,89,98,1,2026-05-15,live
2026-05-15T01:59:38,97,95,98,0,2026-05-15,live
2026-05-15T01:59:53,98,82,98,0,2026-05-15,live
2026-05-15T02:00:08,98,82,98,0,2026-05-15,live
2026-05-15T02:00:23,97,91,98,0,2026-05-15,live
2026-05-15T02:00:38,97,86,98,1,2026-05-15,live
2026-05-15T02:00:53,97,87,98,1,2026-05-15,live
2026-05-15T02:01:08,97,88,98,2,2026-05-15,live
2026-05-15T02:01:23,97,89,98,0,2026-05-15,live
2026-05-15T02:01:38,97,88,98,0,2026-05-15,live
2026-05-15T02:01:54,96,90,98,0,2026-05-15,live
2026-05-15T02:02:09,97,91,98,3,2026-05-15,live
2026-05-15T02:02:24,97,90,98,0,2026-05-15,live
2026-05-15T02:02:39,98,91,98,0,2026-05-15,live
2026-05-15T02:02:54,98,90,98,0,2026-05-15,live
2026-05-15T02:03:09,98,85,98,0,2026-05-15,live
2026-05-15T02:03:24,98,88,98,1,2026-05-15,live
2026-05-15T02:03:39,97,86,98,0,2026-05-15,live
2026-05-15T02:03:54,98,87,98,0,2026-05-15,live
2026-05-15T02:04:10,98,89,98,0,2026-05-15,live
2026-05-15T02:04:25,98,85,98,0,2026-05-15,live
2026-05-15T02:04:40,98,88,98,0,2026-05-15,live
2026-05-15T02:04:55,98,83,98,0,2026-05-15,live
2026-05-15T02:05:10,98,84,98,0,2026-05-15,live
2026-05-15T02:05:25,98,87,98,0,2026-05-15,live
2026-05-15T02:05:40,98,86,98,0,2026-05-15,live
2026-05-15T02:05:55,98,84,98,0,2026-05-15,live
2026-05-15T02:06:10,98,86,98,0,2026-05-15,live
2026-05-15T02:06:26,98,84,98,0,2026-05-15,live
2026-05-15T02:06:41,97,84,98,0,2026-05-15,live
2026-05-15T02:06:56,98,88,98,15,2026-05-15,live
2026-05-15T02:07:11,98,83,98,0,2026-05-15,live
2026-05-15T02:07:26,98,85,98,0,2026-05-15,live
2026-05-15T02:07:41,98,84,98,0,2026-05-15,live
2026-05-15T02:07:56,98,87,98,0,2026-05-15,live
2026-05-15T02:08:11,97,86,98,0,2026-05-15,live
2026-05-15T02:08:26,97,84,98,0,2026-05-15,live
2026-05-15T02:08:41,97,88,98,0,2026-05-15,live
2026-05-15T02:08:57,98,86,98,0,2026-05-15,live
2026-05-15T02:09:12,97,87,98,0,2026-05-15,live
2026-05-15T02:09:27,97,91,98,0,2026-05-15,live
2026-05-15T02:09:42,98,87,98,0,2026-05-15,live
2026-05-15T02:09:57,98,88,98,0,2026-05-15,live
2026-05-15T02:10:12,98,86,98,0,2026-05-15,live
2026-05-15T02:10:27,98,83,98,0,2026-05-15,live
2026-05-15T02:10:42,98,84,98,0,2026-05-15,live
2026-05-15T02:10:57,98,85,98,0,2026-05-15,live
2026-05-15T02:11:12,98,89,98,0,2026-05-15,live
2026-05-15T02:11:28,98,84,98,0,2026-05-15,live
2026-05-15T02:11:43,98,89,98,0,2026-05-15,live
2026-05-15T02:11:58,98,91,98,0,2026-05-15,live
2026-05-15T02:12:13,97,89,98,0,2026-05-15,live
2026-05-15T02:12:28,98,88,98,0,2026-05-15,live
2026-05-15T02:12:43,98,93,98,2,2026-05-15,live
2026-05-15T02:12:58,98,94,98,0,2026-05-15,live
2026-05-15T02:13:13,98,86,98,0,2026-05-15,live
2026-05-15T02:13:28,97,87,98,0,2026-05-15,live
2026-05-15T02:13:44,97,85,98,0,2026-05-15,live
2026-05-15T02:13:59,97,86,98,0,2026-05-15,live
2026-05-15T02:14:14,97,89,98,1,2026-05-15,live
2026-05-15T02:14:29,97,95,98,0,2026-05-15,live
2026-05-15T02:14:44,97,93,98,0,2026-05-15,live
2026-05-15T02:14:59,98,83,98,11,2026-05-15,live
2026-05-15T02:15:14,98,85,98,1,2026-05-15,live
2026-05-15T02:15:29,98,86,98,1,2026-05-15,live
2026-05-15T02:15:44,98,89,98,0,2026-05-15,live
2026-05-15T02:16:00,98,91,98,0,2026-05-15,live
2026-05-15T02:16:15,98,89,98,0,2026-05-15,live
2026-05-15T02:16:30,97,92,98,0,2026-05-15,live
2026-05-15T02:16:45,98,84,98,0,2026-05-15,live
2026-05-15T02:17:00,98,86,98,0,2026-05-15,live
2026-05-15T02:17:15,97,89,98,3,2026-05-15,live
2026-05-15T02:17:30,97,86,98,0,2026-05-15,live
2026-05-15T02:17:45,97,85,98,0,2026-05-15,live
2026-05-15T02:18:01,98,89,98,2,2026-05-15,live
2026-05-15T02:18:16,98,93,98,0,2026-05-15,live
2026-05-15T02:18:31,98,94,98,0,2026-05-15,live
2026-05-15T02:18:46,98,88,98,0,2026-05-15,live
2026-05-15T02:19:01,98,89,98,0,2026-05-15,live
2026-05-15T02:19:16,98,97,98,0,2026-05-15,live
2026-05-15T02:19:31,98,91,98,1,2026-05-15,live
2026-05-15T02:19:46,98,85,98,2,2026-05-15,live
2026-05-15T02:20:02,98,89,98,2,2026-05-15,live
2026-05-15T02:20:17,98,86,98,1,2026-05-15,live
2026-05-15T02:20:32,97,91,98,1,2026-05-15,live
2026-05-15T02:20:47,97,92,98,2,2026-05-15,live
2026-05-15T02:21:02,98,92,98,1,2026-05-15,live
2026-05-15T02:21:17,97,91,98,2,2026-05-15,live
2026-05-15T02:21:32,97,92,98,1,2026-05-15,live
2026-05-15T02:21:47,97,96,98,1,2026-05-15,live
2026-05-15T02:22:03,98,93,98,0,2026-05-15,live
2026-05-15T02:22:18,98,88,98,0,2026-05-15,live
2026-05-15T02:22:33,97,86,98,0,2026-05-15,live
2026-05-15T02:22:48,97,86,98,0,2026-05-15,live
2026-05-15T02:23:03,98,85,98,0,2026-05-15,live
2026-05-15T02:23:18,98,88,98,0,2026-05-15,live
2026-05-15T02:23:33,97,88,98,0,2026-05-15,live
2026-05-15T02:23:48,97,86,98,0,2026-05-15,live
2026-05-15T02:24:03,98,88,98,0,2026-05-15,live
2026-05-15T02:24:19,97,86,98,0,2026-05-15,live
2026-05-15T02:24:34,98,88,98,10,2026-05-15,live
2026-05-15T02:24:49,97,89,98,0,2026-05-15,live
2026-05-15T02:25:04,98,85,98,0,2026-05-15,live
2026-05-15T02:25:19,98,86,98,3,2026-05-15,live
2026-05-15T02:25:34,98,87,98,0,2026-05-15,live
2026-05-15T02:25:49,98,87,98,0,2026-05-15,live
2026-05-15T02:26:04,98,88,98,0,2026-05-15,live
2026-05-15T02:26:19,98,85,98,0,2026-05-15,live
2026-05-15T02:26:35,98,89,98,0,2026-05-15,live
2026-05-15T02:26:50,98,90,98,14,2026-05-15,live
2026-05-15T02:27:05,98,98,98,8,2026-05-15,live
2026-05-15T02:27:20,98,99,98,24,2026-05-15,live
2026-05-15T02:27:35,96,97,98,8,2026-05-15,live
2026-05-15T02:27:50,96,99,98,1,2026-05-15,live
2026-05-15T02:28:05,93,92,98,6,2026-05-15,live
2026-05-15T02:28:20,96,89,98,0,2026-05-15,live
2026-05-15T02:28:35,97,86,98,0,2026-05-15,live
2026-05-15T02:28:51,97,86,98,12,2026-05-15,live
2026-05-15T02:29:06,98,85,98,0,2026-05-15,live
2026-05-15T02:29:21,98,79,98,0,2026-05-15,live
2026-05-15T02:29:36,98,80,98,0,2026-05-15,live
2026-05-15T02:29:51,97,80,98,0,2026-05-15,live
2026-05-15T02:30:06,97,82,98,11,2026-05-15,live
2026-05-15T02:30:21,97,85,98,1,2026-05-15,live
2026-05-15T02:30:36,97,95,98,0,2026-05-15,live
2026-05-15T02:30:51,98,83,98,0,2026-05-15,live
2026-05-15T02:31:07,97,85,98,0,2026-05-15,live
2026-05-15T02:31:22,97,85,98,0,2026-05-15,live
2026-05-15T02:31:37,97,85,98,0,2026-05-15,live
2026-05-15T02:31:52,98,84,98,0,2026-05-15,live
2026-05-15T02:32:07,98,85,98,0,2026-05-15,live
2026-05-15T02:32:22,98,86,98,0,2026-05-15,live
2026-05-15T02:32:37,98,85,98,0,2026-05-15,live
2026-05-15T02:32:52,98,85,98,0,2026-05-15,live
2026-05-15T02:33:07,98,85,98,0,2026-05-15,live
2026-05-15T02:33:23,98,85,97,0,2026-05-15,live
2026-05-15T02:33:38,98,85,97,0,2026-05-15,live
2026-05-15T02:33:53,98,81,97,0,2026-05-15,live
2026-05-15T02:34:08,98,81,97,0,2026-05-15,live
2026-05-15T02:34:23,98,82,97,0,2026-05-15,live
2026-05-15T02:34:38,98,85,97,0,2026-05-15,live
2026-05-15T02:34:53,98,84,97,0,2026-05-15,live
2026-05-15T02:35:08,98,84,97,0,2026-05-15,live
2026-05-15T02:35:24,98,80,97,0,2026-05-15,live
2026-05-15T02:35:39,98,82,97,0,2026-05-15,live
2026-05-15T02:35:54,98,84,97,0,2026-05-15,live
2026-05-15T02:36:09,98,79,97,0,2026-05-15,live
2026-05-15T02:36:24,98,82,97,0,2026-05-15,live
2026-05-15T02:36:39,98,84,97,0,2026-05-15,live
2026-05-15T02:36:54,98,84,97,0,2026-05-15,live
2026-05-15T02:37:09,98,80,97,0,2026-05-15,live
2026-05-15T02:37:25,98,82,97,0,2026-05-15,live
2026-05-15T02:37:40,98,80,97,0,2026-05-15,live
2026-05-15T02:37:55,98,82,97,0,2026-05-15,live
2026-05-15T02:38:10,98,78,97,0,2026-05-15,live
2026-05-15T02:38:25,98,80,97,0,2026-05-15,live
2026-05-15T02:38:40,98,82,97,0,2026-05-15,live
2026-05-15T02:38:55,98,85,97,0,2026-05-15,live
2026-05-15T02:39:10,98,82,97,0,2026-05-15,live
2026-05-15T02:39:25,98,89,97,0,2026-05-15,live
2026-05-15T02:39:40,98,81,97,0,2026-05-15,live
2026-05-15T02:39:56,98,70,97,0,2026-05-15,live
2026-05-15T02:40:11,98,68,97,0,2026-05-15,live
2026-05-15T02:40:26,98,80,97,0,2026-05-15,live
2026-05-15T02:40:41,98,75,97,0,2026-05-15,live
2026-05-15T02:40:56,98,72,97,0,2026-05-15,live
2026-05-15T02:41:11,98,72,97,0,2026-05-15,live
2026-05-15T02:41:26,98,68,97,0,2026-05-15,live
2026-05-15T02:41:42,98,77,97,0,2026-05-15,live
2026-05-15T02:41:57,98,70,97,0,2026-05-15,live
2026-05-15T02:42:12,98,73,97,0,2026-05-15,live
2026-05-15T02:42:27,98,71,97,0,2026-05-15,live
2026-05-15T02:42:42,98,71,97,0,2026-05-15,live
2026-05-15T02:42:57,97,72,97,0,2026-05-15,live
2026-05-15T02:43:13,97,72,97,0,2026-05-15,live
2026-05-15T02:43:28,97,74,97,0,2026-05-15,live
2026-05-15T02:43:43,98,72,97,0,2026-05-15,live
2026-05-15T02:43:58,97,73,97,0,2026-05-15,live
2026-05-15T02:44:13,97,72,97,0,2026-05-15,live
2026-05-15T02:44:28,98,73,97,0,2026-05-15,live
2026-05-15T02:44:43,97,73,97,0,2026-05-15,live
2026-05-15T02:44:58,97,77,97,0,2026-05-15,live
2026-05-15T02:45:14,98,72,97,0,2026-05-15,live
2026-05-15T02:45:29,98,71,97,0,2026-05-15,live
2026-05-15T02:45:44,98,73,97,0,2026-05-15,live
2026-05-15T02:45:59,98,73,97,0,2026-05-15,live
2026-05-15T02:46:14,98,72,97,0,2026-05-15,live
2026-05-15T02:46:30,98,73,97,0,2026-05-15,live
2026-05-15T02:46:45,98,71,97,0,2026-05-15,live
2026-05-15T02:47:00,98,74,97,0,2026-05-15,live
2026-05-15T02:47:15,98,71,97,0,2026-05-15,live
2026-05-15T02:47:30,98,71,97,0,2026-05-15,live
2026-05-15T02:47:45,98,72,97,0,2026-05-15,live
2026-05-15T02:48:01,98,74,97,0,2026-05-15,live
2026-05-15T02:48:16,98,71,97,0,2026-05-15,live
2026-05-15T02:48:31,98,69,97,0,2026-05-15,live
2026-05-15T02:48:46,98,74,97,0,2026-05-15,live
2026-05-15T02:49:01,98,76,97,0,2026-05-15,live
2026-05-15T02:49:17,98,71,97,0,2026-05-15,live
2026-05-15T02:49:32,98,74,97,0,2026-05-15,live
2026-05-15T02:49:47,98,74,97,0,2026-05-15,live
2026-05-15T02:50:02,98,73,97,0,2026-05-15,live
2026-05-15T02:50:17,98,72,97,0,2026-05-15,live
2026-05-15T02:50:32,98,78,97,0,2026-05-15,live
2026-05-15T02:50:47,98,70,97,0,2026-05-15,live
2026-05-15T02:51:02,98,72,97,0,2026-05-15,live
2026-05-15T02:51:18,98,76,97,0,2026-05-15,live
2026-05-15T02:51:33,98,70,97,0,2026-05-15,live
2026-05-15T02:51:48,98,75,97,0,2026-05-15,live
2026-05-15T02:52:03,98,75,97,0,2026-05-15,live
2026-05-15T02:52:18,98,73,97,0,2026-05-15,live
2026-05-15T02:52:34,98,74,97,0,2026-05-15,live
2026-05-15T02:52:49,98,73,97,0,2026-05-15,live
2026-05-15T02:53:04,98,72,97,0,2026-05-15,live
2026-05-15T02:53:19,98,72,97,0,2026-05-15,live
2026-05-15T02:53:34,98,72,97,0,2026-05-15,live
2026-05-15T02:53:50,98,75,97,0,2026-05-15,live
2026-05-15T02:54:05,98,73,97,0,2026-05-15,live
2026-05-15T02:54:20,98,74,97,2,2026-05-15,live
2026-05-15T02:54:35,97,89,97,0,2026-05-15,live
2026-05-15T02:54:50,98,75,97,0,2026-05-15,live
2026-05-15T02:55:05,97,66,97,0,2026-05-15,live
2026-05-15T02:55:21,98,68,97,0,2026-05-15,live
2026-05-15T02:55:36,98,70,97,0,2026-05-15,live
2026-05-15T02:55:51,98,71,97,0,2026-05-15,live
2026-05-15T02:56:06,98,71,97,0,2026-05-15,live
2026-05-15T02:56:21,98,73,97,0,2026-05-15,live
2026-05-15T02:56:36,98,76,97,0,2026-05-15,live
2026-05-15T02:56:51,98,72,97,0,2026-05-15,live
2026-05-15T02:57:06,98,75,97,0,2026-05-15,live
2026-05-15T02:57:21,98,73,97,0,2026-05-15,live
2026-05-15T02:57:37,98,74,97,0,2026-05-15,live
2026-05-15T02:57:52,98,76,97,0,2026-05-15,live
2026-05-15T02:58:07,98,74,97,0,2026-05-15,live
2026-05-15T02:58:22,98,73,97,0,2026-05-15,live
2026-05-15T02:58:37,98,72,97,0,2026-05-15,live
2026-05-15T02:58:52,98,74,97,0,2026-05-15,live
2026-05-15T02:59:07,98,74,97,0,2026-05-15,live
2026-05-15T02:59:23,98,74,97,0,2026-05-15,live
2026-05-15T02:59:38,97,69,97,0,2026-05-15,live
2026-05-15T02:59:53,98,75,97,0,2026-05-15,live
2026-05-15T03:00:08,98,76,97,0,2026-05-15,live
2026-05-15T03:00:23,98,73,97,0,2026-05-15,live
2026-05-15T03:00:38,98,69,97,0,2026-05-15,live
2026-05-15T03:00:53,98,74,97,0,2026-05-15,live
2026-05-15T03:01:08,98,75,97,0,2026-05-15,live
2026-05-15T03:01:24,98,70,97,0,2026-05-15,live
2026-05-15T03:01:39,98,72,97,0,2026-05-15,live
2026-05-15T03:01:54,98,75,97,0,2026-05-15,live
2026-05-15T03:02:09,98,76,97,0,2026-05-15,live
2026-05-15T03:02:24,98,77,97,0,2026-05-15,live
2026-05-15T03:02:39,98,74,97,0,2026-05-15,live
2026-05-15T03:02:55,98,70,97,0,2026-05-15,live
2026-05-15T03:03:10,98,75,97,0,2026-05-15,live
2026-05-15T03:03:25,98,72,97,0,2026-05-15,live
2026-05-15T03:03:40,98,73,97,0,2026-05-15,live
2026-05-15T03:03:56,98,78,97,0,2026-05-15,live
2026-05-15T03:04:11,98,74,97,0,2026-05-15,live
2026-05-15T03:04:26,98,73,97,0,2026-05-15,live
2026-05-15T03:04:41,98,75,97,0,2026-05-15,live
2026-05-15T03:04:56,98,72,97,0,2026-05-15,live
2026-05-15T03:05:11,98,77,97,0,2026-05-15,live
2026-05-15T03:05:27,98,74,97,0,2026-05-15,live
2026-05-15T03:05:42,98,75,97,0,2026-05-15,live
2026-05-15T03:05:57,98,73,97,0,2026-05-15,live
2026-05-15T03:06:12,98,72,97,0,2026-05-15,live
2026-05-15T03:06:27,98,71,97,0,2026-05-15,live
2026-05-15T03:06:42,98,75,97,0,2026-05-15,live
2026-05-15T03:06:57,98,75,97,0,2026-05-15,live
2026-05-15T03:07:12,98,72,97,0,2026-05-15,live
2026-05-15T03:07:28,98,71,97,0,2026-05-15,live
2026-05-15T03:07:43,98,74,97,0,2026-05-15,live
2026-05-15T03:07:58,98,75,97,0,2026-05-15,live
2026-05-15T03:08:13,97,83,97,0,2026-05-15,live
2026-05-15T03:08:28,98,76,97,0,2026-05-15,live
2026-05-15T03:08:43,98,76,97,0,2026-05-15,live
2026-05-15T03:08:59,98,71,97,0,2026-05-15,live
2026-05-15T03:09:14,98,72,97,0,2026-05-15,live
2026-05-15T03:09:29,98,78,97,0,2026-05-15,live
2026-05-15T03:09:44,98,72,97,0,2026-05-15,live
2026-05-15T03:10:00,98,72,97,0,2026-05-15,live
2026-05-15T03:10:15,98,72,97,0,2026-05-15,live
2026-05-15T03:10:30,98,75,97,0,2026-05-15,live
2026-05-15T03:10:45,98,75,97,0,2026-05-15,live
2026-05-15T03:11:00,98,72,97,0,2026-05-15,live
2026-05-15T03:11:16,98,75,97,0,2026-05-15,live
2026-05-15T03:11:31,98,72,97,0,2026-05-15,live
2026-05-15T03:11:46,98,75,97,0,2026-05-15,live
2026-05-15T03:12:01,98,74,97,0,2026-05-15,live
2026-05-15T03:12:16,98,75,97,0,2026-05-15,live
2026-05-15T03:12:31,98,73,97,0,2026-05-15,live
2026-05-15T03:12:46,98,74,97,0,2026-05-15,live
2026-05-15T03:13:02,98,74,97,0,2026-05-15,live
2026-05-15T03:13:17,98,71,97,0,2026-05-15,live
2026-05-15T03:13:32,98,74,97,0,2026-05-15,live
2026-05-15T03:13:47,98,74,97,0,2026-05-15,live
2026-05-15T03:14:02,98,74,97,0,2026-05-15,live
2026-05-15T03:14:17,98,74,97,0,2026-05-15,live
2026-05-15T03:14:32,98,74,97,0,2026-05-15,live
2026-05-15T03:14:48,98,75,97,0,2026-05-15,live
2026-05-15T03:15:03,98,69,97,0,2026-05-15,live
2026-05-15T03:15:18,98,75,97,0,2026-05-15,live
2026-05-15T03:15:33,98,72,97,0,2026-05-15,live
2026-05-15T03:15:49,98,73,97,0,2026-05-15,live
2026-05-15T03:16:04,98,73,97,0,2026-05-15,live
2026-05-15T03:16:19,98,73,97,0,2026-05-15,live
2026-05-15T03:16:34,98,73,97,0,2026-05-15,live
2026-05-15T03:16:49,98,75,97,0,2026-05-15,live
2026-05-15T03:17:04,98,73,97,0,2026-05-15,live
2026-05-15T03:17:19,98,77,97,0,2026-05-15,live
2026-05-15T03:17:34,98,73,97,0,2026-05-15,live
2026-05-15T03:17:50,98,74,97,0,2026-05-15,live
2026-05-15T03:18:05,98,74,97,0,2026-05-15,live
2026-05-15T03:18:20,98,74,97,0,2026-05-15,live
2026-05-15T03:18:35,98,73,97,0,2026-05-15,live
2026-05-15T03:18:50,98,77,97,0,2026-05-15,live
2026-05-15T03:19:05,98,76,97,0,2026-05-15,live
2026-05-15T03:19:20,98,71,97,0,2026-05-15,live
2026-05-15T03:19:35,98,75,97,0,2026-05-15,live
2026-05-15T03:19:51,98,74,97,0,2026-05-15,live
2026-05-15T03:20:06,98,75,97,0,2026-05-15,live
2026-05-15T03:20:21,98,74,97,0,2026-05-15,live
2026-05-15T03:20:36,98,73,97,0,2026-05-15,live
2026-05-15T03:20:51,98,73,97,0,2026-05-15,live
2026-05-15T03:21:06,98,73,97,0,2026-05-15,live
2026-05-15T03:21:21,98,76,97,0,2026-05-15,live
2026-05-15T03:21:36,98,77,97,0,2026-05-15,live
2026-05-15T03:21:52,98,76,97,0,2026-05-15,live
2026-05-15T03:22:07,98,71,97,0,2026-05-15,live
2026-05-15T03:22:22,98,75,97,0,2026-05-15,live
2026-05-15T03:22:37,98,76,97,0,2026-05-15,live
2026-05-15T03:22:52,98,71,97,0,2026-05-15,live
2026-05-15T03:23:07,98,76,97,0,2026-05-15,live
2026-05-15T03:23:23,98,77,97,11,2026-05-15,live
2026-05-15T03:23:38,96,96,97,0,2026-05-15,live
2026-05-15T03:23:53,97,80,97,0,2026-05-15,live
2026-05-15T03:24:08,97,74,97,0,2026-05-15,live
2026-05-15T03:24:23,97,77,97,0,2026-05-15,live
2026-05-15T03:24:38,97,92,97,0,2026-05-15,live
2026-05-15T03:24:53,97,77,97,0,2026-05-15,live
2026-05-15T03:25:08,97,77,97,0,2026-05-15,live
2026-05-15T03:25:23,97,84,97,0,2026-05-15,live
2026-05-15T03:25:38,97,83,97,0,2026-05-15,live
2026-05-15T03:25:54,97,85,97,0,2026-05-15,live
2026-05-15T03:26:09,98,84,97,0,2026-05-15,live
2026-05-15T03:26:24,97,79,97,0,2026-05-15,live
2026-05-15T03:26:39,97,78,97,0,2026-05-15,live
2026-05-15T03:26:54,98,78,97,0,2026-05-15,live
2026-05-15T03:27:09,98,76,97,0,2026-05-15,live
2026-05-15T03:27:25,98,75,97,0,2026-05-15,live
2026-05-15T03:27:40,98,76,97,0,2026-05-15,live
2026-05-15T03:27:55,98,74,97,0,2026-05-15,live
2026-05-15T03:28:10,98,72,97,0,2026-05-15,live
2026-05-15T03:28:25,98,76,97,0,2026-05-15,live
2026-05-15T03:28:41,98,72,97,0,2026-05-15,live
2026-05-15T03:28:56,98,72,97,0,2026-05-15,live
2026-05-15T03:29:11,98,76,97,0,2026-05-15,live
2026-05-15T03:29:26,97,75,97,0,2026-05-15,live
2026-05-15T03:29:41,97,73,97,0,2026-05-15,live
2026-05-15T03:29:56,98,76,97,0,2026-05-15,live
2026-05-15T03:30:11,98,72,97,0,2026-05-15,live
2026-05-15T03:30:26,97,74,97,0,2026-05-15,live
2026-05-15T03:30:42,97,76,97,0,2026-05-15,live
2026-05-15T03:30:57,97,76,97,0,2026-05-15,live
2026-05-15T03:31:12,97,77,97,0,2026-05-15,live
2026-05-15T03:31:27,97,79,97,0,2026-05-15,live
2026-05-15T03:31:42,98,76,97,0,2026-05-15,live
2026-05-15T03:31:57,97,77,97,0,2026-05-15,live
2026-05-15T03:32:12,98,80,97,0,2026-05-15,live
2026-05-15T03:32:28,98,88,97,0,2026-05-15,live
2026-05-15T03:32:43,98,86,97,0,2026-05-15,live
2026-05-15T03:32:58,97,79,97,0,2026-05-15,live
2026-05-15T03:33:13,97,79,97,0,2026-05-15,live
2026-05-15T03:33:28,97,77,97,0,2026-05-15,live
2026-05-15T03:33:43,97,78,97,0,2026-05-15,live
2026-05-15T03:33:58,97,80,97,0,2026-05-15,live
2026-05-15T03:34:13,98,82,97,0,2026-05-15,live
2026-05-15T03:34:29,98,78,97,0,2026-05-15,live
2026-05-15T03:34:44,98,80,97,0,2026-05-15,live
2026-05-15T03:34:59,97,76,97,0,2026-05-15,live
2026-05-15T03:35:14,97,81,97,0,2026-05-15,live
2026-05-15T03:35:29,97,78,97,0,2026-05-15,live
2026-05-15T03:35:45,98,80,96,0,2026-05-15,live
2026-05-15T03:36:00,98,82,96,0,2026-05-15,live
2026-05-15T03:36:15,97,79,96,0,2026-05-15,live
2026-05-15T03:36:30,98,81,96,0,2026-05-15,live
2026-05-15T03:36:45,97,80,96,0,2026-05-15,live
2026-05-15T03:37:00,97,84,96,0,2026-05-15,live
2026-05-15T03:37:15,98,87,96,0,2026-05-15,live
2026-05-15T03:37:31,97,83,96,0,2026-05-15,live
2026-05-15T03:37:46,97,83,96,0,2026-05-15,live
2026-05-15T03:38:01,97,83,96,0,2026-05-15,live
2026-05-15T03:38:16,97,82,96,0,2026-05-15,live
2026-05-15T03:38:31,98,84,96,0,2026-05-15,live
2026-05-15T03:38:47,98,83,96,0,2026-05-15,live
2026-05-15T03:39:02,97,84,96,0,2026-05-15,live
2026-05-15T03:39:17,97,85,96,0,2026-05-15,live
2026-05-15T03:39:32,97,85,96,0,2026-05-15,live
2026-05-15T03:39:47,98,85,96,0,2026-05-15,live
2026-05-15T03:40:02,98,86,96,0,2026-05-15,live
2026-05-15T03:40:17,98,90,96,0,2026-05-15,live
2026-05-15T03:40:32,98,92,96,0,2026-05-15,live
2026-05-15T03:40:48,98,89,96,5,2026-05-15,live
2026-05-15T03:41:03,98,97,96,0,2026-05-15,live
2026-05-15T03:41:18,98,81,96,0,2026-05-15,live
2026-05-15T03:41:33,98,72,96,0,2026-05-15,live
2026-05-15T03:41:48,98,72,96,0,2026-05-15,live
2026-05-15T03:42:03,98,76,96,0,2026-05-15,live
2026-05-15T03:42:18,98,73,96,0,2026-05-15,live
2026-05-15T03:42:34,98,78,96,0,2026-05-15,live
2026-05-15T03:42:49,98,82,96,0,2026-05-15,live
2026-05-15T03:43:04,98,84,96,0,2026-05-15,live
2026-05-15T03:43:19,98,85,96,0,2026-05-15,live
2026-05-15T03:43:35,98,90,96,0,2026-05-15,live
2026-05-15T03:43:50,98,84,96,0,2026-05-15,live
2026-05-15T03:44:05,98,79,96,0,2026-05-15,live
2026-05-15T03:44:20,98,78,96,0,2026-05-15,live
2026-05-15T03:44:35,98,79,96,0,2026-05-15,live
2026-05-15T03:44:50,98,81,96,0,2026-05-15,live
2026-05-15T03:45:06,98,88,96,0,2026-05-15,live
2026-05-15T03:45:21,98,79,96,0,2026-05-15,live
2026-05-15T03:45:36,98,77,96,0,2026-05-15,live
2026-05-15T03:45:51,98,80,96,0,2026-05-15,live
2026-05-15T03:46:06,98,84,96,0,2026-05-15,live
2026-05-15T03:46:21,98,80,96,0,2026-05-15,live
2026-05-15T03:46:36,98,82,96,0,2026-05-15,live
2026-05-15T03:46:52,98,88,96,0,2026-05-15,live
2026-05-15T03:47:07,98,87,96,0,2026-05-15,live
2026-05-15T03:47:22,98,85,96,0,2026-05-15,live
2026-05-15T03:47:37,98,80,96,0,2026-05-15,live
2026-05-15T03:47:52,98,79,96,0,2026-05-15,live
2026-05-15T03:48:07,98,81,96,0,2026-05-15,live
2026-05-15T03:48:22,98,81,96,0,2026-05-15,live
2026-05-15T03:48:37,98,87,96,0,2026-05-15,live
2026-05-15T03:48:53,98,91,96,0,2026-05-15,live
2026-05-15T03:49:08,98,93,96,0,2026-05-15,live
2026-05-15T03:49:23,98,83,96,0,2026-05-15,live
2026-05-15T03:49:38,98,87,96,0,2026-05-15,live
2026-05-15T03:49:53,98,84,96,0,2026-05-15,live
2026-05-15T03:50:08,98,80,96,0,2026-05-15,live
2026-05-15T03:50:24,98,83,96,0,2026-05-15,live
2026-05-15T03:50:39,98,76,96,0,2026-05-15,live
2026-05-15T03:50:54,98,78,96,0,2026-05-15,live
2026-05-15T03:51:09,98,81,96,0,2026-05-15,live
2026-05-15T03:51:24,98,80,96,0,2026-05-15,live
2026-05-15T03:51:40,98,81,96,0,2026-05-15,live
2026-05-15T03:51:55,98,81,96,0,2026-05-15,live
2026-05-15T03:52:10,98,86,96,0,2026-05-15,live
2026-05-15T03:52:25,98,90,96,0,2026-05-15,live
2026-05-15T03:52:40,98,88,96,0,2026-05-15,live
2026-05-15T03:52:55,98,81,96,0,2026-05-15,live
2026-05-15T03:53:11,98,81,96,0,2026-05-15,live
2026-05-15T03:53:26,98,81,96,0,2026-05-15,live
2026-05-15T03:53:41,98,83,96,0,2026-05-15,live
2026-05-15T03:53:56,98,77,96,0,2026-05-15,live
2026-05-15T03:54:11,98,74,96,0,2026-05-15,live
2026-05-15T03:54:26,98,76,96,0,2026-05-15,live
2026-05-15T03:54:41,98,78,96,0,2026-05-15,live
2026-05-15T03:54:57,98,78,96,0,2026-05-15,live
2026-05-15T03:55:12,98,82,96,0,2026-05-15,live
2026-05-15T03:55:27,98,79,96,0,2026-05-15,live
2026-05-15T03:55:42,98,75,96,0,2026-05-15,live
2026-05-15T03:55:57,98,79,96,0,2026-05-15,live
2026-05-15T03:56:12,98,80,96,0,2026-05-15,live
2026-05-15T03:56:27,98,78,96,0,2026-05-15,live
2026-05-15T03:56:42,98,77,96,0,2026-05-15,live
2026-05-15T03:56:58,98,85,96,0,2026-05-15,live
2026-05-15T03:57:13,98,79,96,0,2026-05-15,live
2026-05-15T03:57:28,98,74,96,0,2026-05-15,live
2026-05-15T03:57:43,98,76,96,0,2026-05-15,live
2026-05-15T03:57:58,98,75,96,0,2026-05-15,live
2026-05-15T03:58:13,98,77,96,0,2026-05-15,live
2026-05-15T03:58:28,98,86,96,0,2026-05-15,live
2026-05-15T03:58:43,98,80,96,0,2026-05-15,live
2026-05-15T03:58:59,98,78,96,0,2026-05-15,live
2026-05-15T03:59:14,98,77,96,0,2026-05-15,live
2026-05-15T03:59:29,98,81,96,0,2026-05-15,live
2026-05-15T03:59:44,98,80,96,0,2026-05-15,live
2026-05-15T03:59:59,98,84,96,0,2026-05-15,live
2026-05-15T04:00:14,98,77,96,0,2026-05-15,live
2026-05-15T04:00:30,98,81,96,0,2026-05-15,live
2026-05-15T04:00:45,98,86,96,0,2026-05-15,live
2026-05-15T04:01:00,98,87,96,0,2026-05-15,live
2026-05-15T04:01:15,98,86,96,0,2026-05-15,live
2026-05-15T04:01:45,98,80,96,0,2026-05-15,live
2026-05-15T04:02:00,98,80,96,0,2026-05-15,live
2026-05-15T04:02:15,98,83,96,0,2026-05-15,live
2026-05-15T04:02:30,98,82,96,0,2026-05-15,live
2026-05-15T04:02:45,98,84,96,0,2026-05-15,live
2026-05-15T04:03:14,98,88,96,0,2026-05-15,live
2026-05-15T04:03:29,98,87,96,0,2026-05-15,live
2026-05-15T04:03:44,98,85,96,0,2026-05-15,live
2026-05-15T04:03:59,98,88,96,0,2026-05-15,live
2026-05-15T04:04:15,98,83,96,0,2026-05-15,live
2026-05-15T04:04:30,98,80,96,0,2026-05-15,live
2026-05-15T04:04:45,98,88,96,0,2026-05-15,live
2026-05-15T04:05:00,98,79,95,0,2026-05-15,live
2026-05-15T04:05:15,98,80,95,0,2026-05-15,live
2026-05-15T04:05:30,98,78,95,0,2026-05-15,live
2026-05-15T04:05:45,98,78,95,0,2026-05-15,live
2026-05-15T04:06:00,98,80,95,0,2026-05-15,live
2026-05-15T04:06:15,98,81,95,0,2026-05-15,live
2026-05-15T04:06:31,98,84,95,0,2026-05-15,live
2026-05-15T04:06:46,98,81,95,0,2026-05-15,live
2026-05-15T04:07:01,98,76,95,0,2026-05-15,live
2026-05-15T04:07:16,98,82,95,0,2026-05-15,live
2026-05-15T04:07:32,98,80,95,0,2026-05-15,live
2026-05-15T04:07:47,98,78,95,0,2026-05-15,live
2026-05-15T04:08:02,98,82,95,0,2026-05-15,live
2026-05-15T04:08:17,98,77,95,0,2026-05-15,live
2026-05-15T04:08:32,98,77,95,0,2026-05-15,live
2026-05-15T04:08:47,98,79,95,0,2026-05-15,live
2026-05-15T04:09:02,98,80,95,0,2026-05-15,live
2026-05-15T04:09:17,98,88,95,0,2026-05-15,live
2026-05-15T04:09:32,98,86,95,1,2026-05-15,live
2026-05-15T04:09:48,98,89,95,0,2026-05-15,live
2026-05-15T04:10:03,97,103,95,0,2026-05-15,live
2026-05-15T04:10:18,98,67,95,0,2026-05-15,live
2026-05-15T04:10:33,98,74,95,0,2026-05-15,live
2026-05-15T04:10:48,97,70,95,0,2026-05-15,live
2026-05-15T04:11:04,97,77,95,0,2026-05-15,live
2026-05-15T04:11:19,97,77,95,0,2026-05-15,live
2026-05-15T04:11:34,97,79,95,0,2026-05-15,live
2026-05-15T04:11:49,98,77,95,0,2026-05-15,live
2026-05-15T04:12:04,97,81,95,0,2026-05-15,live
2026-05-15T04:12:20,98,85,95,0,2026-05-15,live
2026-05-15T04:12:35,98,83,95,0,2026-05-15,live
2026-05-15T04:12:50,98,75,95,0,2026-05-15,live
2026-05-15T04:13:05,98,80,95,0,2026-05-15,live
2026-05-15T04:13:20,98,74,95,0,2026-05-15,live
2026-05-15T04:13:35,98,76,95,0,2026-05-15,live
2026-05-15T04:13:50,98,78,95,0,2026-05-15,live
2026-05-15T04:14:05,98,77,95,0,2026-05-15,live
2026-05-15T04:14:20,98,80,95,0,2026-05-15,live
2026-05-15T04:14:35,98,82,95,0,2026-05-15,live
2026-05-15T04:14:51,98,80,95,0,2026-05-15,live
2026-05-15T04:15:06,98,77,95,0,2026-05-15,live
2026-05-15T04:15:21,98,76,95,0,2026-05-15,live
2026-05-15T04:15:36,98,78,95,0,2026-05-15,live
2026-05-15T04:15:51,98,95,95,0,2026-05-15,live
2026-05-15T04:16:06,98,75,95,0,2026-05-15,live
2026-05-15T04:16:21,98,78,95,0,2026-05-15,live
2026-05-15T04:16:36,98,74,95,0,2026-05-15,live
2026-05-15T04:16:51,98,74,95,0,2026-05-15,live
2026-05-15T04:17:07,98,75,95,0,2026-05-15,live
2026-05-15T04:17:22,98,72,95,0,2026-05-15,live
2026-05-15T04:17:37,98,77,95,0,2026-05-15,live
2026-05-15T04:17:52,98,73,95,0,2026-05-15,live
2026-05-15T04:18:07,98,81,95,0,2026-05-15,live
2026-05-15T04:18:22,98,84,95,0,2026-05-15,live
2026-05-15T04:18:37,98,77,95,0,2026-05-15,live
2026-05-15T04:18:52,98,76,95,0,2026-05-15,live
2026-05-15T04:19:07,98,77,95,0,2026-05-15,live
2026-05-15T04:19:23,98,75,95,0,2026-05-15,live
2026-05-15T04:19:38,98,80,95,0,2026-05-15,live
2026-05-15T04:19:53,98,80,95,0,2026-05-15,live
2026-05-15T04:20:08,98,77,95,0,2026-05-15,live
2026-05-15T04:20:23,98,78,95,0,2026-05-15,live
2026-05-15T04:20:38,98,79,95,0,2026-05-15,live
2026-05-15T04:20:53,98,82,95,0,2026-05-15,live
2026-05-15T04:21:08,98,80,95,0,2026-05-15,live
2026-05-15T04:21:23,98,79,95,0,2026-05-15,live
2026-05-15T04:21:39,98,77,95,0,2026-05-15,live
2026-05-15T04:21:54,98,76,95,0,2026-05-15,live
2026-05-15T04:22:09,98,77,95,0,2026-05-15,live
2026-05-15T04:22:24,98,81,95,0,2026-05-15,live
2026-05-15T04:22:39,98,79,95,0,2026-05-15,live
2026-05-15T04:22:55,98,78,95,0,2026-05-15,live
2026-05-15T04:23:10,98,79,95,0,2026-05-15,live
2026-05-15T04:23:25,98,74,95,0,2026-05-15,live
2026-05-15T04:23:40,98,79,95,0,2026-05-15,live
2026-05-15T04:23:55,98,79,95,0,2026-05-15,live
2026-05-15T04:24:10,98,76,95,0,2026-05-15,live
2026-05-15T04:24:25,98,78,95,0,2026-05-15,live
2026-05-15T04:24:40,98,78,95,0,2026-05-15,live
2026-05-15T04:24:55,98,76,95,0,2026-05-15,live
2026-05-15T04:25:10,98,73,95,0,2026-05-15,live
2026-05-15T04:25:26,98,77,95,0,2026-05-15,live
2026-05-15T04:25:41,98,77,95,0,2026-05-15,live
2026-05-15T04:25:56,98,78,95,0,2026-05-15,live
2026-05-15T04:26:11,98,79,95,0,2026-05-15,live
2026-05-15T04:26:26,98,76,95,0,2026-05-15,live
2026-05-15T04:26:41,98,76,95,0,2026-05-15,live
2026-05-15T04:26:56,98,81,95,0,2026-05-15,live
2026-05-15T04:27:11,98,77,95,0,2026-05-15,live
2026-05-15T04:27:26,98,78,95,0,2026-05-15,live
2026-05-15T04:27:42,98,77,95,0,2026-05-15,live
2026-05-15T04:27:57,98,79,95,0,2026-05-15,live
2026-05-15T04:28:12,98,80,95,0,2026-05-15,live
2026-05-15T04:28:27,98,76,95,0,2026-05-15,live
2026-05-15T04:28:42,98,77,95,0,2026-05-15,live
2026-05-15T04:28:57,98,81,95,0,2026-05-15,live
2026-05-15T04:29:12,98,76,95,0,2026-05-15,live
2026-05-15T04:29:27,98,76,95,0,2026-05-15,live
2026-05-15T04:29:42,98,76,95,0,2026-05-15,live
2026-05-15T04:29:58,98,77,95,0,2026-05-15,live
2026-05-15T04:30:13,98,76,95,0,2026-05-15,live
2026-05-15T04:30:28,98,78,95,0,2026-05-15,live
2026-05-15T04:30:43,98,78,95,0,2026-05-15,live
2026-05-15T04:30:58,98,78,95,0,2026-05-15,live
2026-05-15T04:31:13,98,78,95,0,2026-05-15,live
2026-05-15T04:31:28,98,77,95,0,2026-05-15,live
2026-05-15T04:31:43,98,77,95,0,2026-05-15,live
2026-05-15T04:31:59,98,77,95,0,2026-05-15,live
2026-05-15T04:32:14,98,80,95,0,2026-05-15,live
2026-05-15T04:32:29,98,73,95,0,2026-05-15,live
2026-05-15T04:32:44,98,79,95,0,2026-05-15,live
2026-05-15T04:32:59,98,77,95,0,2026-05-15,live
2026-05-15T04:33:14,98,75,95,0,2026-05-15,live
2026-05-15T04:33:29,98,75,95,0,2026-05-15,live
2026-05-15T04:33:44,98,79,95,0,2026-05-15,live
2026-05-15T04:33:59,98,77,95,0,2026-05-15,live
2026-05-15T04:34:15,98,75,95,0,2026-05-15,live
2026-05-15T04:34:30,98,76,95,0,2026-05-15,live
2026-05-15T04:34:45,98,76,95,0,2026-05-15,live
2026-05-15T04:35:00,98,78,95,0,2026-05-15,live
2026-05-15T04:35:15,98,77,95,0,2026-05-15,live
2026-05-15T04:35:31,98,79,95,0,2026-05-15,live
2026-05-15T04:35:46,98,79,95,0,2026-05-15,live
2026-05-15T04:36:01,98,84,95,0,2026-05-15,live
2026-05-15T04:36:16,98,74,95,0,2026-05-15,live
2026-05-15T04:36:31,98,77,95,0,2026-05-15,live
2026-05-15T04:36:46,98,78,95,0,2026-05-15,live
2026-05-15T04:37:01,98,79,95,0,2026-05-15,live
2026-05-15T04:37:16,98,74,95,0,2026-05-15,live
2026-05-15T04:37:31,98,77,95,0,2026-05-15,live
2026-05-15T04:37:47,98,74,95,0,2026-05-15,live
2026-05-15T04:38:02,98,79,95,0,2026-05-15,live
2026-05-15T04:38:17,98,79,95,0,2026-05-15,live
2026-05-15T04:38:32,98,77,95,0,2026-05-15,live
2026-05-15T04:38:47,98,81,95,0,2026-05-15,live
2026-05-15T04:39:02,98,76,95,0,2026-05-15,live
2026-05-15T04:39:17,98,77,95,0,2026-05-15,live
2026-05-15T04:39:32,98,80,95,0,2026-05-15,live
2026-05-15T04:39:47,98,74,95,0,2026-05-15,live
2026-05-15T04:40:03,98,77,95,0,2026-05-15,live
2026-05-15T04:40:18,98,81,95,0,2026-05-15,live
2026-05-15T04:40:33,98,77,95,0,2026-05-15,live
2026-05-15T04:40:48,98,78,95,0,2026-05-15,live
2026-05-15T04:41:03,98,75,95,0,2026-05-15,live
2026-05-15T04:41:18,98,76,95,0,2026-05-15,live
2026-05-15T04:41:33,98,78,95,0,2026-05-15,live
2026-05-15T04:41:48,98,76,95,0,2026-05-15,live
2026-05-15T04:42:03,98,78,95,0,2026-05-15,live
2026-05-15T04:42:19,98,75,95,0,2026-05-15,live
2026-05-15T04:42:34,98,77,95,0,2026-05-15,live
2026-05-15T04:42:49,98,79,95,0,2026-05-15,live
2026-05-15T04:43:04,98,82,95,0,2026-05-15,live
2026-05-15T04:43:19,98,78,95,0,2026-05-15,live
2026-05-15T04:43:34,98,79,95,0,2026-05-15,live
2026-05-15T04:43:49,98,79,95,0,2026-05-15,live
2026-05-15T04:44:04,98,77,95,0,2026-05-15,live
2026-05-15T04:44:19,98,78,95,0,2026-05-15,live
2026-05-15T04:44:35,98,75,95,0,2026-05-15,live
2026-05-15T04:44:50,98,76,95,0,2026-05-15,live
2026-05-15T04:45:05,98,77,95,0,2026-05-15,live
2026-05-15T04:45:20,98,79,95,0,2026-05-15,live
2026-05-15T04:45:35,98,76,95,0,2026-05-15,live
2026-05-15T04:45:50,98,81,95,0,2026-05-15,live
2026-05-15T04:46:05,98,75,95,0,2026-05-15,live
2026-05-15T04:46:20,98,79,95,0,2026-05-15,live
2026-05-15T04:46:35,98,81,95,0,2026-05-15,live
2026-05-15T04:46:51,98,78,95,0,2026-05-15,live
2026-05-15T04:47:06,98,76,95,0,2026-05-15,live
2026-05-15T04:47:21,98,77,95,0,2026-05-15,live
2026-05-15T04:47:36,98,76,95,0,2026-05-15,live
2026-05-15T04:47:51,98,77,95,0,2026-05-15,live
2026-05-15T04:48:06,98,77,95,0,2026-05-15,live
2026-05-15T04:48:22,98,75,95,0,2026-05-15,live
2026-05-15T04:48:37,98,78,95,0,2026-05-15,live
2026-05-15T04:48:52,98,75,95,0,2026-05-15,live
2026-05-15T04:49:07,98,76,95,0,2026-05-15,live
2026-05-15T04:49:22,98,75,95,0,2026-05-15,live
2026-05-15T04:49:37,98,73,95,0,2026-05-15,live
2026-05-15T04:49:52,98,77,95,0,2026-05-15,live
2026-05-15T04:50:07,98,77,95,0,2026-05-15,live
2026-05-15T04:50:22,98,80,95,0,2026-05-15,live
2026-05-15T04:50:38,98,77,95,0,2026-05-15,live
2026-05-15T04:50:53,98,77,95,0,2026-05-15,live
2026-05-15T04:51:08,98,79,95,0,2026-05-15,live
2026-05-15T04:51:23,98,80,95,0,2026-05-15,live
2026-05-15T04:51:38,98,77,95,0,2026-05-15,live
2026-05-15T04:51:53,98,79,95,0,2026-05-15,live
2026-05-15T04:52:08,98,76,95,0,2026-05-15,live
2026-05-15T04:52:23,98,79,95,0,2026-05-15,live
2026-05-15T04:52:38,98,76,95,0,2026-05-15,live
2026-05-15T04:52:54,98,76,95,0,2026-05-15,live
2026-05-15T04:53:09,98,79,95,0,2026-05-15,live
2026-05-15T04:53:24,98,76,95,0,2026-05-15,live
2026-05-15T04:53:40,98,75,95,0,2026-05-15,live
2026-05-15T04:53:55,98,77,95,0,2026-05-15,live
2026-05-15T04:54:10,98,77,95,0,2026-05-15,live
2026-05-15T04:54:25,98,73,95,0,2026-05-15,live
2026-05-15T04:54:40,98,76,95,0,2026-05-15,live
2026-05-15T04:54:55,98,78,95,0,2026-05-15,live
2026-05-15T04:55:10,98,77,95,0,2026-05-15,live
2026-05-15T04:55:25,98,79,95,0,2026-05-15,live
2026-05-15T04:55:41,98,77,95,0,2026-05-15,live
2026-05-15T04:55:56,98,78,95,0,2026-05-15,live
2026-05-15T04:56:11,98,76,95,0,2026-05-15,live
2026-05-15T04:56:26,98,76,94,0,2026-05-15,live
2026-05-15T04:56:41,98,80,94,0,2026-05-15,live
2026-05-15T04:56:56,98,103,94,0,2026-05-15,live
2026-05-15T04:57:11,98,72,94,0,2026-05-15,live
2026-05-15T04:57:26,98,85,94,0,2026-05-15,live
2026-05-15T04:57:41,97,73,94,0,2026-05-15,live
2026-05-15T04:57:57,98,74,94,0,2026-05-15,live
2026-05-15T04:58:12,98,81,94,0,2026-05-15,live
2026-05-15T04:58:27,98,78,94,0,2026-05-15,live
2026-05-15T04:58:42,98,76,94,0,2026-05-15,live
2026-05-15T04:58:57,98,77,94,0,2026-05-15,live
2026-05-15T04:59:12,98,95,94,0,2026-05-15,live
2026-05-15T04:59:27,98,83,94,0,2026-05-15,live
2026-05-15T04:59:42,98,84,94,0,2026-05-15,live
2026-05-15T04:59:57,98,96,94,0,2026-05-15,live
2026-05-15T05:00:13,97,105,94,0,2026-05-15,live
2026-05-15T05:00:28,98,78,94,0,2026-05-15,live
2026-05-15T05:00:43,97,79,94,0,2026-05-15,live
2026-05-15T05:00:58,97,80,94,0,2026-05-15,live
2026-05-15T05:01:13,97,81,94,0,2026-05-15,live
2026-05-15T05:01:28,97,95,94,0,2026-05-15,live
2026-05-15T05:01:43,97,78,94,0,2026-05-15,live
2026-05-15T05:01:58,98,78,94,0,2026-05-15,live
2026-05-15T05:02:13,98,79,94,0,2026-05-15,live
2026-05-15T05:02:29,98,75,94,0,2026-05-15,live
2026-05-15T05:02:44,98,73,94,0,2026-05-15,live
2026-05-15T05:02:59,98,85,94,0,2026-05-15,live
2026-05-15T05:03:14,99,80,94,0,2026-05-15,live
2026-05-15T05:03:29,98,76,94,0,2026-05-15,live
2026-05-15T05:03:44,98,70,94,16,2026-05-15,live
2026-05-15T05:03:59,98,81,94,0,2026-05-15,live
2026-05-15T05:04:14,98,70,94,0,2026-05-15,live
2026-05-15T05:04:29,98,80,94,0,2026-05-15,live
2026-05-15T05:04:45,98,74,94,0,2026-05-15,live
2026-05-15T05:05:00,98,74,94,0,2026-05-15,live
2026-05-15T05:05:15,98,74,94,0,2026-05-15,live
2026-05-15T05:05:30,98,75,94,0,2026-05-15,live
2026-05-15T05:05:45,98,73,94,0,2026-05-15,live
2026-05-15T05:06:01,98,77,94,0,2026-05-15,live
2026-05-15T05:06:16,97,78,94,0,2026-05-15,live
2026-05-15T05:06:31,98,81,94,0,2026-05-15,live
2026-05-15T05:06:46,97,74,94,0,2026-05-15,live
2026-05-15T05:07:01,98,76,94,0,2026-05-15,live
2026-05-15T05:07:16,98,73,94,0,2026-05-15,live
2026-05-15T05:07:31,98,71,94,0,2026-05-15,live
2026-05-15T05:07:46,98,75,94,0,2026-05-15,live
2026-05-15T05:08:01,98,74,94,0,2026-05-15,live
2026-05-15T05:08:17,98,89,94,0,2026-05-15,live
2026-05-15T05:08:32,98,88,94,0,2026-05-15,live
2026-05-15T05:08:47,98,93,94,0,2026-05-15,live
2026-05-15T05:09:02,98,94,94,0,2026-05-15,live
2026-05-15T05:09:17,98,68,94,0,2026-05-15,live
2026-05-15T05:09:32,98,80,94,0,2026-05-15,live
2026-05-15T05:09:47,98,79,94,0,2026-05-15,live
2026-05-15T05:10:02,98,82,94,0,2026-05-15,live
2026-05-15T05:10:17,98,85,94,12,2026-05-15,live
2026-05-15T05:10:33,98,92,94,0,2026-05-15,live
2026-05-15T05:10:48,98,64,94,0,2026-05-15,live
2026-05-15T05:11:03,98,75,94,0,2026-05-15,live
2026-05-15T05:11:18,97,81,94,0,2026-05-15,live
2026-05-15T05:11:33,97,88,94,0,2026-05-15,live
2026-05-15T05:11:48,96,73,94,0,2026-05-15,live
2026-05-15T05:12:03,97,80,94,0,2026-05-15,live
2026-05-15T05:12:18,97,79,94,0,2026-05-15,live
2026-05-15T05:12:33,97,71,94,0,2026-05-15,live
2026-05-15T05:12:49,98,78,94,0,2026-05-15,live
2026-05-15T05:13:04,97,78,94,0,2026-05-15,live
2026-05-15T05:13:19,98,76,94,0,2026-05-15,live
2026-05-15T05:13:34,97,73,94,0,2026-05-15,live
2026-05-15T05:13:49,97,75,94,0,2026-05-15,live
2026-05-15T05:14:04,98,68,94,0,2026-05-15,live
2026-05-15T05:14:19,98,70,94,0,2026-05-15,live
2026-05-15T05:14:34,98,74,94,0,2026-05-15,live
2026-05-15T05:14:49,98,75,94,0,2026-05-15,live
2026-05-15T05:15:05,98,76,94,0,2026-05-15,live
2026-05-15T05:15:20,97,80,94,0,2026-05-15,live
2026-05-15T05:15:35,98,84,94,0,2026-05-15,live
2026-05-15T05:15:50,98,77,94,0,2026-05-15,live
2026-05-15T05:16:05,98,74,94,0,2026-05-15,live
2026-05-15T05:16:20,98,79,94,0,2026-05-15,live
2026-05-15T05:16:35,98,69,94,0,2026-05-15,live
2026-05-15T05:16:50,98,71,94,0,2026-05-15,live
2026-05-15T05:17:05,98,81,94,4,2026-05-15,live
2026-05-15T05:17:20,98,85,94,9,2026-05-15,live
2026-05-15T05:17:36,98,95,94,0,2026-05-15,live
2026-05-15T05:17:51,97,96,94,2,2026-05-15,live
2026-05-15T05:18:06,99,88,94,0,2026-05-15,live
2026-05-15T05:18:21,99,78,94,0,2026-05-15,live
2026-05-15T05:18:36,99,81,94,0,2026-05-15,live
2026-05-15T05:18:51,99,82,94,0,2026-05-15,live
2026-05-15T05:19:06,97,84,94,0,2026-05-15,live
2026-05-15T05:19:21,97,75,94,0,2026-05-15,live
2026-05-15T05:19:37,97,85,94,0,2026-05-15,live
2026-05-15T05:19:52,97,101,94,0,2026-05-15,live
2026-05-15T05:20:07,99,80,94,0,2026-05-15,live
2026-05-15T05:20:22,99,74,94,0,2026-05-15,live
2026-05-15T05:20:37,98,72,94,11,2026-05-15,live
2026-05-15T05:20:52,97,84,94,0,2026-05-15,live
2026-05-15T05:21:07,98,82,94,0,2026-05-15,live
2026-05-15T05:21:22,98,71,94,0,2026-05-15,live
2026-05-15T05:21:38,98,86,94,0,2026-05-15,live
2026-05-15T05:21:53,98,82,94,0,2026-05-15,live
2026-05-15T05:22:08,98,78,94,0,2026-05-15,live
2026-05-15T05:22:24,98,79,94,0,2026-05-15,live
2026-05-15T05:22:39,98,80,94,0,2026-05-15,live
2026-05-15T05:22:54,98,83,94,0,2026-05-15,live
2026-05-15T05:23:09,98,77,94,0,2026-05-15,live
2026-05-15T05:23:24,98,84,94,0,2026-05-15,live
2026-05-15T05:23:39,97,96,94,0,2026-05-15,live
2026-05-15T05:23:54,98,81,94,0,2026-05-15,live
2026-05-15T05:24:09,98,79,94,0,2026-05-15,live
2026-05-15T05:24:25,98,71,94,0,2026-05-15,live
2026-05-15T05:24:40,98,83,94,0,2026-05-15,live
2026-05-15T05:24:55,98,79,94,0,2026-05-15,live
2026-05-15T05:25:10,98,73,94,0,2026-05-15,live
2026-05-15T05:25:26,98,78,94,0,2026-05-15,live
2026-05-15T05:25:41,98,74,94,0,2026-05-15,live
2026-05-15T05:25:56,98,73,94,0,2026-05-15,live
2026-05-15T05:26:11,98,74,94,0,2026-05-15,live
2026-05-15T05:26:26,98,77,94,0,2026-05-15,live
2026-05-15T05:26:41,98,77,94,0,2026-05-15,live
2026-05-15T05:26:56,98,76,94,0,2026-05-15,live
2026-05-15T05:27:11,98,73,94,0,2026-05-15,live
2026-05-15T05:27:26,98,73,94,0,2026-05-15,live
2026-05-15T05:27:42,98,84,94,1,2026-05-15,live
2026-05-15T05:27:57,98,93,94,0,2026-05-15,live
2026-05-15T05:28:12,98,74,94,0,2026-05-15,live
2026-05-15T05:28:27,97,75,94,0,2026-05-15,live
2026-05-15T05:28:42,98,70,94,0,2026-05-15,live
2026-05-15T05:28:57,98,72,94,0,2026-05-15,live
2026-05-15T05:29:12,98,72,94,0,2026-05-15,live
2026-05-15T05:29:28,98,76,94,0,2026-05-15,live
2026-05-15T05:29:43,98,73,94,0,2026-05-15,live
2026-05-15T05:29:58,97,74,93,0,2026-05-15,live
2026-05-15T05:30:13,97,71,93,0,2026-05-15,live
2026-05-15T05:30:28,98,72,93,0,2026-05-15,live
2026-05-15T05:30:43,98,74,93,0,2026-05-15,live
2026-05-15T05:30:58,97,72,93,0,2026-05-15,live
2026-05-15T05:31:13,98,74,93,0,2026-05-15,live
2026-05-15T05:31:28,98,75,93,0,2026-05-15,live
2026-05-15T05:31:44,97,72,93,0,2026-05-15,live
2026-05-15T05:31:59,97,76,93,0,2026-05-15,live
2026-05-15T05:32:14,98,76,93,0,2026-05-15,live
2026-05-15T05:32:29,97,74,93,0,2026-05-15,live
2026-05-15T05:32:44,97,76,93,0,2026-05-15,live
2026-05-15T05:32:59,98,74,93,0,2026-05-15,live
2026-05-15T05:33:14,98,78,93,0,2026-05-15,live
2026-05-15T05:33:29,98,73,93,0,2026-05-15,live
2026-05-15T05:33:44,97,74,93,0,2026-05-15,live
2026-05-15T05:34:00,98,78,93,0,2026-05-15,live
2026-05-15T05:34:15,98,75,93,0,2026-05-15,live
2026-05-15T05:34:30,98,75,93,0,2026-05-15,live
2026-05-15T05:34:45,98,75,93,0,2026-05-15,live
2026-05-15T05:35:00,98,82,93,0,2026-05-15,live
2026-05-15T05:35:15,98,81,93,0,2026-05-15,live
2026-05-15T05:35:30,98,75,93,0,2026-05-15,live
2026-05-15T05:35:45,98,78,93,0,2026-05-15,live
2026-05-15T05:36:00,98,76,93,0,2026-05-15,live
2026-05-15T05:36:15,98,72,93,0,2026-05-15,live
2026-05-15T05:36:31,98,78,93,0,2026-05-15,live
2026-05-15T05:36:46,98,76,93,0,2026-05-15,live
2026-05-15T05:37:01,98,73,93,0,2026-05-15,live
2026-05-15T05:37:16,98,74,93,0,2026-05-15,live
2026-05-15T05:37:31,98,74,93,0,2026-05-15,live
2026-05-15T05:37:46,98,74,93,0,2026-05-15,live
2026-05-15T05:38:02,98,76,93,0,2026-05-15,live
2026-05-15T05:38:17,98,72,93,0,2026-05-15,live
2026-05-15T05:38:32,98,75,93,0,2026-05-15,live
2026-05-15T05:38:47,97,73,93,0,2026-05-15,live
2026-05-15T05:39:02,98,77,93,0,2026-05-15,live
2026-05-15T05:39:17,98,74,93,0,2026-05-15,live
2026-05-15T05:39:32,98,76,93,0,2026-05-15,live
2026-05-15T05:39:48,98,87,93,0,2026-05-15,live
2026-05-15T05:40:03,98,77,93,0,2026-05-15,live
2026-05-15T05:40:18,98,69,93,0,2026-05-15,live
2026-05-15T05:40:33,98,81,93,0,2026-05-15,live
2026-05-15T05:40:48,98,81,93,0,2026-05-15,live
2026-05-15T05:41:03,98,74,93,0,2026-05-15,live
2026-05-15T05:41:18,98,71,93,0,2026-05-15,live
2026-05-15T05:41:33,98,75,93,0,2026-05-15,live
2026-05-15T05:41:48,98,72,93,0,2026-05-15,live
2026-05-15T05:42:04,98,72,93,0,2026-05-15,live
2026-05-15T05:42:19,98,78,93,0,2026-05-15,live
2026-05-15T05:42:34,98,73,93,0,2026-05-15,live
2026-05-15T05:42:49,98,70,93,0,2026-05-15,live
2026-05-15T05:43:04,98,73,93,0,2026-05-15,live
2026-05-15T05:43:19,98,76,93,0,2026-05-15,live
2026-05-15T05:43:34,98,72,93,0,2026-05-15,live
2026-05-15T05:43:49,98,73,93,0,2026-05-15,live
2026-05-15T05:44:04,98,73,93,0,2026-05-15,live
2026-05-15T05:44:20,98,72,93,0,2026-05-15,live
2026-05-15T05:44:35,98,72,93,0,2026-05-15,live
2026-05-15T05:44:50,98,73,93,0,2026-05-15,live
2026-05-15T05:45:05,98,73,93,0,2026-05-15,live
2026-05-15T05:45:20,98,75,93,0,2026-05-15,live
2026-05-15T05:45:35,98,75,93,0,2026-05-15,live
2026-05-15T05:45:50,98,74,93,0,2026-05-15,live
2026-05-15T05:46:05,98,79,93,0,2026-05-15,live
2026-05-15T05:46:20,98,73,93,0,2026-05-15,live
2026-05-15T05:46:35,98,75,93,0,2026-05-15,live
2026-05-15T05:46:51,98,75,93,0,2026-05-15,live
2026-05-15T05:47:06,98,73,93,0,2026-05-15,live
2026-05-15T05:47:21,98,76,93,0,2026-05-15,live
2026-05-15T05:47:36,98,72,93,0,2026-05-15,live
2026-05-15T05:47:51,98,75,93,0,2026-05-15,live
2026-05-15T05:48:06,98,75,93,0,2026-05-15,live
2026-05-15T05:48:21,98,76,93,0,2026-05-15,live
2026-05-15T05:48:36,98,74,93,0,2026-05-15,live
2026-05-15T05:48:51,98,74,93,0,2026-05-15,live
2026-05-15T05:49:07,98,75,93,0,2026-05-15,live
2026-05-15T05:49:22,98,76,93,0,2026-05-15,live
2026-05-15T05:49:37,98,87,93,0,2026-05-15,live
2026-05-15T05:49:53,98,92,93,0,2026-05-15,live
2026-05-15T05:50:08,98,92,93,0,2026-05-15,live
2026-05-15T05:50:23,97,99,93,0,2026-05-15,live
2026-05-15T05:50:38,98,102,93,0,2026-05-15,live
2026-05-15T05:50:53,99,70,93,0,2026-05-15,live
2026-05-15T05:51:08,98,70,93,0,2026-05-15,live
2026-05-15T05:51:23,98,68,93,0,2026-05-15,live
2026-05-15T05:51:39,98,81,93,0,2026-05-15,live
2026-05-15T05:51:54,98,79,93,0,2026-05-15,live
2026-05-15T05:52:09,98,72,93,0,2026-05-15,live
2026-05-15T05:52:24,98,75,93,0,2026-05-15,live
2026-05-15T05:52:39,98,73,93,0,2026-05-15,live
2026-05-15T05:52:54,98,70,93,0,2026-05-15,live
2026-05-15T05:53:09,98,73,93,0,2026-05-15,live
2026-05-15T05:53:24,98,73,93,0,2026-05-15,live
2026-05-15T05:53:39,98,73,93,0,2026-05-15,live
2026-05-15T05:53:55,98,74,93,0,2026-05-15,live
2026-05-15T05:54:10,98,72,93,0,2026-05-15,live
2026-05-15T05:54:25,98,76,93,0,2026-05-15,live
2026-05-15T05:54:40,98,78,93,0,2026-05-15,live
2026-05-15T05:54:55,98,77,93,0,2026-05-15,live
2026-05-15T05:55:10,98,78,93,0,2026-05-15,live
2026-05-15T05:55:25,98,79,93,0,2026-05-15,live
2026-05-15T05:55:40,98,83,93,0,2026-05-15,live
2026-05-15T05:55:56,98,85,93,0,2026-05-15,live
2026-05-15T05:56:11,98,85,93,0,2026-05-15,live
2026-05-15T05:56:26,98,86,93,0,2026-05-15,live
2026-05-15T05:56:42,98,88,93,0,2026-05-15,live
2026-05-15T05:56:57,98,87,93,0,2026-05-15,live
2026-05-15T05:57:12,98,85,93,0,2026-05-15,live
2026-05-15T05:57:27,98,92,93,0,2026-05-15,live
2026-05-15T05:57:42,98,89,93,0,2026-05-15,live
2026-05-15T05:57:57,98,86,93,0,2026-05-15,live
2026-05-15T05:58:12,98,89,93,0,2026-05-15,live
2026-05-15T05:58:27,98,88,93,0,2026-05-15,live
2026-05-15T05:58:42,97,108,93,0,2026-05-15,live
2026-05-15T05:58:58,97,74,93,0,2026-05-15,live
2026-05-15T05:59:13,97,79,93,0,2026-05-15,live
2026-05-15T05:59:28,97,77,93,0,2026-05-15,live
2026-05-15T05:59:43,97,76,93,0,2026-05-15,live
2026-05-15T05:59:59,96,76,93,0,2026-05-15,live
2026-05-15T06:00:14,96,75,93,0,2026-05-15,live
2026-05-15T06:00:29,97,75,93,0,2026-05-15,live
2026-05-15T06:00:44,97,79,93,0,2026-05-15,live
2026-05-15T06:00:59,97,80,93,0,2026-05-15,live
2026-05-15T06:01:14,97,82,93,0,2026-05-15,live
2026-05-15T06:01:29,97,85,93,0,2026-05-15,live
2026-05-15T06:01:44,97,85,93,0,2026-05-15,live
2026-05-15T06:02:00,97,81,93,0,2026-05-15,live
2026-05-15T06:02:15,97,80,93,4,2026-05-15,live
2026-05-15T06:02:30,98,99,93,0,2026-05-15,live
2026-05-15T06:02:45,98,79,93,0,2026-05-15,live
2026-05-15T06:03:00,98,75,93,0,2026-05-15,live
2026-05-15T06:03:15,98,73,93,0,2026-05-15,live
2026-05-15T06:03:30,98,79,93,0,2026-05-15,live
2026-05-15T06:03:45,98,80,93,0,2026-05-15,live
2026-05-15T06:04:01,98,75,93,0,2026-05-15,live
2026-05-15T06:04:16,98,73,93,0,2026-05-15,live
2026-05-15T06:04:31,98,73,93,0,2026-05-15,live
2026-05-15T06:04:46,98,84,93,6,2026-05-15,live
2026-05-15T06:05:01,97,95,93,2,2026-05-15,live
2026-05-15T06:05:16,98,94,93,0,2026-05-15,live
2026-05-15T06:05:31,99,75,93,0,2026-05-15,live
2026-05-15T06:05:46,98,72,93,0,2026-05-15,live
2026-05-15T06:06:01,97,75,93,0,2026-05-15,live
2026-05-15T06:06:17,98,77,93,0,2026-05-15,live
2026-05-15T06:06:32,98,79,93,0,2026-05-15,live
2026-05-15T06:06:47,98,84,93,0,2026-05-15,live
2026-05-15T06:07:02,98,77,93,0,2026-05-15,live
2026-05-15T06:07:17,97,74,93,0,2026-05-15,live
2026-05-15T06:07:32,97,73,93,0,2026-05-15,live
2026-05-15T06:07:47,98,79,93,0,2026-05-15,live
2026-05-15T06:08:02,97,77,93,0,2026-05-15,live
2026-05-15T06:08:17,97,74,93,0,2026-05-15,live
2026-05-15T06:08:33,97,75,93,0,2026-05-15,live
2026-05-15T06:08:48,97,73,93,0,2026-05-15,live
2026-05-15T06:09:03,97,76,93,0,2026-05-15,live
2026-05-15T06:09:18,97,77,93,0,2026-05-15,live
2026-05-15T06:09:33,98,80,93,0,2026-05-15,live
2026-05-15T06:09:48,98,78,93,0,2026-05-15,live
2026-05-15T06:10:03,98,72,93,0,2026-05-15,live
2026-05-15T06:10:18,97,72,93,0,2026-05-15,live
2026-05-15T06:10:34,97,76,93,0,2026-05-15,live
2026-05-15T06:10:49,97,80,93,0,2026-05-15,live
2026-05-15T06:11:04,97,80,93,0,2026-05-15,live
2026-05-15T06:11:19,98,77,93,0,2026-05-15,live
2026-05-15T06:11:34,97,78,93,0,2026-05-15,live
2026-05-15T06:11:49,98,78,93,0,2026-05-15,live
2026-05-15T06:12:04,98,79,93,0,2026-05-15,live
2026-05-15T06:12:20,97,73,93,0,2026-05-15,live
2026-05-15T06:12:35,97,76,93,0,2026-05-15,live
2026-05-15T06:12:50,97,76,93,0,2026-05-15,live
2026-05-15T06:13:05,97,78,93,0,2026-05-15,live
2026-05-15T06:13:20,97,78,93,0,2026-05-15,live
2026-05-15T06:13:35,97,81,93,0,2026-05-15,live
2026-05-15T06:13:50,97,78,93,0,2026-05-15,live
2026-05-15T06:14:06,97,77,93,0,2026-05-15,live
2026-05-15T06:14:21,97,78,93,0,2026-05-15,live
2026-05-15T06:14:36,98,79,93,0,2026-05-15,live
2026-05-15T06:14:51,98,82,93,0,2026-05-15,live
2026-05-15T06:15:06,98,82,93,0,2026-05-15,live
2026-05-15T06:15:21,98,82,93,0,2026-05-15,live
2026-05-15T06:15:36,98,85,93,0,2026-05-15,live
2026-05-15T06:15:52,98,87,93,0,2026-05-15,live
2026-05-15T06:16:07,98,85,93,0,2026-05-15,live
2026-05-15T06:16:22,98,81,93,0,2026-05-15,live
2026-05-15T06:16:37,98,83,93,0,2026-05-15,live
2026-05-15T06:16:52,98,76,93,0,2026-05-15,live
2026-05-15T06:17:07,97,73,93,0,2026-05-15,live
2026-05-15T06:17:22,98,78,92,0,2026-05-15,live
2026-05-15T06:17:37,98,79,92,0,2026-05-15,live
2026-05-15T06:17:52,98,78,92,0,2026-05-15,live
2026-05-15T06:18:08,98,80,92,0,2026-05-15,live
2026-05-15T06:18:23,97,82,92,0,2026-05-15,live
2026-05-15T06:18:38,98,82,92,0,2026-05-15,live
2026-05-15T06:18:53,98,79,92,0,2026-05-15,live
2026-05-15T06:19:08,98,82,92,0,2026-05-15,live
2026-05-15T06:19:23,98,84,92,0,2026-05-15,live
2026-05-15T06:19:38,98,88,92,0,2026-05-15,live
2026-05-15T06:19:54,98,88,92,0,2026-05-15,live
2026-05-15T06:20:09,98,90,92,4,2026-05-15,live
2026-05-15T06:20:24,98,104,92,0,2026-05-15,live
2026-05-15T06:20:39,98,77,92,0,2026-05-15,live
2026-05-15T06:20:54,98,78,92,0,2026-05-15,live
2026-05-15T06:21:09,98,80,92,0,2026-05-15,live
2026-05-15T06:21:24,98,81,92,0,2026-05-15,live
2026-05-15T06:21:39,98,75,92,0,2026-05-15,live
2026-05-15T06:21:54,98,79,92,0,2026-05-15,live
2026-05-15T06:22:10,98,77,92,0,2026-05-15,live
2026-05-15T06:22:25,98,80,92,0,2026-05-15,live
2026-05-15T06:22:40,98,79,92,0,2026-05-15,live
2026-05-15T06:22:55,98,79,92,0,2026-05-15,live
2026-05-15T06:23:10,98,81,92,0,2026-05-15,live
2026-05-15T06:23:25,98,85,92,0,2026-05-15,live
2026-05-15T06:23:40,98,77,92,0,2026-05-15,live
2026-05-15T06:23:55,98,76,92,0,2026-05-15,live
2026-05-15T06:24:10,98,76,92,0,2026-05-15,live
2026-05-15T06:24:26,98,73,92,0,2026-05-15,live
2026-05-15T06:24:41,98,73,92,0,2026-05-15,live
2026-05-15T06:24:56,98,69,92,0,2026-05-15,live
2026-05-15T06:25:11,98,75,92,0,2026-05-15,live
2026-05-15T06:25:26,98,74,92,0,2026-05-15,live
2026-05-15T06:25:42,98,75,92,0,2026-05-15,live
2026-05-15T06:25:57,98,74,92,0,2026-05-15,live
2026-05-15T06:26:12,98,75,92,0,2026-05-15,live
2026-05-15T06:26:27,98,74,92,0,2026-05-15,live
2026-05-15T06:26:42,98,75,92,0,2026-05-15,live
2026-05-15T06:26:57,98,75,92,0,2026-05-15,live
2026-05-15T06:27:13,98,76,92,0,2026-05-15,live
2026-05-15T06:27:28,98,76,92,0,2026-05-15,live
2026-05-15T06:27:43,98,72,92,0,2026-05-15,live
2026-05-15T06:27:58,98,78,92,0,2026-05-15,live
2026-05-15T06:28:13,98,80,92,0,2026-05-15,live
2026-05-15T06:28:28,98,76,92,0,2026-05-15,live
2026-05-15T06:28:43,98,74,92,0,2026-05-15,live
2026-05-15T06:28:58,98,75,92,0,2026-05-15,live
2026-05-15T06:29:14,98,73,92,0,2026-05-15,live
2026-05-15T06:29:29,98,73,92,0,2026-05-15,live
2026-05-15T06:29:44,98,75,92,0,2026-05-15,live
2026-05-15T06:29:59,98,74,92,0,2026-05-15,live
2026-05-15T06:30:15,97,76,92,17,2026-05-15,live
2026-05-15T06:30:30,97,94,92,3,2026-05-15,live
2026-05-15T06:30:45,97,102,92,3,2026-05-15,live
2026-05-15T06:31:00,98,103,92,3,2026-05-15,live
2026-05-15T06:31:15,98,101,92,0,2026-05-15,live
2026-05-15T06:31:30,97,102,92,0,2026-05-15,live
2026-05-15T06:31:45,98,99,92,0,2026-05-15,live
2026-05-15T06:32:00,97,89,92,0,2026-05-15,live
2026-05-15T06:32:16,98,92,92,0,2026-05-15,live
2026-05-15T06:32:31,98,89,92,8,2026-05-15,live
2026-05-15T06:32:46,98,87,92,0,2026-05-15,live
2026-05-15T06:33:01,98,77,92,0,2026-05-15,live
2026-05-15T06:33:16,98,83,92,12,2026-05-15,live
2026-05-15T06:33:31,98,97,92,0,2026-05-15,live
2026-05-15T06:33:46,98,90,92,0,2026-05-15,live
2026-05-15T06:34:01,98,84,92,3,2026-05-15,live
2026-05-15T06:34:16,98,89,92,0,2026-05-15,live
2026-05-15T06:34:32,98,92,92,0,2026-05-15,live
2026-05-15T06:34:47,98,89,92,0,2026-05-15,live
2026-05-15T06:35:02,98,88,92,0,2026-05-15,live
2026-05-15T06:35:17,98,88,92,0,2026-05-15,live
2026-05-15T06:35:32,98,85,92,0,2026-05-15,live
2026-05-15T06:35:47,97,85,92,0,2026-05-15,live
2026-05-15T06:36:02,97,85,92,0,2026-05-15,live
2026-05-15T06:36:17,97,84,92,8,2026-05-15,live
2026-05-15T06:36:32,98,97,92,1,2026-05-15,live
2026-05-15T06:36:48,98,99,92,0,2026-05-15,live
2026-05-15T06:37:03,97,103,92,0,2026-05-15,live
2026-05-15T06:37:18,97,103,92,2,2026-05-15,live
2026-05-15T06:37:33,96,99,92,6,2026-05-15,live
2026-05-15T06:37:48,97,102,92,0,2026-05-15,live
2026-05-15T06:38:03,97,99,92,0,2026-05-15,live
2026-05-15T06:38:18,97,97,92,2,2026-05-15,live
2026-05-15T06:38:33,97,93,92,0,2026-05-15,live
2026-05-15T06:38:48,97,87,92,0,2026-05-15,live
2026-05-15T06:39:04,97,87,92,0,2026-05-15,live
2026-05-15T06:39:19,97,88,92,0,2026-05-15,live
2026-05-15T06:39:34,97,87,92,5,2026-05-15,live
2026-05-15T06:39:49,98,82,92,0,2026-05-15,live
2026-05-15T06:40:04,98,85,92,0,2026-05-15,live
2026-05-15T06:40:19,98,89,92,0,2026-05-15,live
2026-05-15T06:40:34,97,89,92,0,2026-05-15,live
2026-05-15T06:40:49,98,85,92,0,2026-05-15,live
2026-05-15T06:41:04,98,88,92,0,2026-05-15,live
2026-05-15T06:41:20,98,82,92,0,2026-05-15,live
2026-05-15T06:41:35,97,81,92,0,2026-05-15,live
2026-05-15T06:41:50,97,87,92,1,2026-05-15,live
2026-05-15T06:42:05,97,86,92,0,2026-05-15,live
2026-05-15T06:42:20,97,87,92,0,2026-05-15,live
2026-05-15T06:42:35,97,89,92,0,2026-05-15,live
2026-05-15T06:42:50,97,84,92,0,2026-05-15,live
2026-05-15T06:43:05,98,83,92,0,2026-05-15,live
2026-05-15T06:43:20,97,85,92,0,2026-05-15,live
2026-05-15T06:43:35,97,86,92,0,2026-05-15,live
2026-05-15T06:43:51,97,82,92,0,2026-05-15,live
2026-05-15T06:44:06,97,89,92,0,2026-05-15,live
2026-05-15T06:44:21,97,82,92,0,2026-05-15,live
2026-05-15T06:44:36,97,82,92,2,2026-05-15,live
2026-05-15T06:44:51,98,87,92,0,2026-05-15,live
2026-05-15T06:45:06,98,87,92,1,2026-05-15,live
2026-05-15T06:45:21,98,88,92,0,2026-05-15,live
2026-05-15T06:45:36,97,90,92,1,2026-05-15,live
2026-05-15T06:45:51,97,88,92,2,2026-05-15,live
2026-05-15T06:46:07,97,85,92,0,2026-05-15,live
2026-05-15T06:46:22,97,84,92,0,2026-05-15,live
2026-05-15T06:46:37,97,82,92,2,2026-05-15,live
2026-05-15T06:46:52,97,85,92,1,2026-05-15,live
2026-05-15T06:47:07,97,84,92,0,2026-05-15,live
2026-05-15T06:47:22,97,84,92,0,2026-05-15,live
2026-05-15T06:47:37,97,85,92,0,2026-05-15,live
2026-05-15T06:47:52,98,85,92,0,2026-05-15,live
2026-05-15T06:48:07,97,86,92,0,2026-05-15,live
2026-05-15T06:48:23,98,87,92,1,2026-05-15,live
2026-05-15T06:48:38,98,87,92,1,2026-05-15,live
2026-05-15T06:48:53,97,86,92,0,2026-05-15,live
2026-05-15T06:49:08,97,85,92,0,2026-05-15,live
2026-05-15T06:49:23,97,81,92,0,2026-05-15,live
2026-05-15T06:49:38,97,85,92,0,2026-05-15,live
2026-05-15T06:49:53,97,88,92,6,2026-05-15,live
2026-05-15T06:50:08,98,94,92,0,2026-05-15,live
2026-05-15T06:50:23,98,76,92,0,2026-05-15,live
2026-05-15T06:50:39,98,75,92,0,2026-05-15,live
2026-05-15T06:50:54,97,85,92,0,2026-05-15,live
2026-05-15T06:51:09,98,82,92,0,2026-05-15,live
2026-05-15T06:51:24,98,82,92,1,2026-05-15,live
2026-05-15T06:51:39,98,83,92,0,2026-05-15,live
2026-05-15T06:51:54,98,83,92,0,2026-05-15,live
2026-05-15T06:52:09,98,84,92,0,2026-05-15,live
2026-05-15T06:52:24,98,84,92,0,2026-05-15,live
2026-05-15T06:52:39,98,87,92,0,2026-05-15,live
2026-05-15T06:52:55,98,86,92,8,2026-05-15,live
2026-05-15T06:53:10,98,81,92,0,2026-05-15,live
2026-05-15T06:53:25,98,81,92,1,2026-05-15,live
2026-05-15T06:53:40,98,87,92,0,2026-05-15,live
2026-05-15T06:53:55,98,83,92,0,2026-05-15,live
2026-05-15T06:54:10,97,82,92,1,2026-05-15,live
2026-05-15T06:54:25,97,84,92,1,2026-05-15,live
2026-05-15T06:54:40,97,84,92,0,2026-05-15,live
2026-05-15T06:54:55,98,83,92,0,2026-05-15,live
2026-05-15T06:55:11,98,81,92,0,2026-05-15,live
2026-05-15T06:55:26,98,82,92,0,2026-05-15,live
2026-05-15T06:55:41,97,88,92,1,2026-05-15,live
2026-05-15T06:55:56,97,86,92,1,2026-05-15,live
2026-05-15T06:56:11,97,88,92,0,2026-05-15,live
2026-05-15T06:56:26,98,71,92,0,2026-05-15,live
2026-05-15T06:56:41,98,81,92,0,2026-05-15,live
2026-05-15T06:56:56,98,81,92,0,2026-05-15,live
2026-05-15T06:57:11,98,86,92,2,2026-05-15,live
2026-05-15T06:57:27,98,86,92,0,2026-05-15,live
2026-05-15T06:57:42,98,83,92,0,2026-05-15,live
2026-05-15T06:57:57,98,84,92,0,2026-05-15,live
2026-05-15T06:58:12,98,86,92,0,2026-05-15,live
2026-05-15T06:58:27,98,85,92,0,2026-05-15,live
2026-05-15T06:58:42,98,84,92,0,2026-05-15,live
2026-05-15T06:58:57,98,85,92,4,2026-05-15,live
2026-05-15T06:59:12,98,86,92,0,2026-05-15,live
2026-05-15T06:59:28,98,82,92,0,2026-05-15,live
2026-05-15T06:59:43,98,83,92,0,2026-05-15,live
2026-05-15T06:59:58,98,85,92,0,2026-05-15,live
2026-05-15T07:00:13,98,86,92,0,2026-05-15,live
2026-05-15T07:00:28,98,91,92,3,2026-05-15,live
2026-05-15T07:00:43,98,96,92,0,2026-05-15,live
2026-05-15T07:00:58,98,84,92,0,2026-05-15,live
2026-05-15T07:01:13,98,88,92,0,2026-05-15,live
2026-05-15T07:01:28,98,80,92,0,2026-05-15,live
2026-05-15T07:01:44,98,81,92,0,2026-05-15,live
2026-05-15T07:01:59,98,81,92,2,2026-05-15,live
2026-05-15T07:02:14,98,86,92,0,2026-05-15,live
2026-05-15T07:02:29,98,91,92,0,2026-05-15,live
2026-05-15T07:02:44,97,84,92,1,2026-05-15,live
2026-05-15T07:02:59,98,81,92,0,2026-05-15,live
2026-05-15T07:03:14,98,86,92,1,2026-05-15,live
2026-05-15T07:03:29,98,84,92,1,2026-05-15,live
2026-05-15T07:03:44,98,85,91,1,2026-05-15,live
2026-05-15T07:04:00,98,85,91,19,2026-05-15,live
2026-05-15T07:04:15,98,88,91,1,2026-05-15,live
2026-05-15T07:04:30,98,89,91,0,2026-05-15,live
2026-05-15T07:04:45,98,82,91,0,2026-05-15,live
2026-05-15T07:05:00,98,84,91,9,2026-05-15,live
2026-05-15T07:05:15,127,0,91,2,2026-05-15,live
2026-05-15T07:05:30,127,0,91,2,2026-05-15,live
2026-05-15T07:05:45,127,0,91,2,2026-05-15,live
2026-05-15T07:06:01,127,0,91,2,2026-05-15,live
2026-05-15T07:06:16,127,0,91,2,2026-05-15,live
2026-05-15T07:06:31,127,0,91,2,2026-05-15,live
2026-05-15T07:06:46,127,0,91,2,2026-05-15,live
2026-05-15T07:07:01,127,0,91,2,2026-05-15,live
2026-05-15T07:07:16,127,0,91,2,2026-05-15,live
2026-05-15T07:07:31,127,0,91,2,2026-05-15,live
2026-05-15T07:07:46,127,0,91,2,2026-05-15,live
2026-05-15T07:08:01,127,0,91,2,2026-05-15,live
2026-05-15T07:08:16,127,0,91,2,2026-05-15,live
2026-05-15T07:08:32,127,0,91,2,2026-05-15,live
2026-05-15T07:08:47,127,0,91,2,2026-05-15,live
2026-05-15T07:09:02,127,0,91,2,2026-05-15,live
2026-05-15T07:09:17,127,0,91,2,2026-05-15,live
2026-05-15T07:09:32,127,0,91,2,2026-05-15,live
2026-05-15T07:09:47,127,0,91,2,2026-05-15,live
2026-05-15T07:10:02,127,0,91,2,2026-05-15,live
2026-05-15T07:10:17,127,0,91,2,2026-05-15,live
2026-05-15T07:10:32,127,0,91,2,2026-05-15,live
2026-05-15T07:10:48,127,0,91,2,2026-05-15,live
2026-05-15T07:11:03,127,0,91,2,2026-05-15,live
2026-05-15T07:11:18,127,0,91,2,2026-05-15,live
2026-05-15T07:11:33,127,0,91,2,2026-05-15,live
2026-05-15T07:11:48,127,0,91,2,2026-05-15,live
2026-05-15T07:12:03,127,0,91,2,2026-05-15,live
2026-05-15T07:12:18,127,0,91,2,2026-05-15,live
2026-05-15T07:12:33,127,0,91,2,2026-05-15,live
2026-05-15T07:12:48,127,0,91,2,2026-05-15,live
2026-05-15T07:13:03,127,0,91,2,2026-05-15,live
2026-05-15T07:13:19,127,0,91,2,2026-05-15,live
2026-05-15T07:13:34,127,0,91,2,2026-05-15,live
2026-05-15T07:13:49,127,0,91,2,2026-05-15,live
2026-05-15T07:14:04,127,0,91,2,2026-05-15,live
2026-05-15T07:14:19,127,0,91,2,2026-05-15,live
2026-05-15T07:14:34,127,0,91,2,2026-05-15,live
2026-05-15T07:14:49,127,0,91,2,2026-05-15,live
2026-05-15T07:15:04,127,0,91,2,2026-05-15,live
2026-05-15T07:15:19,127,0,91,2,2026-05-15,live
2026-05-15T07:15:35,127,0,91,2,2026-05-15,live
2026-05-15T07:15:50,127,0,91,2,2026-05-15,live
2026-05-15T07:16:05,127,0,91,2,2026-05-15,live
2026-05-15T07:16:20,127,0,91,2,2026-05-15,live
2026-05-15T07:16:35,127,0,91,2,2026-05-15,live
2026-05-15T07:16:50,127,0,91,2,2026-05-15,live
2026-05-15T07:17:05,127,0,91,2,2026-05-15,live
2026-05-15T07:17:20,127,0,91,2,2026-05-15,live
2026-05-15T07:17:35,127,0,91,2,2026-05-15,live
2026-05-15T07:17:50,127,0,91,2,2026-05-15,live
2026-05-15T07:18:06,127,0,91,2,2026-05-15,live
2026-05-15T07:18:21,127,0,91,2,2026-05-15,live
2026-05-15T07:18:36,127,0,91,2,2026-05-15,live
2026-05-15T07:18:51,127,0,91,2,2026-05-15,live
2026-05-15T07:19:06,127,0,91,2,2026-05-15,live
2026-05-15T07:19:21,127,0,91,2,2026-05-15,live
2026-05-15T07:19:36,127,0,91,2,2026-05-15,live
2026-05-15T07:19:51,127,0,91,2,2026-05-15,live
2026-05-15T07:20:06,127,0,91,2,2026-05-15,live
2026-05-15T07:20:22,127,0,91,2,2026-05-15,live
2026-05-15T07:20:37,127,0,91,2,2026-05-15,live
2026-05-15T07:20:52,127,0,91,2,2026-05-15,live
2026-05-15T07:21:07,127,0,91,2,2026-05-15,live
2026-05-16T01:19:03,97,93,95,0,2026-05-16,live
2026-05-16T01:19:18,98,91,95,1,2026-05-16,live
2026-05-16T01:19:33,98,92,95,6,2026-05-16,live
2026-05-16T01:19:48,97,94,95,0,2026-05-16,live
2026-05-16T01:20:03,97,94,95,0,2026-05-16,live
2026-05-16T01:20:18,97,88,95,0,2026-05-16,live
2026-05-16T01:20:33,97,87,95,0,2026-05-16,live
2026-05-16T01:20:48,97,86,95,0,2026-05-16,live
2026-05-16T01:21:03,96,88,95,0,2026-05-16,live
2026-05-16T01:21:19,96,89,95,14,2026-05-16,live
2026-05-16T01:21:34,97,93,95,0,2026-05-16,live
2026-05-16T01:21:49,97,91,95,0,2026-05-16,live
2026-05-16T01:22:04,97,91,95,0,2026-05-16,live
2026-05-16T01:22:19,97,92,95,0,2026-05-16,live
2026-05-16T01:22:34,97,91,95,0,2026-05-16,live
2026-05-16T01:22:49,97,95,95,0,2026-05-16,live
2026-05-16T01:23:04,97,90,95,0,2026-05-16,live
2026-05-16T01:23:19,97,90,95,9,2026-05-16,live
2026-05-16T01:23:34,97,90,95,0,2026-05-16,live
2026-05-16T01:23:50,97,87,95,0,2026-05-16,live
2026-05-16T01:24:05,97,91,95,2,2026-05-16,live
2026-05-16T01:24:20,97,90,95,5,2026-05-16,live
2026-05-16T01:24:35,97,91,95,0,2026-05-16,live
2026-05-16T01:24:50,98,93,95,8,2026-05-16,live
2026-05-16T01:25:05,98,94,95,0,2026-05-16,live
2026-05-16T01:25:20,98,94,95,0,2026-05-16,live
2026-05-16T01:25:35,98,88,95,3,2026-05-16,live
2026-05-16T01:25:51,98,86,95,2,2026-05-16,live
2026-05-16T01:26:06,98,89,95,2,2026-05-16,live
2026-05-16T01:26:21,98,90,95,0,2026-05-16,live
2026-05-16T01:26:36,97,91,95,6,2026-05-16,live
2026-05-16T01:26:51,97,91,94,1,2026-05-16,live
2026-05-16T01:27:06,96,92,94,0,2026-05-16,live
2026-05-16T01:27:21,96,88,94,0,2026-05-16,live
2026-05-16T01:27:36,96,93,94,1,2026-05-16,live
2026-05-16T01:27:52,96,88,94,6,2026-05-16,live
2026-05-16T01:28:07,97,91,94,0,2026-05-16,live
2026-05-16T01:28:22,96,91,94,1,2026-05-16,live
2026-05-16T01:28:37,96,92,94,1,2026-05-16,live
2026-05-16T01:28:52,96,95,94,0,2026-05-16,live
2026-05-16T01:29:07,96,94,94,0,2026-05-16,live
2026-05-16T01:29:22,96,98,94,0,2026-05-16,live
2026-05-16T01:29:37,96,99,94,0,2026-05-16,live
2026-05-16T01:29:52,96,92,94,4,2026-05-16,live
2026-05-16T01:30:07,96,95,94,1,2026-05-16,live
2026-05-16T01:30:23,96,96,94,0,2026-05-16,live
2026-05-16T01:30:38,96,93,94,0,2026-05-16,live
2026-05-16T01:30:53,96,87,94,0,2026-05-16,live
2026-05-16T01:31:08,96,89,94,1,2026-05-16,live
2026-05-16T01:31:23,96,91,94,0,2026-05-16,live
2026-05-16T01:31:38,96,89,94,0,2026-05-16,live
2026-05-16T01:31:53,96,89,94,2,2026-05-16,live
2026-05-16T01:32:08,96,91,94,0,2026-05-16,live
2026-05-16T01:32:23,96,86,94,0,2026-05-16,live
2026-05-16T01:32:39,96,91,94,7,2026-05-16,live
2026-05-16T01:32:54,96,99,94,0,2026-05-16,live
2026-05-16T01:33:09,96,93,94,0,2026-05-16,live
2026-05-16T01:33:24,96,93,94,0,2026-05-16,live
2026-05-16T01:33:39,96,87,94,1,2026-05-16,live
2026-05-16T01:33:54,96,88,94,1,2026-05-16,live
2026-05-16T01:34:09,96,90,94,0,2026-05-16,live
2026-05-16T01:34:24,96,88,94,2,2026-05-16,live
2026-05-16T01:34:39,94,102,94,3,2026-05-16,live
2026-05-16T01:34:55,95,105,94,0,2026-05-16,live
2026-05-16T01:35:10,96,97,94,0,2026-05-16,live
2026-05-16T01:35:25,96,98,94,2,2026-05-16,live
2026-05-16T01:35:40,97,100,94,0,2026-05-16,live
2026-05-16T01:35:55,97,91,94,0,2026-05-16,live
2026-05-16T01:36:10,96,91,94,6,2026-05-16,live
2026-05-16T01:36:25,96,92,94,4,2026-05-16,live
2026-05-16T01:36:40,95,94,94,5,2026-05-16,live
2026-05-16T01:36:55,96,95,94,0,2026-05-16,live
2026-05-16T01:37:10,95,98,94,0,2026-05-16,live
2026-05-16T01:37:26,95,97,94,1,2026-05-16,live
2026-05-16T01:37:41,96,89,94,2,2026-05-16,live
2026-05-16T01:37:56,97,93,94,5,2026-05-16,live
2026-05-16T01:38:11,96,87,94,8,2026-05-16,live
2026-05-16T01:38:26,96,92,94,2,2026-05-16,live
2026-05-16T01:38:41,96,90,94,0,2026-05-16,live
2026-05-16T01:38:56,96,83,94,0,2026-05-16,live
2026-05-16T01:39:11,96,87,94,0,2026-05-16,live
2026-05-16T01:39:27,96,95,94,1,2026-05-16,live
2026-05-16T01:39:57,98,88,94,0,2026-05-16,live
2026-05-16T01:40:12,96,87,94,0,2026-05-16,live
2026-05-16T01:40:27,96,91,94,0,2026-05-16,live
2026-05-16T01:40:42,96,94,94,0,2026-05-16,live
2026-05-16T01:40:57,96,91,94,0,2026-05-16,live
2026-05-16T01:41:12,96,90,94,2,2026-05-16,live
2026-05-16T01:41:27,96,92,94,0,2026-05-16,live
2026-05-16T01:41:42,96,87,94,0,2026-05-16,live
2026-05-16T01:41:58,96,88,94,0,2026-05-16,live
2026-05-16T01:42:13,96,87,94,0,2026-05-16,live
2026-05-16T01:42:28,96,88,94,0,2026-05-16,live
2026-05-16T01:42:43,96,88,94,0,2026-05-16,live
2026-05-16T01:42:58,96,90,94,8,2026-05-16,live
2026-05-16T01:43:13,96,91,94,18,2026-05-16,live
2026-05-16T01:43:28,96,91,94,0,2026-05-16,live
2026-05-16T01:43:43,96,88,94,0,2026-05-16,live
2026-05-16T01:43:58,96,85,94,0,2026-05-16,live
2026-05-16T01:44:14,96,86,94,0,2026-05-16,live
2026-05-16T01:44:29,96,87,94,0,2026-05-16,live
2026-05-16T01:44:44,96,88,94,0,2026-05-16,live
2026-05-16T01:44:59,97,89,94,0,2026-05-16,live
2026-05-16T01:45:14,96,92,94,1,2026-05-16,live
2026-05-16T01:45:29,96,96,94,1,2026-05-16,live
2026-05-16T01:45:44,96,87,94,1,2026-05-16,live
2026-05-16T01:45:59,96,88,94,2,2026-05-16,live
2026-05-16T01:46:14,95,86,94,1,2026-05-16,live
2026-05-16T01:46:45,97,85,94,0,2026-05-16,live
2026-05-16T01:47:00,97,84,94,0,2026-05-16,live
2026-05-16T01:47:15,96,91,94,1,2026-05-16,live
2026-05-16T01:47:30,96,87,94,0,2026-05-16,live
2026-05-16T01:47:45,96,86,94,0,2026-05-16,live
2026-05-16T01:48:00,96,88,94,0,2026-05-16,live
2026-05-16T01:48:15,97,84,94,0,2026-05-16,live
2026-05-16T01:48:30,97,85,94,0,2026-05-16,live
2026-05-16T01:48:45,96,85,93,0,2026-05-16,live
2026-05-16T01:49:01,96,86,93,0,2026-05-16,live
2026-05-16T01:49:16,96,90,93,0,2026-05-16,live
2026-05-16T01:49:31,96,87,93,0,2026-05-16,live
2026-05-16T01:49:46,96,86,93,0,2026-05-16,live
2026-05-16T01:50:01,96,84,93,0,2026-05-16,live
2026-05-16T01:50:16,96,85,93,0,2026-05-16,live
2026-05-16T01:50:31,96,85,93,0,2026-05-16,live
2026-05-16T01:50:46,96,88,93,0,2026-05-16,live
2026-05-16T01:51:01,96,88,93,0,2026-05-16,live
2026-05-16T01:51:17,96,89,93,0,2026-05-16,live
2026-05-16T01:51:32,96,85,93,0,2026-05-16,live
2026-05-16T01:51:47,96,81,93,0,2026-05-16,live
2026-05-16T01:52:02,96,84,93,15,2026-05-16,live
2026-05-16T01:52:17,96,87,93,1,2026-05-16,live
2026-05-16T01:52:32,96,87,93,0,2026-05-16,live
2026-05-16T01:52:47,96,85,93,0,2026-05-16,live
2026-05-16T01:53:02,96,88,93,0,2026-05-16,live
2026-05-16T01:53:17,96,85,93,0,2026-05-16,live
2026-05-16T01:53:33,96,87,93,0,2026-05-16,live
2026-05-16T01:53:48,96,87,93,15,2026-05-16,live
2026-05-16T01:54:03,96,94,93,15,2026-05-16,live
2026-05-16T01:54:18,96,103,93,18,2026-05-16,live
2026-05-16T01:54:33,95,101,93,1,2026-05-16,live
2026-05-16T01:54:48,95,93,93,6,2026-05-16,live
2026-05-16T01:55:03,95,92,93,2,2026-05-16,live
2026-05-16T01:55:18,95,93,93,0,2026-05-16,live
2026-05-16T01:55:34,96,93,93,0,2026-05-16,live
2026-05-16T01:55:49,97,92,93,2,2026-05-16,live
2026-05-16T01:56:04,97,88,93,0,2026-05-16,live
2026-05-16T01:56:19,95,92,93,0,2026-05-16,live
2026-05-16T01:56:34,96,82,93,0,2026-05-16,live
2026-05-16T01:56:49,96,78,93,0,2026-05-16,live
2026-05-16T01:57:04,96,81,93,0,2026-05-16,live
2026-05-16T01:57:19,96,83,93,0,2026-05-16,live
2026-05-16T01:57:34,96,81,93,0,2026-05-16,live
2026-05-16T01:57:50,96,83,93,0,2026-05-16,live
2026-05-16T01:58:05,95,91,93,0,2026-05-16,live
2026-05-16T01:58:20,96,82,93,0,2026-05-16,live
2026-05-16T01:58:35,96,78,93,0,2026-05-16,live
2026-05-16T01:58:50,96,75,93,0,2026-05-16,live
2026-05-16T01:59:05,96,77,93,0,2026-05-16,live
2026-05-16T01:59:20,96,75,93,0,2026-05-16,live
2026-05-16T01:59:35,96,78,93,0,2026-05-16,live
2026-05-16T01:59:51,96,83,93,16,2026-05-16,live
2026-05-16T02:00:06,96,82,93,0,2026-05-16,live
2026-05-16T02:00:21,96,72,93,0,2026-05-16,live
2026-05-16T02:00:36,96,74,93,0,2026-05-16,live
2026-05-16T02:00:51,96,75,93,0,2026-05-16,live
2026-05-16T02:01:06,96,76,93,0,2026-05-16,live
2026-05-16T02:01:21,95,77,93,0,2026-05-16,live
2026-05-16T02:01:36,95,79,93,0,2026-05-16,live
2026-05-16T02:01:52,95,79,93,0,2026-05-16,live
2026-05-16T02:02:07,96,77,93,0,2026-05-16,live
2026-05-16T02:02:22,95,82,93,0,2026-05-16,live
2026-05-16T02:02:37,96,76,93,0,2026-05-16,live
2026-05-16T02:02:52,96,83,93,0,2026-05-16,live
2026-05-16T02:03:07,96,76,93,0,2026-05-16,live
2026-05-16T02:03:22,96,76,93,0,2026-05-16,live
2026-05-16T02:03:37,96,75,93,0,2026-05-16,live
2026-05-16T02:03:52,95,75,93,0,2026-05-16,live
2026-05-16T02:04:08,95,73,93,0,2026-05-16,live
2026-05-16T02:04:23,95,74,93,0,2026-05-16,live
2026-05-16T02:04:38,95,74,93,0,2026-05-16,live
2026-05-16T02:04:53,95,74,93,0,2026-05-16,live
2026-05-16T02:05:08,95,76,93,0,2026-05-16,live
2026-05-16T02:05:23,95,75,93,0,2026-05-16,live
2026-05-16T02:05:38,93,74,93,0,2026-05-16,live
2026-05-16T02:05:53,95,77,93,0,2026-05-16,live
2026-05-16T02:06:09,94,75,93,0,2026-05-16,live
2026-05-16T02:06:24,95,75,93,0,2026-05-16,live
2026-05-16T02:06:39,96,76,93,0,2026-05-16,live
2026-05-16T02:06:54,94,77,93,0,2026-05-16,live
2026-05-16T02:07:09,95,78,93,0,2026-05-16,live
2026-05-16T02:07:24,93,76,93,22,2026-05-16,live
2026-05-16T02:07:39,93,76,93,26,2026-05-16,live
2026-05-16T02:07:54,95,97,93,15,2026-05-16,live
2026-05-16T02:08:09,98,85,93,0,2026-05-16,live
2026-05-16T02:08:25,98,69,93,0,2026-05-16,live
2026-05-16T02:08:40,98,70,93,0,2026-05-16,live
2026-05-16T02:09:25,95,82,93,0,2026-05-16,live
2026-05-16T02:09:40,96,69,93,0,2026-05-16,live
2026-05-16T02:09:55,96,70,93,0,2026-05-16,live
2026-05-16T02:10:10,96,73,93,0,2026-05-16,live
2026-05-16T02:10:25,96,76,93,4,2026-05-16,live
2026-05-16T02:10:40,96,83,93,0,2026-05-16,live
2026-05-16T02:10:56,96,85,93,1,2026-05-16,live
2026-05-16T02:11:11,97,81,93,0,2026-05-16,live
2026-05-16T02:11:26,96,75,93,0,2026-05-16,live
2026-05-16T02:11:41,96,74,93,0,2026-05-16,live
2026-05-16T02:11:56,96,85,93,4,2026-05-16,live
2026-05-16T02:12:11,97,87,93,0,2026-05-16,live
2026-05-16T02:12:26,97,83,93,0,2026-05-16,live
2026-05-16T02:12:41,97,81,93,2,2026-05-16,live
2026-05-16T02:12:56,96,84,93,0,2026-05-16,live
2026-05-16T02:13:11,96,81,93,0,2026-05-16,live
2026-05-16T02:13:27,96,79,93,0,2026-05-16,live
2026-05-16T02:13:42,95,78,93,0,2026-05-16,live
2026-05-16T02:13:57,95,84,93,0,2026-05-16,live
2026-05-16T02:14:12,96,76,93,0,2026-05-16,live
2026-05-16T02:14:27,96,74,93,0,2026-05-16,live
2026-05-16T02:14:42,95,81,93,1,2026-05-16,live
2026-05-16T02:14:57,96,74,93,0,2026-05-16,live
2026-05-16T02:15:12,96,76,93,0,2026-05-16,live
2026-05-16T02:15:28,96,70,93,0,2026-05-16,live
2026-05-16T02:15:43,96,78,93,0,2026-05-16,live
2026-05-16T02:15:58,95,72,93,0,2026-05-16,live
2026-05-16T02:16:13,95,73,93,0,2026-05-16,live
2026-05-16T02:16:28,96,76,93,0,2026-05-16,live
2026-05-16T02:16:43,96,72,93,0,2026-05-16,live
2026-05-16T02:16:58,95,70,93,0,2026-05-16,live
2026-05-16T02:17:13,95,73,93,0,2026-05-16,live
2026-05-16T02:17:28,96,75,93,0,2026-05-16,live
2026-05-16T02:17:44,96,71,93,0,2026-05-16,live
2026-05-16T02:17:59,96,68,93,0,2026-05-16,live
2026-05-16T02:18:14,96,74,93,0,2026-05-16,live
2026-05-16T02:18:29,96,74,93,0,2026-05-16,live
2026-05-16T02:18:44,96,71,93,0,2026-05-16,live
2026-05-16T02:18:59,96,71,93,0,2026-05-16,live
2026-05-16T02:19:15,96,71,93,0,2026-05-16,live
2026-05-16T02:19:30,96,72,93,0,2026-05-16,live
2026-05-16T02:19:45,96,72,93,0,2026-05-16,live
2026-05-16T02:20:00,96,77,93,0,2026-05-16,live
2026-05-16T02:20:15,96,83,93,1,2026-05-16,live
2026-05-16T02:20:30,96,81,93,0,2026-05-16,live
2026-05-16T02:20:45,97,69,93,0,2026-05-16,live
2026-05-16T02:21:00,97,84,93,0,2026-05-16,live
2026-05-16T02:21:16,97,74,93,0,2026-05-16,live
2026-05-16T02:21:31,97,75,93,0,2026-05-16,live
2026-05-16T02:21:46,97,77,93,0,2026-05-16,live
2026-05-16T02:22:01,97,72,93,0,2026-05-16,live
2026-05-16T02:22:16,97,76,93,0,2026-05-16,live
2026-05-16T02:22:31,97,73,93,0,2026-05-16,live
2026-05-16T02:22:46,97,76,93,0,2026-05-16,live
2026-05-16T02:23:01,97,71,93,0,2026-05-16,live
2026-05-16T02:23:17,97,70,93,0,2026-05-16,live
2026-05-16T02:23:32,97,74,93,0,2026-05-16,live
2026-05-16T02:23:47,97,76,93,0,2026-05-16,live
2026-05-16T02:24:02,96,73,93,0,2026-05-16,live
2026-05-16T02:24:17,96,77,93,0,2026-05-16,live
2026-05-16T02:24:32,96,79,93,0,2026-05-16,live
2026-05-16T02:24:47,95,77,93,0,2026-05-16,live
2026-05-16T02:25:02,97,74,93,0,2026-05-16,live
2026-05-16T02:25:17,97,72,93,0,2026-05-16,live
2026-05-16T02:25:33,97,75,93,0,2026-05-16,live
2026-05-16T02:25:48,97,71,93,0,2026-05-16,live
2026-05-16T02:26:03,97,74,93,0,2026-05-16,live
2026-05-16T02:26:18,97,73,93,0,2026-05-16,live
2026-05-16T02:26:33,97,76,93,0,2026-05-16,live
2026-05-16T02:26:48,97,72,93,0,2026-05-16,live
2026-05-16T02:27:03,97,72,93,0,2026-05-16,live
2026-05-16T02:27:18,97,75,93,0,2026-05-16,live
2026-05-16T02:27:33,97,72,93,0,2026-05-16,live
2026-05-16T02:27:49,97,74,93,0,2026-05-16,live
2026-05-16T02:28:04,97,73,93,0,2026-05-16,live
2026-05-16T02:28:19,97,74,93,0,2026-05-16,live
2026-05-16T02:28:34,97,74,93,0,2026-05-16,live
2026-05-16T02:28:50,97,71,93,3,2026-05-16,live
2026-05-16T02:29:05,97,81,93,0,2026-05-16,live
2026-05-16T02:29:20,97,78,93,0,2026-05-16,live
2026-05-16T02:29:35,97,71,93,0,2026-05-16,live
2026-05-16T02:29:50,96,75,93,0,2026-05-16,live
2026-05-16T02:30:05,97,72,93,0,2026-05-16,live
2026-05-16T02:30:20,97,74,93,0,2026-05-16,live
2026-05-16T02:30:35,97,72,93,0,2026-05-16,live
2026-05-16T02:30:50,97,73,93,0,2026-05-16,live
2026-05-16T02:31:06,96,72,93,0,2026-05-16,live
2026-05-16T02:31:21,96,70,93,0,2026-05-16,live
2026-05-16T02:31:36,97,75,93,0,2026-05-16,live
2026-05-16T02:31:51,96,76,93,0,2026-05-16,live
2026-05-16T02:32:06,96,72,93,0,2026-05-16,live
2026-05-16T02:32:21,96,76,93,0,2026-05-16,live
2026-05-16T02:32:36,96,73,93,0,2026-05-16,live
2026-05-16T02:32:51,96,76,93,0,2026-05-16,live
2026-05-16T02:33:06,96,74,93,0,2026-05-16,live
2026-05-16T02:33:22,96,75,93,0,2026-05-16,live
2026-05-16T02:33:37,96,75,93,0,2026-05-16,live
2026-05-16T02:33:52,96,75,93,0,2026-05-16,live
2026-05-16T02:34:07,96,75,93,0,2026-05-16,live
2026-05-16T02:34:22,96,76,93,0,2026-05-16,live
2026-05-16T02:34:37,96,78,93,0,2026-05-16,live
2026-05-16T02:34:52,96,75,93,0,2026-05-16,live
2026-05-16T02:35:07,96,74,93,0,2026-05-16,live
2026-05-16T02:35:23,96,76,93,0,2026-05-16,live
2026-05-16T02:35:38,96,75,93,0,2026-05-16,live
2026-05-16T02:35:53,96,75,93,0,2026-05-16,live
2026-05-16T02:36:08,96,74,93,0,2026-05-16,live
2026-05-16T02:36:23,96,74,93,0,2026-05-16,live
2026-05-16T02:36:38,96,72,93,0,2026-05-16,live
2026-05-16T02:36:53,96,73,93,0,2026-05-16,live
2026-05-16T02:37:08,96,73,93,0,2026-05-16,live
2026-05-16T02:37:23,96,76,93,0,2026-05-16,live
2026-05-16T02:37:39,96,73,93,0,2026-05-16,live
2026-05-16T02:37:54,96,74,93,0,2026-05-16,live
2026-05-16T02:38:09,96,77,93,0,2026-05-16,live
2026-05-16T02:38:24,96,74,93,0,2026-05-16,live
2026-05-16T02:38:39,96,73,93,0,2026-05-16,live
2026-05-16T02:38:54,96,76,93,0,2026-05-16,live
2026-05-16T02:39:09,96,73,93,0,2026-05-16,live
2026-05-16T02:39:24,96,76,93,0,2026-05-16,live
2026-05-16T02:39:39,96,73,93,0,2026-05-16,live
2026-05-16T02:39:55,96,74,93,0,2026-05-16,live
2026-05-16T02:40:10,96,75,93,0,2026-05-16,live
2026-05-16T02:40:25,96,73,92,0,2026-05-16,live
2026-05-16T02:40:40,96,74,92,0,2026-05-16,live
2026-05-16T02:40:55,96,75,92,0,2026-05-16,live
2026-05-16T02:41:10,96,74,92,0,2026-05-16,live
2026-05-16T02:41:25,96,73,92,0,2026-05-16,live
2026-05-16T02:41:40,95,72,92,0,2026-05-16,live
2026-05-16T02:41:55,97,77,92,0,2026-05-16,live
2026-05-16T02:42:11,96,79,92,0,2026-05-16,live
2026-05-16T02:42:26,96,75,92,0,2026-05-16,live
2026-05-16T02:42:41,96,75,92,0,2026-05-16,live
2026-05-16T02:42:56,96,75,92,0,2026-05-16,live
2026-05-16T02:43:11,96,76,92,0,2026-05-16,live
2026-05-16T02:43:26,96,73,92,0,2026-05-16,live
2026-05-16T02:43:42,96,74,92,0,2026-05-16,live
2026-05-16T02:43:57,96,73,92,0,2026-05-16,live
2026-05-16T02:44:12,96,72,92,0,2026-05-16,live
2026-05-16T02:44:27,96,74,92,0,2026-05-16,live
2026-05-16T02:44:42,96,74,92,0,2026-05-16,live
2026-05-16T02:44:57,96,73,92,0,2026-05-16,live
2026-05-16T02:45:12,96,74,92,0,2026-05-16,live
2026-05-16T02:45:28,96,75,92,0,2026-05-16,live
2026-05-16T02:45:43,96,76,92,0,2026-05-16,live
2026-05-16T02:45:58,96,71,92,0,2026-05-16,live
2026-05-16T02:46:13,96,77,92,0,2026-05-16,live
2026-05-16T02:46:28,96,76,92,0,2026-05-16,live
2026-05-16T02:46:44,96,75,92,0,2026-05-16,live
2026-05-16T02:46:59,96,75,92,0,2026-05-16,live
2026-05-16T02:47:14,96,73,92,0,2026-05-16,live
2026-05-16T02:47:29,96,75,92,0,2026-05-16,live
2026-05-16T02:47:44,96,72,92,0,2026-05-16,live
2026-05-16T02:47:59,96,74,92,0,2026-05-16,live
2026-05-16T02:48:14,96,73,92,0,2026-05-16,live
2026-05-16T02:48:29,96,74,92,0,2026-05-16,live
2026-05-16T02:48:45,96,75,92,0,2026-05-16,live
2026-05-16T02:49:00,96,75,92,0,2026-05-16,live
2026-05-16T02:49:15,96,76,92,0,2026-05-16,live
2026-05-16T02:49:30,96,74,92,0,2026-05-16,live
2026-05-16T02:49:45,96,73,92,0,2026-05-16,live
2026-05-16T02:50:00,96,75,92,0,2026-05-16,live
2026-05-16T02:50:15,96,73,92,0,2026-05-16,live
2026-05-16T02:50:30,96,78,92,0,2026-05-16,live
2026-05-16T02:50:45,97,75,92,0,2026-05-16,live
2026-05-16T02:51:01,97,77,92,0,2026-05-16,live
2026-05-16T02:51:16,96,75,92,0,2026-05-16,live
2026-05-16T02:51:31,97,75,92,0,2026-05-16,live
2026-05-16T02:51:46,96,74,92,0,2026-05-16,live
2026-05-16T02:52:01,97,75,92,0,2026-05-16,live
2026-05-16T02:52:16,97,76,92,0,2026-05-16,live
2026-05-16T02:52:31,96,74,92,0,2026-05-16,live
2026-05-16T02:52:46,97,76,92,0,2026-05-16,live
2026-05-16T02:53:01,96,74,92,0,2026-05-16,live
2026-05-16T02:53:17,96,74,92,0,2026-05-16,live
2026-05-16T02:53:32,96,74,92,0,2026-05-16,live
2026-05-16T02:53:47,96,75,92,0,2026-05-16,live
2026-05-16T02:54:02,96,74,92,0,2026-05-16,live
2026-05-16T02:54:17,96,76,92,0,2026-05-16,live
2026-05-16T02:54:32,96,76,92,0,2026-05-16,live
2026-05-16T02:54:47,97,73,92,0,2026-05-16,live
2026-05-16T02:55:02,97,72,92,0,2026-05-16,live
2026-05-16T02:55:17,97,76,92,0,2026-05-16,live
2026-05-16T02:55:33,97,76,92,0,2026-05-16,live
2026-05-16T02:55:48,97,76,92,0,2026-05-16,live
2026-05-16T02:56:03,97,74,92,0,2026-05-16,live
2026-05-16T02:56:18,95,71,92,0,2026-05-16,live
2026-05-16T02:56:33,97,77,92,0,2026-05-16,live
2026-05-16T02:56:48,97,79,92,0,2026-05-16,live
2026-05-16T02:57:04,97,78,92,0,2026-05-16,live
2026-05-16T02:57:19,97,77,92,0,2026-05-16,live
2026-05-16T02:57:34,97,75,92,0,2026-05-16,live
2026-05-16T02:57:49,97,79,92,0,2026-05-16,live
2026-05-16T02:58:04,97,77,92,0,2026-05-16,live
2026-05-16T02:58:19,97,76,92,0,2026-05-16,live
2026-05-16T02:58:34,97,79,92,0,2026-05-16,live
2026-05-16T02:58:49,97,80,92,0,2026-05-16,live
2026-05-16T02:59:04,97,80,92,0,2026-05-16,live
2026-05-16T02:59:20,97,77,92,0,2026-05-16,live
2026-05-16T02:59:35,97,79,92,0,2026-05-16,live
2026-05-16T02:59:50,97,81,92,0,2026-05-16,live
2026-05-16T03:00:05,97,80,92,0,2026-05-16,live
2026-05-16T03:00:20,97,83,92,0,2026-05-16,live
2026-05-16T03:00:35,97,82,92,0,2026-05-16,live
2026-05-16T03:00:50,97,81,92,0,2026-05-16,live
2026-05-16T03:01:05,97,81,92,0,2026-05-16,live
2026-05-16T03:01:20,96,87,92,0,2026-05-16,live
2026-05-16T03:01:36,97,87,92,0,2026-05-16,live
2026-05-16T03:01:51,97,84,92,0,2026-05-16,live
2026-05-16T03:02:06,96,83,92,0,2026-05-16,live
2026-05-16T03:02:21,97,83,92,0,2026-05-16,live
2026-05-16T03:02:36,97,86,92,0,2026-05-16,live
2026-05-16T03:02:51,97,86,92,0,2026-05-16,live
2026-05-16T03:03:06,97,85,92,0,2026-05-16,live
2026-05-16T03:03:21,97,84,92,0,2026-05-16,live
2026-05-16T03:03:36,97,84,92,0,2026-05-16,live
2026-05-16T03:03:52,97,89,92,0,2026-05-16,live
2026-05-16T03:04:07,97,85,92,0,2026-05-16,live
2026-05-16T03:04:22,97,82,92,0,2026-05-16,live
2026-05-16T03:04:37,97,85,92,0,2026-05-16,live
2026-05-16T03:04:52,97,81,92,0,2026-05-16,live
2026-05-16T03:05:07,97,80,92,0,2026-05-16,live
2026-05-16T03:05:22,97,82,92,0,2026-05-16,live
2026-05-16T03:05:37,97,85,92,0,2026-05-16,live
2026-05-16T03:05:53,97,86,92,0,2026-05-16,live
2026-05-16T03:06:08,97,87,92,0,2026-05-16,live
2026-05-16T03:06:23,97,86,92,0,2026-05-16,live
2026-05-16T03:06:38,97,86,92,0,2026-05-16,live
2026-05-16T03:06:53,97,83,92,0,2026-05-16,live
2026-05-16T03:07:08,97,83,92,0,2026-05-16,live
2026-05-16T03:07:23,97,82,92,0,2026-05-16,live
2026-05-16T03:07:38,97,86,92,0,2026-05-16,live
2026-05-16T03:07:53,97,89,92,0,2026-05-16,live
2026-05-16T03:08:08,97,87,92,0,2026-05-16,live
2026-05-16T03:08:24,96,88,92,0,2026-05-16,live
2026-05-16T03:08:39,97,79,92,0,2026-05-16,live
2026-05-16T03:08:54,97,76,92,0,2026-05-16,live
2026-05-16T03:09:09,96,81,92,0,2026-05-16,live
2026-05-16T03:09:24,97,80,92,0,2026-05-16,live
2026-05-16T03:09:39,97,78,92,0,2026-05-16,live
2026-05-16T03:09:54,97,79,92,0,2026-05-16,live
2026-05-16T03:10:09,97,82,92,0,2026-05-16,live
2026-05-16T03:10:24,97,82,92,0,2026-05-16,live
2026-05-16T03:10:40,97,84,92,0,2026-05-16,live
2026-05-16T03:10:55,97,85,92,0,2026-05-16,live
2026-05-16T03:11:10,97,82,92,0,2026-05-16,live
2026-05-16T03:11:25,97,79,92,0,2026-05-16,live
2026-05-16T03:11:41,97,81,92,0,2026-05-16,live
2026-05-16T03:11:56,97,82,92,0,2026-05-16,live
2026-05-16T03:12:11,97,81,92,0,2026-05-16,live
2026-05-16T03:12:26,97,82,92,0,2026-05-16,live
2026-05-16T03:12:41,97,81,92,0,2026-05-16,live
2026-05-16T03:12:56,97,82,92,0,2026-05-16,live
2026-05-16T03:13:11,97,79,92,0,2026-05-16,live
2026-05-16T03:13:26,97,83,92,0,2026-05-16,live
2026-05-16T03:13:41,97,85,92,0,2026-05-16,live
2026-05-16T03:13:56,97,82,92,0,2026-05-16,live
2026-05-16T03:14:12,97,81,92,0,2026-05-16,live
2026-05-16T03:14:27,97,86,92,0,2026-05-16,live
2026-05-16T03:14:42,97,87,92,0,2026-05-16,live
2026-05-16T03:14:57,97,92,92,0,2026-05-16,live
2026-05-16T03:15:12,97,83,92,0,2026-05-16,live
2026-05-16T03:15:27,97,81,92,0,2026-05-16,live
2026-05-16T03:15:42,97,78,92,0,2026-05-16,live
2026-05-16T03:15:57,97,84,92,0,2026-05-16,live
2026-05-16T03:16:12,97,82,92,0,2026-05-16,live
2026-05-16T03:16:28,97,80,92,0,2026-05-16,live
2026-05-16T03:16:43,97,79,92,0,2026-05-16,live
2026-05-16T03:16:58,96,83,92,0,2026-05-16,live
2026-05-16T03:17:13,96,80,92,0,2026-05-16,live
2026-05-16T03:17:28,97,81,92,0,2026-05-16,live
2026-05-16T03:17:43,97,85,92,0,2026-05-16,live
2026-05-16T03:17:58,97,82,92,0,2026-05-16,live
2026-05-16T03:18:13,97,79,92,0,2026-05-16,live
2026-05-16T03:18:28,96,78,92,0,2026-05-16,live
2026-05-16T03:18:43,97,80,92,0,2026-05-16,live
2026-05-16T03:18:59,97,84,92,0,2026-05-16,live
2026-05-16T03:19:14,97,81,92,0,2026-05-16,live
2026-05-16T03:19:29,96,80,92,0,2026-05-16,live
2026-05-16T03:19:44,96,77,92,0,2026-05-16,live
2026-05-16T03:19:59,96,77,92,0,2026-05-16,live
2026-05-16T03:20:14,96,83,92,0,2026-05-16,live
2026-05-16T03:20:29,96,79,92,0,2026-05-16,live
2026-05-16T03:20:44,96,80,92,0,2026-05-16,live
2026-05-16T03:20:59,96,84,92,0,2026-05-16,live
2026-05-16T03:21:15,97,92,92,0,2026-05-16,live
2026-05-16T03:21:30,97,88,92,0,2026-05-16,live
2026-05-16T03:21:45,97,77,92,3,2026-05-16,live
2026-05-16T03:22:00,95,94,92,0,2026-05-16,live
2026-05-16T03:22:15,97,79,92,0,2026-05-16,live
2026-05-16T03:22:30,97,78,92,0,2026-05-16,live
2026-05-16T03:22:45,96,91,92,0,2026-05-16,live
2026-05-16T03:23:00,96,90,92,0,2026-05-16,live
2026-05-16T03:23:15,97,78,92,0,2026-05-16,live
2026-05-16T03:23:31,97,78,92,0,2026-05-16,live
2026-05-16T03:23:46,97,78,92,0,2026-05-16,live
2026-05-16T03:24:01,97,80,92,0,2026-05-16,live
2026-05-16T03:24:16,97,87,92,0,2026-05-16,live
2026-05-16T03:24:32,97,76,92,0,2026-05-16,live
2026-05-16T03:24:47,97,77,92,0,2026-05-16,live
2026-05-16T03:25:02,97,77,92,0,2026-05-16,live
2026-05-16T03:25:17,97,81,92,0,2026-05-16,live
2026-05-16T03:25:32,97,74,92,0,2026-05-16,live
2026-05-16T03:25:47,97,76,92,0,2026-05-16,live
2026-05-16T03:26:02,97,76,92,0,2026-05-16,live
2026-05-16T03:26:17,97,75,92,0,2026-05-16,live
2026-05-16T03:26:32,97,78,92,0,2026-05-16,live
2026-05-16T03:26:48,97,76,92,0,2026-05-16,live
2026-05-16T03:27:03,97,77,92,0,2026-05-16,live
2026-05-16T03:27:18,97,76,92,0,2026-05-16,live
2026-05-16T03:27:33,97,80,92,0,2026-05-16,live
2026-05-16T03:27:49,97,76,92,0,2026-05-16,live
2026-05-16T03:28:04,97,76,92,0,2026-05-16,live
2026-05-16T03:28:19,97,80,92,0,2026-05-16,live
2026-05-16T03:28:34,97,77,92,0,2026-05-16,live
2026-05-16T03:28:49,97,78,92,0,2026-05-16,live
2026-05-16T03:29:04,97,76,92,0,2026-05-16,live
2026-05-16T03:29:19,97,78,92,0,2026-05-16,live
2026-05-16T03:29:34,97,77,92,0,2026-05-16,live
2026-05-16T03:29:50,97,76,92,0,2026-05-16,live
2026-05-16T03:30:05,97,78,91,0,2026-05-16,live
2026-05-16T03:30:20,97,76,91,0,2026-05-16,live
2026-05-16T03:30:35,97,80,91,0,2026-05-16,live
2026-05-16T03:30:50,97,77,91,0,2026-05-16,live
2026-05-16T03:31:05,97,76,91,0,2026-05-16,live
2026-05-16T03:31:20,97,77,91,3,2026-05-16,live
2026-05-16T03:31:35,96,79,91,0,2026-05-16,live
2026-05-16T03:31:50,97,78,91,0,2026-05-16,live
2026-05-16T03:32:06,97,77,91,0,2026-05-16,live
2026-05-16T03:32:21,97,83,91,0,2026-05-16,live
2026-05-16T03:32:36,97,75,91,0,2026-05-16,live
2026-05-16T03:32:52,97,78,91,0,2026-05-16,live
2026-05-16T03:33:07,97,81,91,0,2026-05-16,live
2026-05-16T03:33:22,97,76,91,0,2026-05-16,live
2026-05-16T03:33:37,97,80,91,0,2026-05-16,live
2026-05-16T03:33:52,97,81,91,0,2026-05-16,live
2026-05-16T03:34:07,97,74,91,0,2026-05-16,live
2026-05-16T03:34:22,97,78,91,0,2026-05-16,live
2026-05-16T03:34:37,97,77,91,0,2026-05-16,live
2026-05-16T03:34:52,97,79,91,0,2026-05-16,live
2026-05-16T03:35:08,97,75,91,0,2026-05-16,live
2026-05-16T03:35:23,97,78,91,0,2026-05-16,live
2026-05-16T03:35:38,97,77,91,0,2026-05-16,live
2026-05-16T03:35:53,97,77,91,0,2026-05-16,live
2026-05-16T03:36:08,97,78,91,0,2026-05-16,live
2026-05-16T03:36:23,97,79,91,0,2026-05-16,live
2026-05-16T03:36:38,97,73,91,0,2026-05-16,live
2026-05-16T03:36:53,97,78,91,0,2026-05-16,live
2026-05-16T03:37:08,97,75,91,0,2026-05-16,live
2026-05-16T03:37:24,97,76,91,0,2026-05-16,live
2026-05-16T03:37:39,97,77,91,0,2026-05-16,live
2026-05-16T03:37:54,97,78,91,0,2026-05-16,live
2026-05-16T03:38:09,97,76,91,0,2026-05-16,live
2026-05-16T03:38:25,97,77,91,0,2026-05-16,live
2026-05-16T03:38:40,97,78,91,0,2026-05-16,live
2026-05-16T03:38:55,97,75,91,0,2026-05-16,live
2026-05-16T03:39:10,97,78,91,0,2026-05-16,live
2026-05-16T03:39:25,97,77,91,0,2026-05-16,live
2026-05-16T03:39:40,97,76,91,0,2026-05-16,live
2026-05-16T03:39:55,97,78,91,0,2026-05-16,live
2026-05-16T03:40:10,97,79,91,0,2026-05-16,live
2026-05-16T03:40:25,97,74,91,0,2026-05-16,live
2026-05-16T03:40:41,97,78,91,0,2026-05-16,live
2026-05-16T03:40:56,97,75,91,0,2026-05-16,live
2026-05-16T03:41:11,97,75,91,0,2026-05-16,live
2026-05-16T03:41:26,97,76,91,0,2026-05-16,live
2026-05-16T03:41:41,97,76,91,0,2026-05-16,live
2026-05-16T03:41:56,97,76,91,0,2026-05-16,live
2026-05-16T03:42:11,97,77,91,0,2026-05-16,live
2026-05-16T03:42:26,97,78,91,0,2026-05-16,live
2026-05-16T03:42:41,97,76,91,0,2026-05-16,live
2026-05-16T03:42:56,97,80,91,0,2026-05-16,live
2026-05-16T03:43:12,97,81,91,0,2026-05-16,live
2026-05-16T03:43:27,97,75,91,0,2026-05-16,live
2026-05-16T03:43:42,97,78,91,0,2026-05-16,live
2026-05-16T03:43:57,97,77,91,0,2026-05-16,live
2026-05-16T03:44:12,97,73,91,0,2026-05-16,live
2026-05-16T03:44:28,97,78,91,0,2026-05-16,live
2026-05-16T03:44:43,97,79,91,0,2026-05-16,live
2026-05-16T03:44:58,97,77,91,0,2026-05-16,live
2026-05-16T03:45:13,97,80,91,0,2026-05-16,live
2026-05-16T03:45:28,97,78,91,0,2026-05-16,live
2026-05-16T03:45:43,97,77,91,0,2026-05-16,live
2026-05-16T03:45:58,97,75,91,0,2026-05-16,live
2026-05-16T03:46:13,97,76,91,0,2026-05-16,live
2026-05-16T03:46:28,97,79,91,0,2026-05-16,live
2026-05-16T03:46:44,97,76,91,0,2026-05-16,live
2026-05-16T03:46:59,97,76,91,0,2026-05-16,live
2026-05-16T03:47:14,97,75,91,0,2026-05-16,live
2026-05-16T03:47:29,97,76,91,0,2026-05-16,live
2026-05-16T03:47:45,97,75,91,0,2026-05-16,live
2026-05-16T03:48:00,97,75,91,0,2026-05-16,live
2026-05-16T03:48:15,97,79,91,0,2026-05-16,live
2026-05-16T03:48:30,97,75,91,0,2026-05-16,live
2026-05-16T03:48:45,97,81,91,0,2026-05-16,live
2026-05-16T03:49:00,97,81,91,0,2026-05-16,live
2026-05-16T03:49:15,97,81,91,0,2026-05-16,live
2026-05-16T03:49:30,97,78,91,0,2026-05-16,live
2026-05-16T03:49:45,97,73,91,0,2026-05-16,live
2026-05-16T03:50:01,97,77,91,0,2026-05-16,live
2026-05-16T03:50:16,97,73,91,0,2026-05-16,live
2026-05-16T03:50:31,97,76,91,0,2026-05-16,live
2026-05-16T03:50:46,97,74,91,0,2026-05-16,live
2026-05-16T03:51:01,97,76,91,0,2026-05-16,live
2026-05-16T03:51:16,97,73,91,0,2026-05-16,live
2026-05-16T03:51:31,97,74,91,0,2026-05-16,live
2026-05-16T03:51:46,97,76,91,0,2026-05-16,live
2026-05-16T03:52:02,97,78,91,0,2026-05-16,live
2026-05-16T03:52:17,97,78,91,0,2026-05-16,live
2026-05-16T03:52:32,97,77,91,0,2026-05-16,live
2026-05-16T03:52:48,97,76,91,0,2026-05-16,live
2026-05-16T03:53:03,97,79,91,0,2026-05-16,live
2026-05-16T03:53:18,97,77,91,0,2026-05-16,live
2026-05-16T03:53:33,97,79,91,0,2026-05-16,live
2026-05-16T03:53:48,97,77,91,0,2026-05-16,live
2026-05-16T03:54:03,97,76,91,0,2026-05-16,live
2026-05-16T03:54:18,97,77,91,0,2026-05-16,live
2026-05-16T03:54:33,97,77,91,0,2026-05-16,live
2026-05-16T03:54:48,97,78,91,0,2026-05-16,live
2026-05-16T03:55:03,97,76,91,0,2026-05-16,live
2026-05-16T03:55:19,97,79,91,0,2026-05-16,live
2026-05-16T03:55:34,97,79,91,0,2026-05-16,live
2026-05-16T03:55:49,97,80,91,0,2026-05-16,live
2026-05-16T03:56:04,97,78,91,0,2026-05-16,live
2026-05-16T03:56:19,97,79,91,0,2026-05-16,live
2026-05-16T03:56:34,97,81,91,0,2026-05-16,live
2026-05-16T03:56:49,97,79,91,0,2026-05-16,live
2026-05-16T03:57:04,97,81,91,0,2026-05-16,live
2026-05-16T03:57:19,97,79,91,0,2026-05-16,live
2026-05-16T03:57:35,97,82,91,0,2026-05-16,live
2026-05-16T03:57:50,96,83,91,0,2026-05-16,live
2026-05-16T03:58:05,97,80,91,0,2026-05-16,live
2026-05-16T03:58:21,96,83,91,0,2026-05-16,live
2026-05-16T03:58:36,96,80,91,0,2026-05-16,live
2026-05-16T03:58:51,97,79,91,0,2026-05-16,live
2026-05-16T03:59:06,96,77,91,0,2026-05-16,live
2026-05-16T03:59:21,96,79,91,0,2026-05-16,live
2026-05-16T03:59:36,97,79,91,0,2026-05-16,live
2026-05-16T03:59:51,97,81,91,0,2026-05-16,live
2026-05-16T04:00:06,97,79,91,0,2026-05-16,live
2026-05-16T04:00:22,97,78,91,0,2026-05-16,live
2026-05-16T04:00:37,96,81,91,0,2026-05-16,live
2026-05-16T04:00:52,96,79,91,0,2026-05-16,live
2026-05-16T04:01:07,96,79,91,0,2026-05-16,live
2026-05-16T04:01:23,96,79,91,0,2026-05-16,live
2026-05-16T04:01:38,96,78,91,0,2026-05-16,live
2026-05-16T04:01:53,96,77,91,0,2026-05-16,live
2026-05-16T04:02:08,96,80,91,0,2026-05-16,live
2026-05-16T04:02:23,96,76,91,0,2026-05-16,live
2026-05-16T04:02:38,96,78,91,0,2026-05-16,live
2026-05-16T04:02:53,96,81,91,0,2026-05-16,live
2026-05-16T04:03:08,97,80,91,0,2026-05-16,live
2026-05-16T04:03:24,97,83,91,0,2026-05-16,live
2026-05-16T04:03:39,96,83,91,0,2026-05-16,live
2026-05-16T04:03:54,97,84,91,0,2026-05-16,live
2026-05-16T04:04:09,97,83,91,0,2026-05-16,live
2026-05-16T04:04:24,97,83,91,0,2026-05-16,live
2026-05-16T04:04:40,97,81,91,0,2026-05-16,live
2026-05-16T04:04:55,97,81,91,0,2026-05-16,live
2026-05-16T04:05:10,97,81,91,0,2026-05-16,live
2026-05-16T04:05:25,97,81,91,0,2026-05-16,live
2026-05-16T04:05:40,97,81,91,0,2026-05-16,live
2026-05-16T04:05:55,97,79,91,0,2026-05-16,live
2026-05-16T04:06:10,97,80,91,0,2026-05-16,live
2026-05-16T04:06:25,97,80,91,0,2026-05-16,live
2026-05-16T04:06:40,97,80,91,0,2026-05-16,live
2026-05-16T04:06:56,97,81,91,0,2026-05-16,live
2026-05-16T04:07:11,97,80,91,0,2026-05-16,live
2026-05-16T04:07:26,96,80,90,0,2026-05-16,live
2026-05-16T04:07:41,97,79,90,0,2026-05-16,live
2026-05-16T04:07:56,97,80,90,0,2026-05-16,live
2026-05-16T04:08:11,97,81,90,0,2026-05-16,live
2026-05-16T04:08:26,97,80,90,0,2026-05-16,live
2026-05-16T04:08:41,97,82,90,0,2026-05-16,live
2026-05-16T04:08:56,97,83,90,0,2026-05-16,live
2026-05-16T04:09:12,96,81,90,0,2026-05-16,live
2026-05-16T04:09:27,97,79,90,0,2026-05-16,live
2026-05-16T04:09:42,97,82,90,0,2026-05-16,live
2026-05-16T04:09:57,97,80,90,0,2026-05-16,live
2026-05-16T04:10:12,97,83,90,0,2026-05-16,live
2026-05-16T04:10:27,97,82,90,0,2026-05-16,live
2026-05-16T04:10:42,97,79,90,0,2026-05-16,live
2026-05-16T04:10:57,97,80,90,0,2026-05-16,live
2026-05-16T04:11:12,96,82,90,0,2026-05-16,live
2026-05-16T04:11:28,97,81,90,0,2026-05-16,live
2026-05-16T04:11:43,97,87,90,0,2026-05-16,live
2026-05-16T04:11:58,96,103,90,0,2026-05-16,live
2026-05-16T04:12:13,97,93,90,0,2026-05-16,live
2026-05-16T04:12:28,97,89,90,3,2026-05-16,live
2026-05-16T04:12:43,96,110,90,0,2026-05-16,live
2026-05-16T04:12:58,97,85,90,0,2026-05-16,live
2026-05-16T04:13:13,96,85,90,0,2026-05-16,live
2026-05-16T04:13:28,95,90,90,0,2026-05-16,live
2026-05-16T04:13:44,95,91,90,0,2026-05-16,live
2026-05-16T04:13:59,96,94,90,0,2026-05-16,live
2026-05-16T04:14:14,96,95,90,0,2026-05-16,live
2026-05-16T04:14:29,97,83,90,0,2026-05-16,live
2026-05-16T04:14:44,97,86,90,0,2026-05-16,live
2026-05-16T04:14:59,97,85,90,0,2026-05-16,live
2026-05-16T04:15:14,97,93,90,0,2026-05-16,live
2026-05-16T04:15:29,97,90,90,0,2026-05-16,live
2026-05-16T04:15:44,97,79,90,0,2026-05-16,live
2026-05-16T04:16:00,97,82,90,0,2026-05-16,live
2026-05-16T04:16:15,97,84,90,0,2026-05-16,live
2026-05-16T04:16:30,97,82,90,0,2026-05-16,live
2026-05-16T04:16:45,97,80,90,0,2026-05-16,live
2026-05-16T04:17:00,97,81,90,0,2026-05-16,live
2026-05-16T04:17:15,97,79,90,0,2026-05-16,live
2026-05-16T04:17:30,97,80,90,0,2026-05-16,live
2026-05-16T04:17:45,97,79,90,0,2026-05-16,live
2026-05-16T04:18:00,97,80,90,0,2026-05-16,live
2026-05-16T04:18:16,97,80,90,0,2026-05-16,live
2026-05-16T04:18:31,97,79,90,0,2026-05-16,live
2026-05-16T04:18:46,97,81,90,0,2026-05-16,live
2026-05-16T04:19:01,97,81,90,0,2026-05-16,live
2026-05-16T04:19:16,97,86,90,0,2026-05-16,live
2026-05-16T04:19:31,97,87,90,0,2026-05-16,live
2026-05-16T04:19:46,97,82,90,0,2026-05-16,live
2026-05-16T04:20:01,97,86,90,0,2026-05-16,live
2026-05-16T04:20:17,97,84,90,0,2026-05-16,live
2026-05-16T04:20:32,97,83,90,0,2026-05-16,live
2026-05-16T04:20:47,97,84,90,0,2026-05-16,live
2026-05-16T04:21:02,97,86,90,0,2026-05-16,live
2026-05-16T04:21:17,97,97,90,0,2026-05-16,live
2026-05-16T04:21:32,97,88,90,0,2026-05-16,live
2026-05-16T04:21:47,97,89,90,0,2026-05-16,live
2026-05-16T04:22:02,97,83,90,0,2026-05-16,live
2026-05-16T04:22:17,97,86,90,0,2026-05-16,live
2026-05-16T04:22:33,97,92,90,23,2026-05-16,live
2026-05-16T04:22:48,97,112,90,0,2026-05-16,live
2026-05-16T04:23:03,97,88,90,0,2026-05-16,live
2026-05-16T04:23:18,97,89,90,0,2026-05-16,live
2026-05-16T04:23:33,96,88,90,0,2026-05-16,live
2026-05-16T04:23:48,96,89,90,0,2026-05-16,live
2026-05-16T04:24:03,97,95,90,26,2026-05-16,live
2026-05-16T04:24:18,97,96,90,0,2026-05-16,live
2026-05-16T04:24:33,98,94,90,10,2026-05-16,live
2026-05-16T04:24:49,98,98,90,24,2026-05-16,live
2026-05-16T04:25:04,98,100,90,3,2026-05-16,live
2026-05-16T04:25:19,97,111,90,7,2026-05-16,live
2026-05-16T04:25:34,97,112,90,0,2026-05-16,live
2026-05-16T04:25:49,97,116,90,0,2026-05-16,live
2026-05-16T04:26:04,97,102,90,0,2026-05-16,live
2026-05-16T04:26:19,97,113,90,0,2026-05-16,live
2026-05-16T04:26:34,95,112,90,0,2026-05-16,live
2026-05-16T04:26:49,96,107,90,0,2026-05-16,live
2026-05-16T04:27:05,95,101,90,1,2026-05-16,live
2026-05-16T04:27:20,97,95,90,0,2026-05-16,live
2026-05-16T04:27:35,96,103,90,0,2026-05-16,live
2026-05-16T04:27:50,96,99,90,0,2026-05-16,live
2026-05-16T04:28:05,96,96,90,0,2026-05-16,live
2026-05-16T04:28:20,96,101,90,0,2026-05-16,live
2026-05-16T04:28:35,97,99,90,0,2026-05-16,live
2026-05-16T04:28:50,96,99,90,0,2026-05-16,live
2026-05-16T04:29:06,96,104,90,15,2026-05-16,live
2026-05-16T04:29:21,95,101,90,0,2026-05-16,live
2026-05-16T04:29:36,96,100,90,0,2026-05-16,live
2026-05-16T04:29:51,96,101,90,0,2026-05-16,live
2026-05-16T04:30:06,97,102,90,0,2026-05-16,live
2026-05-16T04:30:21,97,98,90,0,2026-05-16,live
2026-05-16T04:30:36,97,99,90,0,2026-05-16,live
2026-05-16T04:30:52,96,100,90,0,2026-05-16,live
2026-05-16T04:31:07,97,92,90,0,2026-05-16,live
2026-05-16T04:31:22,97,95,90,2,2026-05-16,live
2026-05-16T04:31:37,96,103,90,0,2026-05-16,live
2026-05-16T04:31:52,96,91,90,0,2026-05-16,live
2026-05-16T04:32:07,96,97,90,0,2026-05-16,live
2026-05-16T04:32:23,96,101,90,0,2026-05-16,live
2026-05-16T04:32:38,96,97,90,0,2026-05-16,live
2026-05-16T04:32:53,96,97,90,0,2026-05-16,live
2026-05-16T04:33:08,96,97,90,0,2026-05-16,live
2026-05-16T04:33:23,97,102,90,0,2026-05-16,live
2026-05-16T04:33:38,96,97,90,0,2026-05-16,live
2026-05-16T04:33:53,96,84,90,0,2026-05-16,live
2026-05-16T04:34:08,96,95,90,0,2026-05-16,live
2026-05-16T04:34:23,96,95,90,0,2026-05-16,live
2026-05-16T04:34:39,96,95,90,0,2026-05-16,live
2026-05-16T04:34:54,96,98,90,0,2026-05-16,live
2026-05-16T04:35:09,96,97,90,0,2026-05-16,live
2026-05-16T04:35:24,96,94,90,0,2026-05-16,live
2026-05-16T04:35:39,96,93,90,0,2026-05-16,live
2026-05-16T04:35:54,96,99,90,0,2026-05-16,live
2026-05-16T04:36:09,95,101,90,0,2026-05-16,live
2026-05-16T04:36:24,96,96,90,0,2026-05-16,live
2026-05-16T04:36:39,96,92,90,0,2026-05-16,live
2026-05-16T04:36:55,96,90,90,0,2026-05-16,live
2026-05-16T04:37:10,96,91,90,0,2026-05-16,live
2026-05-16T04:37:25,96,95,90,0,2026-05-16,live
2026-05-16T04:37:40,96,97,90,0,2026-05-16,live
2026-05-16T04:37:55,97,107,90,0,2026-05-16,live
2026-05-16T04:38:10,97,93,90,0,2026-05-16,live
2026-05-16T04:38:25,96,96,90,0,2026-05-16,live
2026-05-16T04:38:40,96,97,90,0,2026-05-16,live
2026-05-16T04:38:56,96,96,90,0,2026-05-16,live
2026-05-16T04:39:11,96,96,90,0,2026-05-16,live
2026-05-16T04:39:26,96,94,90,0,2026-05-16,live
2026-05-16T04:39:41,95,92,90,0,2026-05-16,live
2026-05-16T04:39:56,95,89,90,0,2026-05-16,live
2026-05-16T04:40:11,96,98,90,0,2026-05-16,live
2026-05-16T04:40:26,96,101,90,0,2026-05-16,live
2026-05-16T04:40:41,96,99,90,0,2026-05-16,live
2026-05-16T04:40:56,96,92,90,0,2026-05-16,live
2026-05-16T04:41:12,95,93,90,0,2026-05-16,live
2026-05-16T04:41:27,96,97,90,0,2026-05-16,live
2026-05-16T04:41:42,96,95,90,0,2026-05-16,live
2026-05-16T04:41:57,96,98,90,0,2026-05-16,live
2026-05-16T04:42:12,96,87,90,0,2026-05-16,live
2026-05-16T04:42:27,96,97,90,0,2026-05-16,live
2026-05-16T04:42:42,96,104,90,0,2026-05-16,live
2026-05-16T04:42:57,96,99,90,0,2026-05-16,live
2026-05-16T04:43:12,96,94,90,0,2026-05-16,live
2026-05-16T04:43:28,96,90,90,0,2026-05-16,live
2026-05-16T04:43:43,96,94,90,0,2026-05-16,live
2026-05-16T04:43:58,96,94,90,0,2026-05-16,live
2026-05-16T04:44:13,96,94,90,0,2026-05-16,live
2026-05-16T04:44:28,96,95,90,0,2026-05-16,live
2026-05-16T04:44:43,96,96,90,0,2026-05-16,live
2026-05-16T04:44:58,96,96,90,0,2026-05-16,live
2026-05-16T04:45:13,96,93,90,0,2026-05-16,live
2026-05-16T04:45:28,96,93,90,0,2026-05-16,live
2026-05-16T04:45:44,96,90,90,0,2026-05-16,live
2026-05-16T04:45:59,96,94,90,0,2026-05-16,live
2026-05-16T04:46:14,96,95,90,4,2026-05-16,live
2026-05-16T04:46:29,96,101,90,0,2026-05-16,live
2026-05-16T04:46:44,96,110,90,0,2026-05-16,live
2026-05-16T04:46:59,96,110,90,4,2026-05-16,live
2026-05-16T04:47:14,96,111,90,0,2026-05-16,live
2026-05-16T04:47:29,96,120,90,30,2026-05-16,live
2026-05-16T04:47:44,96,121,90,0,2026-05-16,live
2026-05-16T04:48:00,96,116,90,2,2026-05-16,live
2026-05-16T04:48:15,96,111,89,4,2026-05-16,live
2026-05-16T04:48:30,96,106,89,3,2026-05-16,live
2026-05-16T04:48:45,96,107,89,0,2026-05-16,live
2026-05-16T04:49:00,93,100,89,0,2026-05-16,live
2026-05-16T04:49:15,93,99,89,1,2026-05-16,live
2026-05-16T04:49:30,95,106,89,0,2026-05-16,live
2026-05-16T04:49:46,95,92,89,0,2026-05-16,live
2026-05-16T04:50:01,95,93,89,2,2026-05-16,live
2026-05-16T04:50:16,95,95,89,0,2026-05-16,live
2026-05-16T04:50:31,95,95,89,0,2026-05-16,live
2026-05-16T04:50:46,95,95,89,0,2026-05-16,live
2026-05-16T04:51:01,96,91,89,1,2026-05-16,live
2026-05-16T04:51:16,96,94,89,0,2026-05-16,live
2026-05-16T04:51:31,97,92,89,0,2026-05-16,live
2026-05-16T04:51:46,96,89,89,0,2026-05-16,live
2026-05-16T04:52:02,97,92,89,0,2026-05-16,live
2026-05-16T04:52:17,96,89,89,1,2026-05-16,live
2026-05-16T04:52:32,96,91,89,0,2026-05-16,live
2026-05-16T04:52:47,97,92,89,1,2026-05-16,live
2026-05-16T04:53:02,96,94,89,2,2026-05-16,live
2026-05-16T04:53:17,96,93,89,0,2026-05-16,live
2026-05-16T04:53:32,96,90,89,0,2026-05-16,live
2026-05-16T04:53:47,96,95,89,0,2026-05-16,live
2026-05-16T04:54:02,95,92,89,0,2026-05-16,live
2026-05-16T04:54:18,96,91,89,0,2026-05-16,live
2026-05-16T04:54:33,96,89,89,0,2026-05-16,live
2026-05-16T04:54:48,96,90,89,0,2026-05-16,live
2026-05-16T04:55:03,96,97,89,0,2026-05-16,live
2026-05-16T04:55:18,96,86,89,0,2026-05-16,live
2026-05-16T04:55:33,96,89,89,1,2026-05-16,live
2026-05-16T04:55:48,96,82,89,0,2026-05-16,live
2026-05-16T04:56:03,96,93,89,0,2026-05-16,live
2026-05-16T04:56:18,96,87,89,0,2026-05-16,live
2026-05-16T04:56:34,96,89,89,0,2026-05-16,live
2026-05-16T04:56:49,96,88,89,0,2026-05-16,live
2026-05-16T04:57:04,96,87,89,0,2026-05-16,live
2026-05-16T04:57:19,96,86,89,0,2026-05-16,live
2026-05-16T04:57:34,96,87,89,0,2026-05-16,live
2026-05-16T04:57:49,96,86,89,0,2026-05-16,live
2026-05-16T04:58:04,95,89,89,0,2026-05-16,live
2026-05-16T04:58:19,96,85,89,0,2026-05-16,live
2026-05-16T04:58:34,95,90,89,0,2026-05-16,live
2026-05-16T04:58:49,96,85,89,0,2026-05-16,live
2026-05-16T04:59:05,96,86,89,0,2026-05-16,live
2026-05-16T04:59:20,95,88,89,0,2026-05-16,live
2026-05-16T04:59:35,96,88,89,0,2026-05-16,live
2026-05-16T04:59:50,96,89,89,0,2026-05-16,live
2026-05-16T05:00:05,96,88,89,0,2026-05-16,live
2026-05-16T05:00:20,96,89,89,0,2026-05-16,live
2026-05-16T05:00:35,96,89,89,0,2026-05-16,live
2026-05-16T05:00:50,96,93,89,0,2026-05-16,live
2026-05-16T05:01:05,96,89,89,0,2026-05-16,live
2026-05-16T05:01:21,96,90,89,2,2026-05-16,live
2026-05-16T05:01:36,95,88,89,5,2026-05-16,live
2026-05-16T05:01:51,96,91,89,0,2026-05-16,live
2026-05-16T05:02:06,96,86,89,0,2026-05-16,live
2026-05-16T05:02:21,96,89,89,0,2026-05-16,live
2026-05-16T05:02:36,96,88,89,0,2026-05-16,live
2026-05-16T05:02:51,96,86,89,0,2026-05-16,live
2026-05-16T05:03:06,96,89,89,0,2026-05-16,live
2026-05-16T05:03:21,96,88,89,0,2026-05-16,live
2026-05-16T05:03:37,96,87,89,0,2026-05-16,live
2026-05-16T05:03:52,95,93,89,0,2026-05-16,live
2026-05-16T05:04:07,96,85,89,0,2026-05-16,live
2026-05-16T05:04:22,96,87,89,0,2026-05-16,live
2026-05-16T05:04:37,96,87,89,0,2026-05-16,live
2026-05-16T05:04:52,95,89,89,0,2026-05-16,live
2026-05-16T05:05:07,95,88,89,0,2026-05-16,live
2026-05-16T05:05:22,96,89,89,0,2026-05-16,live
2026-05-16T05:05:38,95,92,89,1,2026-05-16,live
2026-05-16T05:05:53,95,95,89,0,2026-05-16,live
2026-05-16T05:06:08,95,88,89,0,2026-05-16,live
2026-05-16T05:06:23,95,92,89,0,2026-05-16,live
2026-05-16T05:06:38,95,91,89,0,2026-05-16,live
2026-05-16T05:06:53,95,92,89,0,2026-05-16,live
2026-05-16T05:07:08,95,95,89,0,2026-05-16,live
2026-05-16T05:07:23,95,89,89,0,2026-05-16,live
2026-05-16T05:07:38,96,85,89,0,2026-05-16,live
2026-05-16T05:07:54,96,89,89,1,2026-05-16,live
2026-05-16T05:08:09,96,99,89,0,2026-05-16,live
2026-05-16T05:08:24,96,90,89,0,2026-05-16,live
2026-05-16T05:08:39,95,92,89,0,2026-05-16,live
2026-05-16T05:08:54,95,92,89,0,2026-05-16,live
2026-05-16T05:09:09,96,93,89,2,2026-05-16,live
2026-05-16T05:09:24,96,96,89,0,2026-05-16,live
2026-05-16T05:09:39,96,99,89,0,2026-05-16,live
2026-05-16T05:09:55,95,92,89,1,2026-05-16,live
2026-05-16T05:10:10,95,93,89,0,2026-05-16,live
2026-05-16T05:10:25,95,93,89,0,2026-05-16,live
2026-05-16T05:10:40,95,98,89,0,2026-05-16,live
2026-05-16T05:10:55,95,92,89,0,2026-05-16,live
2026-05-16T05:11:10,95,93,89,1,2026-05-16,live
2026-05-16T05:11:25,95,94,89,1,2026-05-16,live
2026-05-16T05:11:40,95,90,89,0,2026-05-16,live
2026-05-16T05:11:55,95,91,89,0,2026-05-16,live
2026-05-16T05:12:11,96,90,89,0,2026-05-16,live
2026-05-16T05:12:26,95,89,89,0,2026-05-16,live
2026-05-16T05:12:41,96,89,89,0,2026-05-16,live
2026-05-16T05:12:56,96,90,89,0,2026-05-16,live
2026-05-16T05:13:11,94,94,89,1,2026-05-16,live
2026-05-16T05:13:26,96,95,89,1,2026-05-16,live
2026-05-16T05:13:41,96,91,89,1,2026-05-16,live
2026-05-16T05:13:56,95,92,89,0,2026-05-16,live
2026-05-16T05:14:11,95,91,89,0,2026-05-16,live
2026-05-16T05:14:26,95,92,89,0,2026-05-16,live
2026-05-16T05:14:42,96,94,89,0,2026-05-16,live
2026-05-16T05:14:57,96,90,89,0,2026-05-16,live
2026-05-16T05:15:12,96,88,89,1,2026-05-16,live
2026-05-16T05:15:27,96,88,89,0,2026-05-16,live
2026-05-16T05:15:42,95,89,89,0,2026-05-16,live
2026-05-16T05:15:57,94,89,89,0,2026-05-16,live
2026-05-16T05:16:12,96,89,89,0,2026-05-16,live
2026-05-16T05:16:27,96,92,89,2,2026-05-16,live
2026-05-16T05:16:42,96,91,89,0,2026-05-16,live
2026-05-16T05:16:58,96,91,89,0,2026-05-16,live
2026-05-16T05:17:13,95,92,89,0,2026-05-16,live
2026-05-16T05:17:28,95,91,89,0,2026-05-16,live
2026-05-16T05:17:43,95,89,89,0,2026-05-16,live
2026-05-16T05:17:58,95,92,89,0,2026-05-16,live
2026-05-16T05:18:13,95,90,89,0,2026-05-16,live
2026-05-16T05:18:28,95,92,89,0,2026-05-16,live
2026-05-16T05:18:43,95,92,89,0,2026-05-16,live
2026-05-16T05:18:59,95,90,89,0,2026-05-16,live
2026-05-16T05:19:14,95,95,89,0,2026-05-16,live
2026-05-16T05:19:29,95,83,89,0,2026-05-16,live
2026-05-16T05:19:44,96,89,89,0,2026-05-16,live
2026-05-16T05:19:59,96,87,89,0,2026-05-16,live
2026-05-16T05:20:14,96,97,89,0,2026-05-16,live
2026-05-16T05:20:29,96,90,89,0,2026-05-16,live
2026-05-16T05:20:44,95,90,89,0,2026-05-16,live
2026-05-16T05:20:59,95,92,89,1,2026-05-16,live
2026-05-16T05:21:14,95,92,89,2,2026-05-16,live
2026-05-16T05:21:30,95,94,89,0,2026-05-16,live
2026-05-16T05:21:45,96,91,89,0,2026-05-16,live
2026-05-16T05:22:00,95,92,89,0,2026-05-16,live
2026-05-16T05:22:15,96,90,89,0,2026-05-16,live
2026-05-16T05:22:30,96,93,89,0,2026-05-16,live
2026-05-16T05:22:45,96,92,89,0,2026-05-16,live
2026-05-16T05:23:00,96,93,89,0,2026-05-16,live
2026-05-16T05:23:15,96,91,89,0,2026-05-16,live
2026-05-16T05:23:30,96,89,89,0,2026-05-16,live
2026-05-16T05:23:46,96,91,89,0,2026-05-16,live
2026-05-16T05:24:01,95,91,89,0,2026-05-16,live
2026-05-16T05:24:16,95,90,89,0,2026-05-16,live
2026-05-16T05:24:31,95,91,89,0,2026-05-16,live
2026-05-16T05:24:46,95,90,89,0,2026-05-16,live
2026-05-16T05:25:01,95,90,89,0,2026-05-16,live
2026-05-16T05:25:16,95,90,89,0,2026-05-16,live
2026-05-16T05:25:31,95,92,89,0,2026-05-16,live
2026-05-16T05:25:46,95,89,89,0,2026-05-16,live
2026-05-16T05:26:01,96,88,89,0,2026-05-16,live
2026-05-16T05:26:17,95,95,89,1,2026-05-16,live
2026-05-16T05:26:32,95,99,89,0,2026-05-16,live
2026-05-16T05:26:47,95,94,89,2,2026-05-16,live
2026-05-16T05:27:02,95,91,89,0,2026-05-16,live
2026-05-16T05:27:17,95,91,89,1,2026-05-16,live
2026-05-16T05:27:32,95,93,89,2,2026-05-16,live
2026-05-16T05:27:47,95,90,89,1,2026-05-16,live
2026-05-16T05:28:02,95,94,89,2,2026-05-16,live
2026-05-16T05:28:18,95,91,89,1,2026-05-16,live
2026-05-16T05:28:33,95,95,89,1,2026-05-16,live
2026-05-16T05:28:48,95,90,89,0,2026-05-16,live
2026-05-16T05:29:03,96,88,89,0,2026-05-16,live
2026-05-16T05:29:18,95,91,89,0,2026-05-16,live
2026-05-16T05:29:33,96,92,89,0,2026-05-16,live
2026-05-16T05:29:48,95,90,89,0,2026-05-16,live
2026-05-16T05:30:03,95,90,89,0,2026-05-16,live
2026-05-16T05:30:18,95,91,89,0,2026-05-16,live
2026-05-16T05:30:34,95,87,89,0,2026-05-16,live
2026-05-16T05:30:49,96,89,89,0,2026-05-16,live
2026-05-16T05:31:04,96,88,89,0,2026-05-16,live
2026-05-16T05:31:19,95,91,89,0,2026-05-16,live
2026-05-16T05:31:34,95,92,89,0,2026-05-16,live
2026-05-16T05:31:49,95,89,89,0,2026-05-16,live
2026-05-16T05:32:04,95,90,89,0,2026-05-16,live
2026-05-16T05:32:19,95,91,89,0,2026-05-16,live
2026-05-16T05:32:34,96,93,89,0,2026-05-16,live
2026-05-16T05:32:50,96,95,89,0,2026-05-16,live
2026-05-16T05:33:05,96,94,89,0,2026-05-16,live
2026-05-16T05:33:20,95,88,89,0,2026-05-16,live
2026-05-16T05:33:35,95,89,89,0,2026-05-16,live
2026-05-16T05:33:50,95,88,89,0,2026-05-16,live
2026-05-16T05:34:05,95,89,89,0,2026-05-16,live
2026-05-16T05:34:20,95,90,89,0,2026-05-16,live
2026-05-16T05:34:35,96,89,89,0,2026-05-16,live
2026-05-16T05:34:51,96,94,89,2,2026-05-16,live
2026-05-16T05:35:06,96,92,89,2,2026-05-16,live
2026-05-16T05:35:21,96,92,89,0,2026-05-16,live
2026-05-16T05:35:36,96,88,89,0,2026-05-16,live
2026-05-16T05:35:51,95,93,89,1,2026-05-16,live
2026-05-16T05:36:06,95,92,89,0,2026-05-16,live
2026-05-16T05:36:21,95,88,89,0,2026-05-16,live
2026-05-16T05:36:36,95,91,89,0,2026-05-16,live
2026-05-16T05:36:52,95,89,89,1,2026-05-16,live
2026-05-16T05:37:07,95,93,89,0,2026-05-16,live
2026-05-16T05:37:22,95,89,89,0,2026-05-16,live
2026-05-16T05:37:37,95,91,89,0,2026-05-16,live
2026-05-16T05:37:52,95,90,89,0,2026-05-16,live
2026-05-16T05:38:07,95,90,89,0,2026-05-16,live
2026-05-16T05:38:22,95,91,89,0,2026-05-16,live
2026-05-16T05:38:37,95,89,89,0,2026-05-16,live
2026-05-16T05:38:52,95,90,89,0,2026-05-16,live
2026-05-16T05:39:08,95,91,89,2,2026-05-16,live
2026-05-16T05:39:23,95,96,89,1,2026-05-16,live
2026-05-16T05:39:38,95,89,89,0,2026-05-16,live
2026-05-16T05:39:53,96,83,89,0,2026-05-16,live
2026-05-16T05:40:08,96,89,89,0,2026-05-16,live
2026-05-16T05:40:23,95,92,89,0,2026-05-16,live
2026-05-16T05:40:38,95,88,89,0,2026-05-16,live
2026-05-16T05:40:53,95,85,89,0,2026-05-16,live
2026-05-16T05:41:08,95,85,89,0,2026-05-16,live
2026-05-16T05:41:24,95,87,89,0,2026-05-16,live
2026-05-16T05:41:39,95,88,89,0,2026-05-16,live
2026-05-16T05:41:54,95,87,89,0,2026-05-16,live
2026-05-16T05:42:09,95,92,89,0,2026-05-16,live
2026-05-16T05:42:24,95,89,89,0,2026-05-16,live
2026-05-16T05:42:39,95,89,89,0,2026-05-16,live
2026-05-16T05:42:54,95,89,89,3,2026-05-16,live
2026-05-16T05:43:09,95,93,89,0,2026-05-16,live
2026-05-16T05:43:24,97,88,89,0,2026-05-16,live
2026-05-16T05:43:39,95,90,89,3,2026-05-16,live
2026-05-16T05:43:55,95,90,89,0,2026-05-16,live
2026-05-16T05:44:10,95,91,89,0,2026-05-16,live
2026-05-16T05:44:25,95,91,89,0,2026-05-16,live
2026-05-16T05:44:40,95,93,89,1,2026-05-16,live
2026-05-16T05:44:55,94,97,89,0,2026-05-16,live
2026-05-16T05:45:10,96,89,89,0,2026-05-16,live
2026-05-16T05:45:25,96,94,89,0,2026-05-16,live
2026-05-16T05:45:40,94,87,89,0,2026-05-16,live
2026-05-16T05:45:55,95,87,89,0,2026-05-16,live
2026-05-16T05:46:10,95,89,89,0,2026-05-16,live
2026-05-16T05:46:26,95,87,89,0,2026-05-16,live
2026-05-16T05:46:41,95,87,89,0,2026-05-16,live
2026-05-16T05:46:56,95,94,89,0,2026-05-16,live
2026-05-16T05:47:11,95,88,89,3,2026-05-16,live
2026-05-16T05:47:26,96,88,89,0,2026-05-16,live
2026-05-16T05:47:41,95,92,89,0,2026-05-16,live
2026-05-16T05:47:56,95,84,89,0,2026-05-16,live
2026-05-16T05:48:11,95,86,89,0,2026-05-16,live
2026-05-16T05:48:26,95,88,89,0,2026-05-16,live
2026-05-16T05:48:42,95,88,89,0,2026-05-16,live
2026-05-16T05:48:57,95,88,89,0,2026-05-16,live
2026-05-16T05:49:12,95,90,89,0,2026-05-16,live
2026-05-16T05:49:27,95,88,89,2,2026-05-16,live
2026-05-16T05:49:42,95,88,89,0,2026-05-16,live
2026-05-16T05:49:57,96,86,89,1,2026-05-16,live
2026-05-16T05:50:12,95,90,89,0,2026-05-16,live
2026-05-16T05:50:27,95,95,89,4,2026-05-16,live
2026-05-16T05:50:42,94,95,89,0,2026-05-16,live
2026-05-16T05:50:58,96,87,89,0,2026-05-16,live
2026-05-16T05:51:13,96,88,89,0,2026-05-16,live
2026-05-16T05:51:28,96,89,89,0,2026-05-16,live
2026-05-16T05:51:43,96,89,89,0,2026-05-16,live
2026-05-16T05:51:58,96,88,89,0,2026-05-16,live
2026-05-16T05:52:13,95,88,89,0,2026-05-16,live
2026-05-16T05:52:28,95,89,89,0,2026-05-16,live
2026-05-16T05:52:43,95,89,89,0,2026-05-16,live
2026-05-16T05:52:58,95,89,89,0,2026-05-16,live
2026-05-16T05:53:14,95,90,89,4,2026-05-16,live
2026-05-16T05:53:29,95,94,89,0,2026-05-16,live
2026-05-16T05:53:44,95,91,89,1,2026-05-16,live
2026-05-16T05:53:59,95,90,89,0,2026-05-16,live
2026-05-16T05:54:14,95,94,89,0,2026-05-16,live
2026-05-16T05:54:29,96,87,89,0,2026-05-16,live
2026-05-16T05:54:44,95,85,89,4,2026-05-16,live
2026-05-16T05:54:59,95,88,89,0,2026-05-16,live
2026-05-16T05:55:15,95,85,89,0,2026-05-16,live
2026-05-16T05:55:30,95,88,89,0,2026-05-16,live
2026-05-16T05:55:45,95,86,89,11,2026-05-16,live
2026-05-16T05:56:00,95,91,89,0,2026-05-16,live
2026-05-16T05:56:15,96,89,88,0,2026-05-16,live
2026-05-16T05:56:30,96,85,88,0,2026-05-16,live
2026-05-16T05:56:45,95,87,88,0,2026-05-16,live
2026-05-16T05:57:00,95,88,88,2,2026-05-16,live
2026-05-16T05:57:16,96,88,88,1,2026-05-16,live
2026-05-16T05:57:31,96,89,88,0,2026-05-16,live
2026-05-16T05:57:46,96,84,88,4,2026-05-16,live
2026-05-16T05:58:01,96,89,88,0,2026-05-16,live
2026-05-16T05:58:16,96,89,88,0,2026-05-16,live
2026-05-16T05:58:31,95,89,88,0,2026-05-16,live
2026-05-16T05:58:46,95,92,88,1,2026-05-16,live
2026-05-16T05:59:01,95,92,88,0,2026-05-16,live
2026-05-16T05:59:16,94,88,88,0,2026-05-16,live
2026-05-16T05:59:32,92,88,88,2,2026-05-16,live
2026-05-16T05:59:47,96,90,88,0,2026-05-16,live
2026-05-16T06:00:02,96,89,88,0,2026-05-16,live
2026-05-16T06:00:17,95,85,88,0,2026-05-16,live
2026-05-16T06:00:32,96,85,88,0,2026-05-16,live
2026-05-16T06:00:47,95,87,88,0,2026-05-16,live
2026-05-16T06:01:02,95,88,88,0,2026-05-16,live
2026-05-16T06:01:17,95,88,88,0,2026-05-16,live
2026-05-16T06:01:32,95,97,88,0,2026-05-16,live
2026-05-16T06:01:48,95,86,88,0,2026-05-16,live
2026-05-16T06:02:03,95,86,88,0,2026-05-16,live
2026-05-16T06:02:18,95,86,88,0,2026-05-16,live
2026-05-16T06:02:33,95,86,88,0,2026-05-16,live
2026-05-16T06:02:48,95,87,88,0,2026-05-16,live
2026-05-16T06:03:03,95,89,88,2,2026-05-16,live
2026-05-16T06:03:18,95,91,88,1,2026-05-16,live
2026-05-16T06:03:33,95,90,88,2,2026-05-16,live
2026-05-16T06:03:49,94,90,88,2,2026-05-16,live
2026-05-16T06:04:04,95,93,88,0,2026-05-16,live
2026-05-16T06:04:19,95,92,88,0,2026-05-16,live
2026-05-16T06:04:34,95,92,88,0,2026-05-16,live
2026-05-16T06:04:49,93,99,88,1,2026-05-16,live
2026-05-16T06:05:04,94,96,88,1,2026-05-16,live
2026-05-16T06:05:19,96,94,88,0,2026-05-16,live
2026-05-16T06:05:34,96,89,88,0,2026-05-16,live
2026-05-16T06:05:49,96,87,88,0,2026-05-16,live
2026-05-16T06:06:05,96,90,88,0,2026-05-16,live
2026-05-16T06:06:20,96,90,88,0,2026-05-16,live
2026-05-16T06:06:35,95,89,88,0,2026-05-16,live
2026-05-16T06:06:50,96,87,88,0,2026-05-16,live
2026-05-16T06:07:05,96,92,88,0,2026-05-16,live
2026-05-16T06:07:20,96,89,88,1,2026-05-16,live
2026-05-16T06:07:35,96,93,88,0,2026-05-16,live
2026-05-16T06:07:50,96,86,88,1,2026-05-16,live
2026-05-16T06:08:06,97,88,88,0,2026-05-16,live
2026-05-16T06:08:21,98,88,88,0,2026-05-16,live
2026-05-16T06:08:36,96,88,88,0,2026-05-16,live
2026-05-16T06:08:51,96,88,88,0,2026-05-16,live
2026-05-16T06:09:06,96,91,88,0,2026-05-16,live
2026-05-16T06:09:21,95,94,88,0,2026-05-16,live
2026-05-16T06:09:36,95,87,88,1,2026-05-16,live
2026-05-16T06:09:51,95,90,88,0,2026-05-16,live
2026-05-16T06:10:06,95,85,88,0,2026-05-16,live
2026-05-16T06:10:22,95,85,88,0,2026-05-16,live
2026-05-16T06:10:37,95,85,88,0,2026-05-16,live
2026-05-16T06:10:52,95,88,88,0,2026-05-16,live
2026-05-16T06:11:07,95,89,88,0,2026-05-16,live
2026-05-16T06:11:22,95,91,88,7,2026-05-16,live
2026-05-16T06:11:37,95,94,88,3,2026-05-16,live
2026-05-16T06:11:52,95,92,88,3,2026-05-16,live
2026-05-16T06:12:07,94,93,88,0,2026-05-16,live
2026-05-16T06:12:22,95,88,88,0,2026-05-16,live
2026-05-16T06:12:37,96,89,88,3,2026-05-16,live
2026-05-16T06:12:53,96,92,88,0,2026-05-16,live
2026-05-16T06:13:08,95,89,88,0,2026-05-16,live
2026-05-16T06:13:23,95,89,88,0,2026-05-16,live
2026-05-16T06:13:38,95,92,88,0,2026-05-16,live
2026-05-16T06:13:53,95,89,88,0,2026-05-16,live
2026-05-16T06:14:08,95,92,88,0,2026-05-16,live
2026-05-16T06:14:23,95,90,88,0,2026-05-16,live
2026-05-16T06:14:38,95,89,88,0,2026-05-16,live
2026-05-16T06:14:53,94,89,88,0,2026-05-16,live
2026-05-16T06:15:09,94,87,88,0,2026-05-16,live
2026-05-16T06:15:24,94,87,88,0,2026-05-16,live
2026-05-16T06:15:39,94,87,88,0,2026-05-16,live
2026-05-16T06:15:54,94,87,88,2,2026-05-16,live
2026-05-16T06:16:09,93,91,88,2,2026-05-16,live
2026-05-16T06:16:24,95,91,88,0,2026-05-16,live
2026-05-16T06:16:39,95,88,88,0,2026-05-16,live
2026-05-16T06:16:54,94,87,88,0,2026-05-16,live
2026-05-16T06:17:09,94,86,88,0,2026-05-16,live
2026-05-16T06:17:24,93,89,88,0,2026-05-16,live
2026-05-16T06:17:40,94,87,88,0,2026-05-16,live
2026-05-16T06:17:55,94,88,88,0,2026-05-16,live
2026-05-16T06:18:10,94,89,88,0,2026-05-16,live
2026-05-16T06:18:25,93,88,88,0,2026-05-16,live
2026-05-16T06:18:40,93,89,88,0,2026-05-16,live
2026-05-16T06:18:55,93,88,88,0,2026-05-16,live
2026-05-16T06:19:10,93,93,88,0,2026-05-16,live
2026-05-16T06:19:25,93,86,88,0,2026-05-16,live
2026-05-16T06:19:41,94,86,88,0,2026-05-16,live
2026-05-16T06:19:56,94,87,88,0,2026-05-16,live
2026-05-16T06:20:11,94,87,88,0,2026-05-16,live
2026-05-16T06:20:26,93,84,88,0,2026-05-16,live
2026-05-16T06:20:41,94,86,88,0,2026-05-16,live
2026-05-16T06:20:56,94,85,88,0,2026-05-16,live
2026-05-16T06:21:11,94,92,88,0,2026-05-16,live
2026-05-16T06:21:26,94,89,88,0,2026-05-16,live
2026-05-16T06:21:41,94,85,88,0,2026-05-16,live
2026-05-16T06:21:57,94,86,88,0,2026-05-16,live
2026-05-16T06:22:12,94,86,88,0,2026-05-16,live
2026-05-16T06:22:27,94,90,88,0,2026-05-16,live
2026-05-16T06:22:42,94,90,88,0,2026-05-16,live
2026-05-16T06:22:57,94,91,88,1,2026-05-16,live
2026-05-16T06:23:12,93,93,88,0,2026-05-16,live
2026-05-16T06:23:27,94,87,88,0,2026-05-16,live
2026-05-16T06:23:42,94,86,88,0,2026-05-16,live
2026-05-16T06:23:57,94,86,88,0,2026-05-16,live
2026-05-16T06:24:13,94,85,88,0,2026-05-16,live
2026-05-16T06:24:28,94,88,88,0,2026-05-16,live
2026-05-16T06:24:43,94,86,88,0,2026-05-16,live
2026-05-16T06:24:58,94,85,88,0,2026-05-16,live
2026-05-16T06:25:13,94,90,88,0,2026-05-16,live
2026-05-16T06:25:28,94,90,88,1,2026-05-16,live
2026-05-16T06:25:43,94,88,88,0,2026-05-16,live
2026-05-16T06:25:58,94,88,88,2,2026-05-16,live
2026-05-16T06:26:13,94,88,88,1,2026-05-16,live
2026-05-16T06:26:29,94,90,88,0,2026-05-16,live
2026-05-16T06:26:44,93,90,88,0,2026-05-16,live
2026-05-16T06:26:59,92,97,88,0,2026-05-16,live
2026-05-16T06:27:14,94,82,88,0,2026-05-16,live
2026-05-16T06:27:29,94,88,88,0,2026-05-16,live
2026-05-16T06:27:44,95,88,88,0,2026-05-16,live
2026-05-16T06:27:59,95,86,88,0,2026-05-16,live
2026-05-16T06:28:14,94,85,88,0,2026-05-16,live
2026-05-16T06:28:29,94,85,88,0,2026-05-16,live
2026-05-16T06:28:45,95,85,88,0,2026-05-16,live
2026-05-16T06:29:00,95,88,88,2,2026-05-16,live
2026-05-16T06:29:15,95,86,88,0,2026-05-16,live
2026-05-16T06:29:30,95,85,88,1,2026-05-16,live
2026-05-16T06:29:45,95,86,88,0,2026-05-16,live
2026-05-16T06:30:00,95,86,88,0,2026-05-16,live
2026-05-16T06:30:15,94,86,88,0,2026-05-16,live
2026-05-16T06:30:30,93,94,88,0,2026-05-16,live
2026-05-16T06:30:45,95,87,88,0,2026-05-16,live
2026-05-16T06:31:01,95,87,88,0,2026-05-16,live
2026-05-16T06:31:16,96,86,88,0,2026-05-16,live
2026-05-16T06:31:31,95,84,88,0,2026-05-16,live
2026-05-16T06:31:46,95,85,88,0,2026-05-16,live
2026-05-16T06:32:01,95,87,88,0,2026-05-16,live
2026-05-16T06:32:16,95,90,88,0,2026-05-16,live
2026-05-16T06:32:31,95,89,88,0,2026-05-16,live
2026-05-16T06:32:46,95,89,88,0,2026-05-16,live
2026-05-16T06:33:01,95,87,88,3,2026-05-16,live
2026-05-16T06:33:17,95,91,88,2,2026-05-16,live
2026-05-16T06:33:32,95,90,88,0,2026-05-16,live
2026-05-16T06:33:47,95,85,88,0,2026-05-16,live
2026-05-16T06:34:02,95,91,88,0,2026-05-16,live
2026-05-16T06:34:17,95,91,87,1,2026-05-16,live
2026-05-16T06:34:32,96,90,87,0,2026-05-16,live
2026-05-16T06:34:47,96,90,87,0,2026-05-16,live
2026-05-16T06:35:02,96,86,87,1,2026-05-16,live
2026-05-16T06:35:17,96,90,87,1,2026-05-16,live
2026-05-16T06:35:33,96,91,87,5,2026-05-16,live
2026-05-16T06:35:48,96,93,87,2,2026-05-16,live
2026-05-16T06:36:03,95,97,87,0,2026-05-16,live
2026-05-16T06:36:18,95,96,87,0,2026-05-16,live
2026-05-16T06:36:33,95,87,87,0,2026-05-16,live
2026-05-16T06:36:48,95,89,87,2,2026-05-16,live
2026-05-16T06:37:03,95,91,87,1,2026-05-16,live
2026-05-16T06:37:18,96,93,87,2,2026-05-16,live
2026-05-16T06:37:33,96,97,87,0,2026-05-16,live
2026-05-16T06:37:48,96,94,87,0,2026-05-16,live
2026-05-16T06:38:04,95,87,87,0,2026-05-16,live
2026-05-16T06:38:19,95,92,87,0,2026-05-16,live
2026-05-16T06:38:34,96,91,87,0,2026-05-16,live
2026-05-16T06:38:49,96,92,87,0,2026-05-16,live
2026-05-16T06:39:04,96,91,87,0,2026-05-16,live
2026-05-16T06:39:19,96,89,87,1,2026-05-16,live
2026-05-16T06:39:34,96,93,87,0,2026-05-16,live
2026-05-16T06:39:49,96,91,87,0,2026-05-16,live
2026-05-16T06:40:04,96,90,87,0,2026-05-16,live
2026-05-16T06:40:20,96,91,87,3,2026-05-16,live
2026-05-16T06:40:35,95,87,87,0,2026-05-16,live
2026-05-16T06:40:50,95,84,87,0,2026-05-16,live
2026-05-16T06:41:05,95,86,87,0,2026-05-16,live
2026-05-16T06:41:20,95,89,87,0,2026-05-16,live
2026-05-16T06:41:35,96,91,87,0,2026-05-16,live
2026-05-16T06:41:50,96,92,87,0,2026-05-16,live
2026-05-16T06:42:05,96,89,87,0,2026-05-16,live
2026-05-16T06:42:20,96,88,87,0,2026-05-16,live
2026-05-16T06:42:36,96,89,87,0,2026-05-16,live
2026-05-16T06:42:51,96,88,87,0,2026-05-16,live
2026-05-16T06:43:06,96,87,87,0,2026-05-16,live
2026-05-16T06:43:21,96,89,87,0,2026-05-16,live
2026-05-16T06:43:36,96,90,87,0,2026-05-16,live
2026-05-16T06:43:51,96,89,87,0,2026-05-16,live
2026-05-16T06:44:06,96,94,87,0,2026-05-16,live
2026-05-16T06:44:21,96,91,87,0,2026-05-16,live
2026-05-16T06:44:36,96,86,87,2,2026-05-16,live
2026-05-16T06:44:52,95,87,87,0,2026-05-16,live
2026-05-16T06:45:07,96,86,87,0,2026-05-16,live
2026-05-16T06:45:22,96,88,87,0,2026-05-16,live
2026-05-16T06:45:37,96,89,87,1,2026-05-16,live
2026-05-16T06:45:52,96,89,87,0,2026-05-16,live
2026-05-16T06:46:07,96,94,87,3,2026-05-16,live
2026-05-16T06:46:22,96,93,87,0,2026-05-16,live
2026-05-16T06:46:37,96,85,87,0,2026-05-16,live
2026-05-16T06:46:52,95,84,87,0,2026-05-16,live
2026-05-16T06:47:08,95,88,87,0,2026-05-16,live
2026-05-16T06:47:23,95,94,87,0,2026-05-16,live
2026-05-16T06:47:38,95,86,87,0,2026-05-16,live
2026-05-16T06:47:53,95,87,87,0,2026-05-16,live
2026-05-16T06:48:08,95,90,87,0,2026-05-16,live
2026-05-16T06:48:23,95,93,87,0,2026-05-16,live
2026-05-16T06:48:38,95,87,87,0,2026-05-16,live
2026-05-16T06:48:53,95,92,87,1,2026-05-16,live
2026-05-16T06:49:08,95,91,87,1,2026-05-16,live
2026-05-16T06:49:24,95,88,87,0,2026-05-16,live
2026-05-16T06:49:39,95,91,87,1,2026-05-16,live
2026-05-16T06:49:54,95,90,87,0,2026-05-16,live
2026-05-16T06:50:09,94,92,87,7,2026-05-16,live
2026-05-16T06:50:24,95,97,87,0,2026-05-16,live
2026-05-16T06:50:39,95,94,87,0,2026-05-16,live
2026-05-16T06:50:54,96,87,87,0,2026-05-16,live
2026-05-16T06:51:09,96,89,87,4,2026-05-16,live
2026-05-16T06:51:24,95,95,87,0,2026-05-16,live
2026-05-16T06:51:40,96,83,87,0,2026-05-16,live
2026-05-16T06:51:55,96,86,87,0,2026-05-16,live
2026-05-16T06:52:10,96,87,87,0,2026-05-16,live
2026-05-16T06:52:25,96,90,87,0,2026-05-16,live
2026-05-16T06:52:40,95,96,87,0,2026-05-16,live
2026-05-16T06:52:55,96,87,87,0,2026-05-16,live
2026-05-16T06:53:10,95,86,87,0,2026-05-16,live
2026-05-16T06:53:25,95,87,87,0,2026-05-16,live
2026-05-16T06:53:40,96,89,87,0,2026-05-16,live
2026-05-16T06:53:56,96,92,87,0,2026-05-16,live
2026-05-16T06:54:11,96,89,87,0,2026-05-16,live
2026-05-16T06:54:26,95,92,87,0,2026-05-16,live
2026-05-16T06:54:41,96,90,87,2,2026-05-16,live
2026-05-16T06:54:56,96,93,87,0,2026-05-16,live
2026-05-16T06:55:11,96,92,87,0,2026-05-16,live
2026-05-16T06:55:26,96,92,87,1,2026-05-16,live
2026-05-16T06:55:41,97,91,87,10,2026-05-16,live
2026-05-16T06:55:57,97,96,87,0,2026-05-16,live
2026-05-16T06:56:12,95,99,87,0,2026-05-16,live
2026-05-16T06:56:27,96,86,87,0,2026-05-16,live
2026-05-16T06:56:42,96,91,87,0,2026-05-16,live
2026-05-16T06:56:57,96,90,87,0,2026-05-16,live
2026-05-16T06:57:12,96,87,87,0,2026-05-16,live
2026-05-16T06:57:27,96,90,87,0,2026-05-16,live
2026-05-16T06:57:42,96,88,87,0,2026-05-16,live
2026-05-16T06:57:57,96,87,87,0,2026-05-16,live
2026-05-16T06:58:13,96,83,87,0,2026-05-16,live
2026-05-16T06:58:28,95,83,87,0,2026-05-16,live
2026-05-16T06:58:43,95,89,87,0,2026-05-16,live
2026-05-16T06:58:58,96,87,87,0,2026-05-16,live
2026-05-16T06:59:13,96,86,87,0,2026-05-16,live
2026-05-16T06:59:28,96,87,87,0,2026-05-16,live
2026-05-16T06:59:43,96,86,87,0,2026-05-16,live
2026-05-16T06:59:58,96,83,87,0,2026-05-16,live
2026-05-16T07:00:13,94,91,87,4,2026-05-16,live
2026-05-16T07:00:29,94,92,87,2,2026-05-16,live
2026-05-16T07:00:44,94,92,87,0,2026-05-16,live
2026-05-16T07:00:59,94,90,87,3,2026-05-16,live
2026-05-16T07:01:14,96,93,87,0,2026-05-16,live
2026-05-16T07:01:29,96,87,87,0,2026-05-16,live
2026-05-16T07:01:44,95,90,87,1,2026-05-16,live
2026-05-16T07:01:59,95,85,87,0,2026-05-16,live
2026-05-16T07:02:14,95,86,87,0,2026-05-16,live
2026-05-16T07:02:29,95,85,87,3,2026-05-16,live
2026-05-16T07:02:44,95,93,87,0,2026-05-16,live
2026-05-16T07:03:00,95,87,87,0,2026-05-16,live
2026-05-16T07:03:15,94,87,87,0,2026-05-16,live
2026-05-16T07:03:30,94,91,87,0,2026-05-16,live
2026-05-16T07:03:45,95,88,87,0,2026-05-16,live
2026-05-16T07:04:00,95,90,87,0,2026-05-16,live
2026-05-16T07:04:15,95,90,87,0,2026-05-16,live
2026-05-16T07:04:30,95,86,87,0,2026-05-16,live
2026-05-16T07:04:45,95,88,87,0,2026-05-16,live
2026-05-16T07:05:00,95,91,87,0,2026-05-16,live
2026-05-16T07:05:16,96,88,87,0,2026-05-16,live
2026-05-16T07:05:31,95,90,87,0,2026-05-16,live
2026-05-16T07:05:46,95,90,87,0,2026-05-16,live
2026-05-16T07:06:01,95,89,87,0,2026-05-16,live
2026-05-16T07:06:16,96,86,87,0,2026-05-16,live
2026-05-16T07:06:31,96,89,87,4,2026-05-16,live
2026-05-16T07:06:46,96,89,87,1,2026-05-16,live
2026-05-16T07:07:01,96,91,87,0,2026-05-16,live
2026-05-16T07:07:16,94,90,87,0,2026-05-16,live
2026-05-16T07:07:31,95,90,87,0,2026-05-16,live
2026-05-16T07:07:47,95,88,87,0,2026-05-16,live
2026-05-16T07:08:02,96,91,87,0,2026-05-16,live
2026-05-16T07:08:17,96,87,87,0,2026-05-16,live
2026-05-16T07:08:32,96,88,87,0,2026-05-16,live
2026-05-16T07:08:47,95,88,87,0,2026-05-16,live
2026-05-16T07:09:02,96,89,87,0,2026-05-16,live
2026-05-16T07:09:17,96,90,87,0,2026-05-16,live
2026-05-16T07:09:32,96,87,87,0,2026-05-16,live
2026-05-16T07:09:47,96,84,87,0,2026-05-16,live
2026-05-16T07:10:03,96,84,87,0,2026-05-16,live
2026-05-16T07:10:18,96,90,87,0,2026-05-16,live
2026-05-16T07:10:33,96,90,87,0,2026-05-16,live
2026-05-16T07:10:48,95,87,87,0,2026-05-16,live
2026-05-16T07:11:03,96,89,87,0,2026-05-16,live
2026-05-16T07:11:18,96,88,87,0,2026-05-16,live
2026-05-16T07:11:33,96,89,87,0,2026-05-16,live
2026-05-16T07:11:48,96,88,87,0,2026-05-16,live
2026-05-16T07:12:03,96,90,87,1,2026-05-16,live
2026-05-16T07:12:19,96,88,87,0,2026-05-16,live
2026-05-16T07:12:34,96,90,87,2,2026-05-16,live
2026-05-16T07:12:49,96,95,87,0,2026-05-16,live
2026-05-16T07:13:04,96,88,87,0,2026-05-16,live
2026-05-16T07:13:19,96,90,87,0,2026-05-16,live
2026-05-16T07:13:34,96,96,87,0,2026-05-16,live
2026-05-16T07:13:49,96,88,87,0,2026-05-16,live
2026-05-16T07:14:04,96,93,87,0,2026-05-16,live
2026-05-16T07:14:19,96,91,87,0,2026-05-16,live
2026-05-16T07:14:35,96,88,87,0,2026-05-16,live
2026-05-16T07:14:50,96,86,87,0,2026-05-16,live
2026-05-16T07:15:05,96,88,87,0,2026-05-16,live
2026-05-16T07:15:20,96,87,87,0,2026-05-16,live
2026-05-16T07:15:35,95,88,87,0,2026-05-16,live
2026-05-16T07:15:50,95,95,87,3,2026-05-16,live
2026-05-16T07:16:05,95,94,87,0,2026-05-16,live
2026-05-16T07:16:20,96,92,87,5,2026-05-16,live
2026-05-16T07:16:35,96,89,87,0,2026-05-16,live
2026-05-16T07:16:51,96,92,87,0,2026-05-16,live
2026-05-16T07:17:06,96,87,87,0,2026-05-16,live
2026-05-16T07:17:21,96,86,87,0,2026-05-16,live
2026-05-16T07:17:36,96,87,87,0,2026-05-16,live
2026-05-16T07:17:51,96,85,87,0,2026-05-16,live
2026-05-16T07:18:06,95,86,86,0,2026-05-16,live
2026-05-16T07:18:21,95,87,86,0,2026-05-16,live
2026-05-16T07:18:36,96,86,86,0,2026-05-16,live
2026-05-16T07:18:51,96,87,86,0,2026-05-16,live
2026-05-16T07:19:07,96,87,86,0,2026-05-16,live
2026-05-16T07:19:22,95,88,86,0,2026-05-16,live
2026-05-16T07:19:37,96,88,86,0,2026-05-16,live
2026-05-16T07:19:52,96,88,86,0,2026-05-16,live
2026-05-16T07:20:07,96,85,86,0,2026-05-16,live
2026-05-16T07:20:22,95,89,86,0,2026-05-16,live
2026-05-16T07:20:37,96,87,86,0,2026-05-16,live
2026-05-16T07:20:52,96,86,86,0,2026-05-16,live
2026-05-16T07:21:07,96,85,86,0,2026-05-16,live
2026-05-16T07:21:23,95,90,86,0,2026-05-16,live
2026-05-16T07:21:38,96,89,86,0,2026-05-16,live
2026-05-16T07:21:53,96,82,86,0,2026-05-16,live
2026-05-16T07:22:08,95,89,86,0,2026-05-16,live
2026-05-16T07:22:23,95,86,86,0,2026-05-16,live
2026-05-16T07:22:38,96,87,86,0,2026-05-16,live
2026-05-16T07:22:53,96,84,86,0,2026-05-16,live
2026-05-16T07:23:08,96,84,86,0,2026-05-16,live
2026-05-16T07:23:23,96,84,86,0,2026-05-16,live
2026-05-16T07:23:38,96,88,86,0,2026-05-16,live
2026-05-16T07:23:54,96,87,86,0,2026-05-16,live
2026-05-16T07:24:09,96,88,86,0,2026-05-16,live
2026-05-16T07:24:24,96,87,86,0,2026-05-16,live
2026-05-16T07:24:39,96,88,86,0,2026-05-16,live
2026-05-16T07:24:54,96,84,86,0,2026-05-16,live
2026-05-16T07:25:09,96,82,86,0,2026-05-16,live
2026-05-16T07:25:24,95,89,86,0,2026-05-16,live
2026-05-16T07:25:39,96,87,86,0,2026-05-16,live
2026-05-16T07:25:54,96,88,86,0,2026-05-16,live
2026-05-16T07:26:10,96,88,86,0,2026-05-16,live
2026-05-16T07:26:25,96,90,86,0,2026-05-16,live
2026-05-16T07:26:40,96,89,86,0,2026-05-16,live
2026-05-16T07:26:55,96,91,86,1,2026-05-16,live
2026-05-16T07:27:10,96,90,86,0,2026-05-16,live
2026-05-16T07:27:25,96,89,86,2,2026-05-16,live
2026-05-16T07:27:40,96,90,86,0,2026-05-16,live
2026-05-16T07:27:55,96,93,86,0,2026-05-16,live
2026-05-16T07:28:10,96,88,86,0,2026-05-16,live
2026-05-16T07:28:26,96,89,86,0,2026-05-16,live
2026-05-16T07:28:41,96,90,86,0,2026-05-16,live
2026-05-16T07:28:56,96,88,86,0,2026-05-16,live
2026-05-16T07:29:11,95,88,86,0,2026-05-16,live
2026-05-16T07:29:26,96,89,86,0,2026-05-16,live
2026-05-16T07:29:41,95,88,86,0,2026-05-16,live
2026-05-16T07:29:56,95,85,86,0,2026-05-16,live
2026-05-16T07:30:11,96,89,86,0,2026-05-16,live
2026-05-16T07:30:26,96,88,86,0,2026-05-16,live
2026-05-16T07:30:42,95,94,86,0,2026-05-16,live
2026-05-16T07:30:57,96,91,86,1,2026-05-16,live
2026-05-16T07:31:12,96,91,86,0,2026-05-16,live
2026-05-16T07:31:27,96,88,86,0,2026-05-16,live
2026-05-16T07:31:42,96,90,86,0,2026-05-16,live
2026-05-16T07:31:57,96,85,86,0,2026-05-16,live
2026-05-16T07:32:12,96,85,86,0,2026-05-16,live
2026-05-16T07:32:27,96,87,86,0,2026-05-16,live
2026-05-16T07:32:42,96,87,86,0,2026-05-16,live
2026-05-16T07:32:58,96,87,86,0,2026-05-16,live
2026-05-16T07:33:13,96,92,86,0,2026-05-16,live
2026-05-16T07:33:28,98,91,86,0,2026-05-16,live
2026-05-16T07:33:43,96,91,86,0,2026-05-16,live
2026-05-16T07:33:58,96,89,86,0,2026-05-16,live
2026-05-16T07:34:13,96,89,86,1,2026-05-16,live
2026-05-16T07:34:28,96,88,86,2,2026-05-16,live
2026-05-16T07:34:43,96,87,86,0,2026-05-16,live
2026-05-16T07:34:58,98,92,86,1,2026-05-16,live
2026-05-16T07:35:14,96,94,86,0,2026-05-16,live
2026-05-16T07:35:29,96,95,86,1,2026-05-16,live
2026-05-16T07:35:44,96,93,86,0,2026-05-16,live
2026-05-16T07:35:59,96,93,86,0,2026-05-16,live
2026-05-16T07:36:14,95,94,86,0,2026-05-16,live
2026-05-16T07:36:29,95,87,86,1,2026-05-16,live
2026-05-16T07:36:44,96,91,86,6,2026-05-16,live
2026-05-16T07:36:59,96,88,86,1,2026-05-16,live
2026-05-16T07:37:14,96,90,86,0,2026-05-16,live
2026-05-16T07:37:30,96,91,86,0,2026-05-16,live
2026-05-16T07:37:45,96,91,86,1,2026-05-16,live
2026-05-16T07:38:00,95,97,86,0,2026-05-16,live
2026-05-16T07:38:15,95,94,86,0,2026-05-16,live
2026-05-16T07:38:30,96,93,86,0,2026-05-16,live
2026-05-16T07:38:45,96,88,86,6,2026-05-16,live
2026-05-16T07:39:00,96,87,86,0,2026-05-16,live
2026-05-16T07:39:16,96,87,86,0,2026-05-16,live
2026-05-16T07:39:31,96,84,86,0,2026-05-16,live
2026-05-16T07:39:46,96,89,86,0,2026-05-16,live
2026-05-16T07:40:01,96,89,86,0,2026-05-16,live
2026-05-16T07:40:16,96,89,86,0,2026-05-16,live
2026-05-16T07:40:31,96,91,86,0,2026-05-16,live
2026-05-16T07:40:46,96,87,86,0,2026-05-16,live
2026-05-16T07:41:01,97,93,86,0,2026-05-16,live
2026-05-16T07:41:16,96,91,86,0,2026-05-16,live
2026-05-16T07:41:31,96,90,86,0,2026-05-16,live
2026-05-16T07:41:47,96,91,86,0,2026-05-16,live
2026-05-16T07:42:02,96,93,86,1,2026-05-16,live
2026-05-16T07:42:17,96,92,86,0,2026-05-16,live
2026-05-16T07:42:32,96,91,86,0,2026-05-16,live
2026-05-16T07:42:47,96,94,86,1,2026-05-16,live
2026-05-16T07:43:02,96,87,86,0,2026-05-16,live
2026-05-16T07:43:17,96,89,86,0,2026-05-16,live
2026-05-16T07:43:32,96,90,86,0,2026-05-16,live
2026-05-16T07:43:48,96,90,86,0,2026-05-16,live
2026-05-16T07:44:03,96,89,86,0,2026-05-16,live
2026-05-16T07:44:18,96,89,86,0,2026-05-16,live
2026-05-16T07:44:33,96,87,86,0,2026-05-16,live
2026-05-16T07:44:48,96,89,86,0,2026-05-16,live
2026-05-16T07:45:03,96,89,86,0,2026-05-16,live
2026-05-16T07:45:18,96,88,86,0,2026-05-16,live
2026-05-16T07:45:33,96,90,86,0,2026-05-16,live
2026-05-16T07:45:48,96,91,86,0,2026-05-16,live
2026-05-16T07:46:04,96,90,86,0,2026-05-16,live
2026-05-16T07:46:19,96,93,86,0,2026-05-16,live
2026-05-16T07:46:34,96,87,86,0,2026-05-16,live
2026-05-16T07:46:49,96,86,86,3,2026-05-16,live
2026-05-16T07:47:04,96,94,86,0,2026-05-16,live
2026-05-16T07:47:19,96,90,86,0,2026-05-16,live
2026-05-16T07:47:34,96,86,86,0,2026-05-16,live
2026-05-16T07:47:49,96,87,86,0,2026-05-16,live
2026-05-16T07:48:04,96,88,86,0,2026-05-16,live
2026-05-16T07:48:19,96,88,86,0,2026-05-16,live
2026-05-16T07:48:35,96,87,86,0,2026-05-16,live
2026-05-16T07:48:50,96,87,86,0,2026-05-16,live
2026-05-16T07:49:05,96,90,86,0,2026-05-16,live
2026-05-16T07:49:20,96,88,86,0,2026-05-16,live
2026-05-16T07:49:35,96,88,86,0,2026-05-16,live
2026-05-16T07:49:50,96,89,86,0,2026-05-16,live
2026-05-16T07:50:05,96,90,86,0,2026-05-16,live
2026-05-16T07:50:20,96,89,86,0,2026-05-16,live
2026-05-16T07:50:35,96,89,86,0,2026-05-16,live
2026-05-16T07:50:51,96,88,86,0,2026-05-16,live
2026-05-16T07:51:06,96,88,86,0,2026-05-16,live
2026-05-16T07:51:21,96,86,86,0,2026-05-16,live
2026-05-16T07:51:36,96,89,86,0,2026-05-16,live
2026-05-16T07:51:51,96,86,86,0,2026-05-16,live
2026-05-16T07:52:06,96,89,86,0,2026-05-16,live
2026-05-16T07:52:21,96,93,86,0,2026-05-16,live
2026-05-16T07:52:36,96,89,86,0,2026-05-16,live
2026-05-16T07:52:51,96,90,86,0,2026-05-16,live
2026-05-16T07:53:06,94,87,86,0,2026-05-16,live
2026-05-16T07:53:22,97,90,86,0,2026-05-16,live
2026-05-16T07:53:37,96,91,86,0,2026-05-16,live
2026-05-16T07:53:52,96,89,86,0,2026-05-16,live
2026-05-16T07:54:07,96,89,86,0,2026-05-16,live
2026-05-16T07:54:22,96,93,86,0,2026-05-16,live
2026-05-16T07:54:37,95,92,86,4,2026-05-16,live
2026-05-16T07:54:52,96,91,86,0,2026-05-16,live
2026-05-16T07:55:07,96,90,86,1,2026-05-16,live
2026-05-16T07:55:22,96,91,86,0,2026-05-16,live
2026-05-16T07:55:38,96,94,86,0,2026-05-16,live
2026-05-16T07:55:53,96,93,86,0,2026-05-16,live
2026-05-16T07:56:08,96,91,86,0,2026-05-16,live
2026-05-16T07:56:23,96,88,86,0,2026-05-16,live
2026-05-16T07:56:38,96,90,86,0,2026-05-16,live
2026-05-16T07:56:53,96,89,86,0,2026-05-16,live
2026-05-16T07:57:08,96,95,86,0,2026-05-16,live
2026-05-16T07:57:23,96,88,86,0,2026-05-16,live
2026-05-16T07:57:38,96,82,86,0,2026-05-16,live
2026-05-16T07:57:53,96,79,86,0,2026-05-16,live
2026-05-16T07:58:09,96,86,86,0,2026-05-16,live
2026-05-16T07:58:24,92,84,86,0,2026-05-16,live
2026-05-16T07:58:39,95,90,86,0,2026-05-16,live
2026-05-16T07:58:54,97,85,86,0,2026-05-16,live
2026-05-16T07:59:09,96,92,86,0,2026-05-16,live
2026-05-16T07:59:24,97,89,86,0,2026-05-16,live
2026-05-16T07:59:39,96,89,86,4,2026-05-16,live
2026-05-16T07:59:54,95,96,86,0,2026-05-16,live
2026-05-16T08:00:09,96,90,86,0,2026-05-16,live
2026-05-16T08:00:25,96,90,86,0,2026-05-16,live
2026-05-16T08:00:40,88,91,86,1,2026-05-16,live
2026-05-16T08:00:55,95,91,86,1,2026-05-16,live
2026-05-16T08:01:10,94,93,86,0,2026-05-16,live
2026-05-16T08:01:25,95,102,86,0,2026-05-16,live
2026-05-16T08:01:40,96,102,86,5,2026-05-16,live
2026-05-16T08:01:55,96,99,86,2,2026-05-16,live
2026-05-16T08:02:10,95,95,86,0,2026-05-16,live
2026-05-16T08:02:25,96,95,86,0,2026-05-16,live
2026-05-16T08:02:40,95,92,86,0,2026-05-16,live
2026-05-16T08:02:56,95,94,86,0,2026-05-16,live
2026-05-16T08:03:11,95,95,86,0,2026-05-16,live
2026-05-16T08:03:26,95,98,86,0,2026-05-16,live
2026-05-16T08:03:41,95,95,86,1,2026-05-16,live
2026-05-16T08:03:56,95,94,86,0,2026-05-16,live
2026-05-16T08:04:11,95,93,86,0,2026-05-16,live
2026-05-16T08:04:26,95,92,86,0,2026-05-16,live
2026-05-16T08:04:41,95,93,86,0,2026-05-16,live
2026-05-16T08:04:56,95,93,86,0,2026-05-16,live
2026-05-16T08:05:11,95,89,86,1,2026-05-16,live
2026-05-16T08:05:27,95,91,86,2,2026-05-16,live
2026-05-16T08:05:42,94,91,86,1,2026-05-16,live
2026-05-16T08:05:57,94,92,86,0,2026-05-16,live
2026-05-16T08:06:12,90,98,86,0,2026-05-16,live
2026-05-16T08:06:27,95,92,86,0,2026-05-16,live
2026-05-16T08:06:42,95,91,86,0,2026-05-16,live
2026-05-16T08:06:57,95,92,86,0,2026-05-16,live
2026-05-16T08:07:12,96,92,86,0,2026-05-16,live
2026-05-16T08:07:28,95,87,86,0,2026-05-16,live
2026-05-16T08:07:43,95,91,86,2,2026-05-16,live
2026-05-16T08:07:58,95,94,86,0,2026-05-16,live
2026-05-16T08:08:13,95,89,86,0,2026-05-16,live
2026-05-16T08:08:28,96,87,86,0,2026-05-16,live
2026-05-16T08:08:43,96,88,86,0,2026-05-16,live
2026-05-16T08:08:58,96,88,86,0,2026-05-16,live
2026-05-16T08:09:13,95,90,86,0,2026-05-16,live
2026-05-16T08:09:28,96,85,86,0,2026-05-16,live
2026-05-16T08:09:43,96,85,86,0,2026-05-16,live
2026-05-16T08:09:59,95,88,86,0,2026-05-16,live
2026-05-16T08:10:14,96,87,86,0,2026-05-16,live
2026-05-16T08:10:29,96,87,86,1,2026-05-16,live
2026-05-16T08:10:44,96,87,86,0,2026-05-16,live
2026-05-16T08:10:59,94,91,86,0,2026-05-16,live
2026-05-16T08:11:14,95,84,86,0,2026-05-16,live
2026-05-16T08:11:29,96,84,86,0,2026-05-16,live
2026-05-16T08:11:44,96,83,86,0,2026-05-16,live
2026-05-16T08:12:00,96,83,86,0,2026-05-16,live
2026-05-16T08:12:15,95,87,86,1,2026-05-16,live
2026-05-16T08:12:30,96,89,86,0,2026-05-16,live
2026-05-16T08:13:27,95,91,86,0,2026-05-16,live
2026-05-16T08:13:42,96,84,86,0,2026-05-16,live
2026-05-16T08:13:57,96,87,86,3,2026-05-16,live
2026-05-16T08:14:12,95,88,86,0,2026-05-16,live
2026-05-16T08:14:27,95,85,86,1,2026-05-16,live
2026-05-16T08:14:43,95,91,86,0,2026-05-16,live
2026-05-16T08:14:58,95,86,86,0,2026-05-16,live
2026-05-16T08:15:13,95,86,86,0,2026-05-16,live
2026-05-16T08:15:28,95,87,86,1,2026-05-16,live
2026-05-16T08:15:43,95,89,86,0,2026-05-16,live
2026-05-16T08:15:58,96,86,86,0,2026-05-16,live
2026-05-16T08:16:13,96,87,86,18,2026-05-16,live
2026-05-16T08:16:28,94,103,86,0,2026-05-16,live
2026-05-16T08:16:43,94,88,86,0,2026-05-16,live
2026-05-16T08:16:58,96,86,86,1,2026-05-16,live
2026-05-16T08:17:14,96,88,85,0,2026-05-16,live
2026-05-16T08:17:29,95,89,85,0,2026-05-16,live
2026-05-16T08:17:44,95,90,85,0,2026-05-16,live
2026-05-16T08:17:59,94,89,85,1,2026-05-16,live
2026-05-16T08:18:14,95,91,85,0,2026-05-16,live
2026-05-16T08:18:29,95,87,85,0,2026-05-16,live
2026-05-16T08:18:44,95,86,85,0,2026-05-16,live
2026-05-16T08:18:59,95,91,85,0,2026-05-16,live
2026-05-16T08:19:14,95,88,85,2,2026-05-16,live
2026-05-16T08:19:30,95,89,85,0,2026-05-16,live
2026-05-16T08:19:45,96,90,85,0,2026-05-16,live
2026-05-16T08:20:00,95,89,85,1,2026-05-16,live
2026-05-16T08:20:15,95,79,85,3,2026-05-16,live
2026-05-16T08:20:30,95,87,85,0,2026-05-16,live
2026-05-16T08:20:45,96,89,85,0,2026-05-16,live
2026-05-16T08:21:00,95,93,85,0,2026-05-16,live
2026-05-16T08:21:15,95,88,85,0,2026-05-16,live
2026-05-16T08:21:30,96,90,85,0,2026-05-16,live
2026-05-16T08:21:46,96,88,85,1,2026-05-16,live
2026-05-16T08:22:01,96,87,85,0,2026-05-16,live
2026-05-16T08:22:16,96,88,85,0,2026-05-16,live
2026-05-16T08:22:31,96,87,85,0,2026-05-16,live
2026-05-16T08:22:46,96,88,85,0,2026-05-16,live
2026-05-16T08:23:01,95,88,85,0,2026-05-16,live
2026-05-16T08:23:16,95,89,85,0,2026-05-16,live
2026-05-16T08:23:31,95,88,85,0,2026-05-16,live
2026-05-16T08:23:46,96,90,85,8,2026-05-16,live
2026-05-16T08:24:01,96,98,85,1,2026-05-16,live
2026-05-16T08:24:17,96,103,85,0,2026-05-16,live
2026-05-16T08:24:32,96,103,85,2,2026-05-16,live
2026-05-16T08:24:47,96,97,85,0,2026-05-16,live
2026-05-16T08:25:02,96,96,85,0,2026-05-16,live
2026-05-16T08:25:17,95,89,85,0,2026-05-16,live
2026-05-16T08:25:32,95,91,85,2,2026-05-16,live
2026-05-16T08:25:47,95,93,85,0,2026-05-16,live
2026-05-16T08:26:02,96,91,85,0,2026-05-16,live
2026-05-16T08:26:18,96,86,85,2,2026-05-16,live
2026-05-16T08:26:33,95,91,85,2,2026-05-16,live
2026-05-16T08:26:48,96,89,85,0,2026-05-16,live
2026-05-16T08:27:03,96,91,85,0,2026-05-16,live
2026-05-16T08:27:18,95,85,85,0,2026-05-16,live
2026-05-16T08:27:33,95,87,85,0,2026-05-16,live
2026-05-16T08:27:48,95,88,85,1,2026-05-16,live
2026-05-16T08:28:03,95,88,85,3,2026-05-16,live
2026-05-16T08:28:18,95,93,85,0,2026-05-16,live
2026-05-16T08:28:34,95,84,85,0,2026-05-16,live
2026-05-16T08:28:49,95,90,85,0,2026-05-16,live
2026-05-16T08:29:04,95,87,85,0,2026-05-16,live
2026-05-16T08:29:19,96,84,85,0,2026-05-16,live
2026-05-16T08:29:34,95,89,85,0,2026-05-16,live
2026-05-16T08:29:49,95,89,85,0,2026-05-16,live
2026-05-16T08:30:04,95,89,85,1,2026-05-16,live
2026-05-16T08:30:19,95,93,85,0,2026-05-16,live
2026-05-16T08:30:34,96,91,85,0,2026-05-16,live
2026-05-16T08:30:50,95,89,85,0,2026-05-16,live
2026-05-16T08:31:05,96,86,85,0,2026-05-16,live
2026-05-16T08:31:20,95,90,85,7,2026-05-16,live
2026-05-16T08:31:35,97,94,85,0,2026-05-16,live
2026-05-16T08:31:50,96,90,85,0,2026-05-16,live
2026-05-16T08:32:05,95,88,85,0,2026-05-16,live
2026-05-16T08:32:20,96,91,85,0,2026-05-16,live
2026-05-16T08:32:35,95,88,85,0,2026-05-16,live
2026-05-16T08:32:50,95,85,85,0,2026-05-16,live
2026-05-16T08:33:06,95,85,85,2,2026-05-16,live
2026-05-16T08:33:21,95,89,85,0,2026-05-16,live
2026-05-16T08:33:36,95,86,85,2,2026-05-16,live
2026-05-16T08:33:51,95,88,85,0,2026-05-16,live
2026-05-16T08:34:06,95,96,85,2,2026-05-16,live
2026-05-16T08:34:21,96,87,85,0,2026-05-16,live
2026-05-16T08:34:36,96,83,85,0,2026-05-16,live
2026-05-16T08:34:51,96,83,85,0,2026-05-16,live
2026-05-16T08:35:06,95,89,85,0,2026-05-16,live
2026-05-16T08:35:21,96,84,85,0,2026-05-16,live
2026-05-16T08:35:37,96,84,85,0,2026-05-16,live
2026-05-16T08:35:52,95,86,85,0,2026-05-16,live
2026-05-16T08:36:07,96,89,85,4,2026-05-16,live
2026-05-16T08:36:22,95,93,85,18,2026-05-16,live
2026-05-16T08:36:37,95,96,85,0,2026-05-16,live
2026-05-16T08:36:52,95,87,85,0,2026-05-16,live
2026-05-16T08:37:07,96,86,85,0,2026-05-16,live
2026-05-16T08:37:22,95,86,85,0,2026-05-16,live
2026-05-16T08:37:37,96,85,85,0,2026-05-16,live
2026-05-16T08:37:52,95,92,85,0,2026-05-16,live
2026-05-16T08:38:08,94,85,85,0,2026-05-16,live
2026-05-16T08:38:23,95,86,85,0,2026-05-16,live
2026-05-16T08:38:38,95,86,85,0,2026-05-16,live
2026-05-16T08:38:53,95,87,85,0,2026-05-16,live
2026-05-16T08:39:08,95,86,85,0,2026-05-16,live
2026-05-16T08:39:23,96,90,85,0,2026-05-16,live
2026-05-16T08:39:38,96,86,85,0,2026-05-16,live
2026-05-16T08:39:53,96,89,85,0,2026-05-16,live
2026-05-16T08:40:09,96,89,85,0,2026-05-16,live
2026-05-16T08:40:24,96,89,85,0,2026-05-16,live
2026-05-16T08:40:39,96,89,85,0,2026-05-16,live
2026-05-16T08:40:54,95,89,85,0,2026-05-16,live
2026-05-16T08:41:09,96,84,85,0,2026-05-16,live
2026-05-16T08:41:24,94,90,85,0,2026-05-16,live
2026-05-16T08:41:39,95,89,85,0,2026-05-16,live
2026-05-16T08:41:54,94,90,85,0,2026-05-16,live
2026-05-16T08:42:09,96,92,85,5,2026-05-16,live
2026-05-16T08:42:25,95,94,85,1,2026-05-16,live
2026-05-16T08:42:40,94,94,85,0,2026-05-16,live
2026-05-16T08:42:55,96,89,85,0,2026-05-16,live
2026-05-16T08:43:10,95,94,85,0,2026-05-16,live
2026-05-16T08:43:25,95,89,85,2,2026-05-16,live
2026-05-16T08:43:40,95,89,85,0,2026-05-16,live
2026-05-16T08:43:55,95,85,85,0,2026-05-16,live
2026-05-16T08:44:10,95,86,85,0,2026-05-16,live
2026-05-16T08:44:25,95,88,85,0,2026-05-16,live
2026-05-16T08:44:41,95,88,85,0,2026-05-16,live
2026-05-16T08:44:56,96,90,85,0,2026-05-16,live
2026-05-16T08:45:11,95,92,85,3,2026-05-16,live
2026-05-16T08:45:26,95,96,85,0,2026-05-16,live
2026-05-16T08:45:41,96,92,85,0,2026-05-16,live
2026-05-16T08:45:56,97,87,85,0,2026-05-16,live
2026-05-16T08:46:11,96,89,85,1,2026-05-16,live
2026-05-16T08:46:26,97,94,85,0,2026-05-16,live
2026-05-16T08:46:41,97,85,85,4,2026-05-16,live
2026-05-16T08:46:57,96,84,85,0,2026-05-16,live
2026-05-16T08:47:12,96,84,85,4,2026-05-16,live
2026-05-16T08:47:27,96,95,85,1,2026-05-16,live
2026-05-16T08:47:42,96,94,85,0,2026-05-16,live
2026-05-16T08:47:57,96,93,85,2,2026-05-16,live
2026-05-16T08:48:12,95,90,85,1,2026-05-16,live
2026-05-16T08:48:27,92,88,85,1,2026-05-16,live
2026-05-16T08:48:42,95,86,85,0,2026-05-16,live
2026-05-16T08:48:58,95,86,85,0,2026-05-16,live
2026-05-16T08:49:13,95,87,85,0,2026-05-16,live
2026-05-16T08:49:28,95,87,85,0,2026-05-16,live
2026-05-16T08:49:43,95,96,85,0,2026-05-16,live
2026-05-16T08:49:58,95,95,85,3,2026-05-16,live
2026-05-16T08:50:13,95,99,85,10,2026-05-16,live
2026-05-16T08:50:28,95,102,85,3,2026-05-16,live
2026-05-16T08:50:43,95,102,85,21,2026-05-16,live
2026-05-16T08:50:58,95,101,85,0,2026-05-16,live
2026-05-16T08:51:13,95,98,85,0,2026-05-16,live
2026-05-16T08:51:29,95,95,85,0,2026-05-16,live
2026-05-16T08:51:44,96,74,85,0,2026-05-16,live
2026-05-16T08:51:59,96,79,85,0,2026-05-16,live
2026-05-16T08:52:14,96,71,85,0,2026-05-16,live
2026-05-16T08:52:29,96,76,85,0,2026-05-16,live
2026-05-16T08:52:44,96,70,85,0,2026-05-16,live
2026-05-16T08:52:59,96,70,85,0,2026-05-16,live
2026-05-16T08:53:14,96,70,85,0,2026-05-16,live
2026-05-16T08:53:29,96,75,85,0,2026-05-16,live
2026-05-16T08:53:45,96,75,85,0,2026-05-16,live
2026-05-16T08:54:00,96,71,85,0,2026-05-16,live
2026-05-16T08:54:15,96,71,85,0,2026-05-16,live
2026-05-16T08:54:30,96,73,85,0,2026-05-16,live
2026-05-16T08:54:45,96,76,85,0,2026-05-16,live
2026-05-16T08:55:00,96,74,85,0,2026-05-16,live
2026-05-16T08:55:15,96,77,85,0,2026-05-16,live
2026-05-16T08:55:30,93,78,85,0,2026-05-16,live
2026-05-16T08:55:45,95,73,85,0,2026-05-16,live
2026-05-16T08:56:01,97,75,85,0,2026-05-16,live
2026-05-16T08:56:16,96,77,85,0,2026-05-16,live
2026-05-16T08:56:31,94,79,85,0,2026-05-16,live
2026-05-16T08:56:46,97,74,85,0,2026-05-16,live
2026-05-16T08:57:01,96,74,85,0,2026-05-16,live
2026-05-16T08:57:16,97,75,85,0,2026-05-16,live
2026-05-16T08:57:31,97,74,85,0,2026-05-16,live
2026-05-16T08:57:46,96,74,85,0,2026-05-16,live
2026-05-16T08:58:01,95,75,85,0,2026-05-16,live
2026-05-16T08:58:17,97,79,85,0,2026-05-16,live
2026-05-16T08:58:32,96,77,85,0,2026-05-16,live
2026-05-16T08:58:47,96,80,85,8,2026-05-16,live
2026-05-16T08:59:02,97,87,85,0,2026-05-16,live
2026-05-16T08:59:17,97,81,85,0,2026-05-16,live
2026-05-16T08:59:33,97,74,85,0,2026-05-16,live
2026-05-16T08:59:48,97,72,85,0,2026-05-16,live
2026-05-16T09:00:03,97,75,85,0,2026-05-16,live
2026-05-16T09:00:18,97,72,85,0,2026-05-16,live
2026-05-16T09:00:33,92,77,85,2,2026-05-16,live
2026-05-16T09:00:48,92,74,85,0,2026-05-16,live
2026-05-16T09:01:03,93,92,85,6,2026-05-16,live
2026-05-16T09:01:18,95,92,85,1,2026-05-16,live
2026-05-16T09:01:34,97,95,85,0,2026-05-16,live
2026-05-16T09:01:49,98,83,85,0,2026-05-16,live
2026-05-16T09:02:04,98,82,85,0,2026-05-16,live
2026-05-16T09:02:19,97,77,85,0,2026-05-16,live
2026-05-16T09:02:34,97,76,85,0,2026-05-16,live
2026-05-16T09:02:49,97,81,85,0,2026-05-16,live
2026-05-16T09:03:04,97,83,85,0,2026-05-16,live
2026-05-16T09:03:19,97,80,85,0,2026-05-16,live
2026-05-16T09:03:35,97,78,85,0,2026-05-16,live
2026-05-16T09:03:50,97,71,85,0,2026-05-16,live
2026-05-16T09:04:05,97,71,85,0,2026-05-16,live
2026-05-16T09:04:20,97,71,85,0,2026-05-16,live
2026-05-16T09:04:35,97,71,85,0,2026-05-16,live
2026-05-16T09:04:50,97,78,85,0,2026-05-16,live
2026-05-16T09:05:05,97,96,85,0,2026-05-16,live
2026-05-16T09:05:20,97,87,85,0,2026-05-16,live
2026-05-16T09:05:35,98,73,84,0,2026-05-16,live
2026-05-16T09:05:51,97,70,84,2,2026-05-16,live
2026-05-16T09:06:06,97,78,84,3,2026-05-16,live
2026-05-16T09:06:21,97,83,84,0,2026-05-16,live
2026-05-16T09:06:36,97,77,84,0,2026-05-16,live
2026-05-16T09:06:51,97,68,84,0,2026-05-16,live
2026-05-16T09:07:06,97,68,84,0,2026-05-16,live
2026-05-16T09:07:21,97,71,84,0,2026-05-16,live
2026-05-16T09:07:36,97,72,84,0,2026-05-16,live
2026-05-16T09:07:51,97,73,84,0,2026-05-16,live
2026-05-16T09:08:07,97,71,84,0,2026-05-16,live
2026-05-16T09:08:22,97,71,84,0,2026-05-16,live
2026-05-16T09:08:37,97,74,84,0,2026-05-16,live
2026-05-16T09:08:52,97,74,84,0,2026-05-16,live
2026-05-16T09:09:07,97,68,84,0,2026-05-16,live
2026-05-16T09:09:22,97,69,84,1,2026-05-16,live
2026-05-16T09:09:37,97,85,84,0,2026-05-16,live
2026-05-16T09:09:52,97,75,84,0,2026-05-16,live
2026-05-16T09:10:07,97,70,84,0,2026-05-16,live
2026-05-16T09:10:23,97,67,84,0,2026-05-16,live
2026-05-16T09:10:38,97,72,84,0,2026-05-16,live
2026-05-16T09:10:53,97,73,84,0,2026-05-16,live
2026-05-16T09:11:08,97,71,84,0,2026-05-16,live
2026-05-16T09:11:24,97,69,84,0,2026-05-16,live
2026-05-16T09:11:39,97,74,84,0,2026-05-16,live
2026-05-16T09:11:54,97,72,84,0,2026-05-16,live
2026-05-16T09:12:09,96,69,84,0,2026-05-16,live
2026-05-16T09:12:24,97,73,84,0,2026-05-16,live
2026-05-16T09:12:39,97,73,84,0,2026-05-16,live
2026-05-16T09:12:54,97,74,84,0,2026-05-16,live
2026-05-16T09:13:09,97,75,84,0,2026-05-16,live
2026-05-16T09:13:24,97,70,84,0,2026-05-16,live
2026-05-16T09:13:40,97,75,84,0,2026-05-16,live
2026-05-16T09:13:55,97,72,84,0,2026-05-16,live
2026-05-16T09:14:10,96,86,84,0,2026-05-16,live
2026-05-16T09:14:25,96,74,84,0,2026-05-16,live
2026-05-16T09:14:40,96,73,84,0,2026-05-16,live
2026-05-16T09:14:55,96,71,84,0,2026-05-16,live
2026-05-16T09:15:10,96,73,84,0,2026-05-16,live
2026-05-16T09:15:25,96,72,84,0,2026-05-16,live
2026-05-16T09:15:40,96,76,84,0,2026-05-16,live
2026-05-16T09:15:56,96,70,84,0,2026-05-16,live
2026-05-16T09:16:11,96,73,84,0,2026-05-16,live
2026-05-16T09:16:26,97,75,84,0,2026-05-16,live
2026-05-16T09:16:41,96,73,84,0,2026-05-16,live
2026-05-16T09:16:56,96,72,84,0,2026-05-16,live
2026-05-16T09:17:11,96,74,84,0,2026-05-16,live
2026-05-16T09:17:26,96,73,84,0,2026-05-16,live
2026-05-16T09:17:41,96,72,84,0,2026-05-16,live
2026-05-16T09:17:56,96,74,84,0,2026-05-16,live
2026-05-16T09:18:12,96,76,84,0,2026-05-16,live
2026-05-16T09:18:27,96,75,84,0,2026-05-16,live
2026-05-16T09:18:42,95,78,84,0,2026-05-16,live
2026-05-16T09:18:57,96,72,84,0,2026-05-16,live
2026-05-16T09:19:12,96,73,84,0,2026-05-16,live
2026-05-16T09:19:27,96,73,84,0,2026-05-16,live
2026-05-16T09:19:42,96,72,84,0,2026-05-16,live
2026-05-16T09:19:57,95,73,84,0,2026-05-16,live
2026-05-16T09:20:12,96,76,84,0,2026-05-16,live
2026-05-16T09:20:28,96,74,84,0,2026-05-16,live
2026-05-16T09:20:43,96,74,84,0,2026-05-16,live
2026-05-16T09:20:58,96,77,84,0,2026-05-16,live
2026-05-16T09:21:13,96,74,84,0,2026-05-16,live
2026-05-16T09:21:28,96,75,84,0,2026-05-16,live
2026-05-16T09:21:43,96,76,84,0,2026-05-16,live
2026-05-16T09:21:58,96,73,84,0,2026-05-16,live
2026-05-16T09:22:13,96,73,84,0,2026-05-16,live
2026-05-16T09:22:28,96,75,84,0,2026-05-16,live
2026-05-16T09:22:44,96,74,84,0,2026-05-16,live
2026-05-16T09:22:59,96,75,84,0,2026-05-16,live
2026-05-16T09:23:14,96,74,84,0,2026-05-16,live
2026-05-16T09:23:29,96,75,84,0,2026-05-16,live
2026-05-16T09:23:44,96,75,84,0,2026-05-16,live
2026-05-16T09:23:59,96,75,84,0,2026-05-16,live
2026-05-16T09:24:14,96,74,84,0,2026-05-16,live
2026-05-16T09:24:29,96,74,84,0,2026-05-16,live
2026-05-16T09:24:44,96,75,84,0,2026-05-16,live
2026-05-16T09:24:59,96,73,84,0,2026-05-16,live
2026-05-16T09:25:15,96,76,84,0,2026-05-16,live
2026-05-16T09:25:30,96,76,84,0,2026-05-16,live
2026-05-16T09:25:45,96,78,84,0,2026-05-16,live
2026-05-16T09:26:00,96,80,84,0,2026-05-16,live
2026-05-16T09:26:15,96,82,84,0,2026-05-16,live
2026-05-16T09:26:30,96,73,84,0,2026-05-16,live
2026-05-16T09:26:45,97,77,84,0,2026-05-16,live
2026-05-16T09:27:00,97,75,84,0,2026-05-16,live
2026-05-16T09:27:15,97,75,84,0,2026-05-16,live
2026-05-16T09:27:31,96,74,84,0,2026-05-16,live
2026-05-16T09:27:46,96,74,84,0,2026-05-16,live
2026-05-16T09:28:01,95,86,84,0,2026-05-16,live
2026-05-16T09:28:16,96,80,84,0,2026-05-16,live
2026-05-16T09:28:31,96,74,84,0,2026-05-16,live
2026-05-16T09:28:46,96,75,84,0,2026-05-16,live
2026-05-16T09:29:01,96,75,84,0,2026-05-16,live
2026-05-16T09:29:16,96,74,84,0,2026-05-16,live
2026-05-16T09:29:31,96,74,84,0,2026-05-16,live
2026-05-16T09:29:47,96,74,84,0,2026-05-16,live
2026-05-16T09:30:02,96,71,84,0,2026-05-16,live
2026-05-16T09:30:17,96,73,84,0,2026-05-16,live
2026-05-16T09:30:32,96,76,84,0,2026-05-16,live
2026-05-16T09:30:47,96,73,84,0,2026-05-16,live
2026-05-16T09:31:02,96,73,84,0,2026-05-16,live
2026-05-16T09:31:17,96,73,84,0,2026-05-16,live
2026-05-16T09:31:32,96,73,84,0,2026-05-16,live
2026-05-16T09:31:47,96,78,84,0,2026-05-16,live
2026-05-16T09:32:03,96,78,84,0,2026-05-16,live
2026-05-16T09:32:18,96,76,84,0,2026-05-16,live
2026-05-16T09:32:33,96,76,84,0,2026-05-16,live
2026-05-16T09:32:48,96,76,84,0,2026-05-16,live
2026-05-16T09:33:03,96,78,84,0,2026-05-16,live
2026-05-16T09:33:18,96,77,84,0,2026-05-16,live
2026-05-16T09:33:33,97,102,84,0,2026-05-16,live
2026-05-16T09:33:48,97,70,84,0,2026-05-16,live
2026-05-16T09:34:03,96,72,84,0,2026-05-16,live
2026-05-16T09:34:19,96,72,84,0,2026-05-16,live
2026-05-16T09:34:34,97,69,84,0,2026-05-16,live
2026-05-16T09:34:49,96,67,84,0,2026-05-16,live
2026-05-16T09:35:04,97,75,84,0,2026-05-16,live
2026-05-16T09:35:19,95,84,84,0,2026-05-16,live
2026-05-16T09:35:34,97,71,84,0,2026-05-16,live
2026-05-16T09:35:49,96,82,84,0,2026-05-16,live
2026-05-16T09:36:04,97,78,84,0,2026-05-16,live
2026-05-16T09:36:19,97,77,84,0,2026-05-16,live
2026-05-16T09:36:35,97,73,84,0,2026-05-16,live
2026-05-16T09:36:50,97,71,84,0,2026-05-16,live
2026-05-16T09:37:05,97,74,84,0,2026-05-16,live
2026-05-16T09:37:20,97,78,84,0,2026-05-16,live
2026-05-16T09:37:35,97,74,84,0,2026-05-16,live
2026-05-16T09:37:50,97,76,84,0,2026-05-16,live
2026-05-16T09:38:05,97,76,84,0,2026-05-16,live
2026-05-16T09:38:20,97,70,84,0,2026-05-16,live
2026-05-16T09:38:35,97,74,84,0,2026-05-16,live
2026-05-16T09:38:51,97,71,84,0,2026-05-16,live
2026-05-16T09:39:06,97,77,84,0,2026-05-16,live
2026-05-16T09:39:21,97,75,84,0,2026-05-16,live
2026-05-16T09:39:36,97,78,84,0,2026-05-16,live
2026-05-16T09:39:51,96,72,84,0,2026-05-16,live
2026-05-16T09:40:06,97,75,84,0,2026-05-16,live
2026-05-16T09:40:21,97,72,84,0,2026-05-16,live
2026-05-16T09:40:36,96,70,84,0,2026-05-16,live
2026-05-16T09:40:52,97,77,84,0,2026-05-16,live
2026-05-16T09:41:07,97,75,84,0,2026-05-16,live
2026-05-16T09:41:22,97,77,84,0,2026-05-16,live
2026-05-16T09:41:37,97,74,84,0,2026-05-16,live
2026-05-16T09:41:52,97,78,83,0,2026-05-16,live
2026-05-16T09:42:07,97,73,83,0,2026-05-16,live
2026-05-16T09:42:22,97,74,83,0,2026-05-16,live
2026-05-16T09:42:37,97,74,83,0,2026-05-16,live
2026-05-16T09:42:52,97,75,83,0,2026-05-16,live
2026-05-16T09:43:08,97,74,83,0,2026-05-16,live
2026-05-16T09:43:23,97,81,83,0,2026-05-16,live
2026-05-16T09:43:38,97,76,83,0,2026-05-16,live
2026-05-16T09:43:53,97,75,83,0,2026-05-16,live
2026-05-16T09:44:08,97,72,83,0,2026-05-16,live
2026-05-16T09:44:23,97,79,83,0,2026-05-16,live
2026-05-16T09:44:38,97,79,83,0,2026-05-16,live
2026-05-16T09:44:53,97,82,83,0,2026-05-16,live
2026-05-16T09:45:09,97,82,83,0,2026-05-16,live
2026-05-16T09:45:24,97,78,83,0,2026-05-16,live
2026-05-16T09:45:39,97,83,83,0,2026-05-16,live
2026-05-16T09:45:54,97,80,83,0,2026-05-16,live
2026-05-16T09:46:09,97,77,83,0,2026-05-16,live
2026-05-16T09:46:24,97,82,83,0,2026-05-16,live
2026-05-16T09:46:39,97,80,83,0,2026-05-16,live
2026-05-16T09:46:54,97,82,83,0,2026-05-16,live
2026-05-16T09:47:09,97,79,83,0,2026-05-16,live
2026-05-16T09:47:25,97,79,83,0,2026-05-16,live
2026-05-16T09:47:40,97,77,83,0,2026-05-16,live
2026-05-16T09:47:55,97,80,83,0,2026-05-16,live
2026-05-16T09:48:10,97,85,83,0,2026-05-16,live
2026-05-16T09:48:25,97,82,83,0,2026-05-16,live
2026-05-16T09:48:40,97,84,83,0,2026-05-16,live
2026-05-16T09:48:55,97,76,83,0,2026-05-16,live
2026-05-16T09:49:11,97,74,83,0,2026-05-16,live
2026-05-16T09:49:26,97,82,83,0,2026-05-16,live
2026-05-16T09:49:41,97,81,83,0,2026-05-16,live
2026-05-16T09:49:56,97,84,83,0,2026-05-16,live
2026-05-16T09:50:11,97,86,83,0,2026-05-16,live
2026-05-16T09:50:26,97,91,83,0,2026-05-16,live
2026-05-16T09:50:41,97,88,83,1,2026-05-16,live
2026-05-16T09:50:56,97,89,83,0,2026-05-16,live
2026-05-16T09:51:11,97,88,83,0,2026-05-16,live
2026-05-16T09:51:27,97,81,83,0,2026-05-16,live
2026-05-16T09:51:42,97,82,83,21,2026-05-16,live
2026-05-16T09:51:57,97,105,83,0,2026-05-16,live
2026-05-16T09:52:12,98,88,83,0,2026-05-16,live
2026-05-16T09:52:27,98,88,83,0,2026-05-16,live
2026-05-16T09:52:42,97,86,83,0,2026-05-16,live
2026-05-16T09:52:57,97,79,83,0,2026-05-16,live
2026-05-16T09:53:12,97,78,83,0,2026-05-16,live
2026-05-16T09:53:27,97,77,83,0,2026-05-16,live
2026-05-16T09:53:43,97,82,83,0,2026-05-16,live
2026-05-16T09:53:58,97,83,83,2,2026-05-16,live
2026-05-16T09:54:13,97,83,83,0,2026-05-16,live
2026-05-16T09:54:28,98,77,83,0,2026-05-16,live
2026-05-16T09:54:43,97,74,83,0,2026-05-16,live
2026-05-16T09:54:58,97,75,83,0,2026-05-16,live
2026-05-16T09:55:13,97,84,83,0,2026-05-16,live
2026-05-16T09:55:28,97,78,83,0,2026-05-16,live
2026-05-16T09:55:43,97,77,83,3,2026-05-16,live
2026-05-16T09:55:59,92,98,83,0,2026-05-16,live
2026-05-16T09:56:14,96,72,83,0,2026-05-16,live
2026-05-16T09:56:29,96,79,83,0,2026-05-16,live
2026-05-16T09:56:44,96,75,83,0,2026-05-16,live
2026-05-16T09:56:59,95,76,83,0,2026-05-16,live
2026-05-16T09:57:15,95,79,83,0,2026-05-16,live
2026-05-16T09:57:30,96,73,83,0,2026-05-16,live
2026-05-16T09:57:45,96,74,83,0,2026-05-16,live
2026-05-16T09:58:00,96,73,83,0,2026-05-16,live
2026-05-16T09:58:15,94,87,83,0,2026-05-16,live
2026-05-16T09:58:30,95,84,83,0,2026-05-16,live
2026-05-16T09:58:45,96,74,83,0,2026-05-16,live
2026-05-16T09:59:00,96,76,83,0,2026-05-16,live
2026-05-16T09:59:15,95,81,83,0,2026-05-16,live
2026-05-16T09:59:31,94,78,83,0,2026-05-16,live
2026-05-16T09:59:46,95,84,83,0,2026-05-16,live
2026-05-16T10:00:01,94,81,83,0,2026-05-16,live
2026-05-16T10:00:16,95,71,83,0,2026-05-16,live
2026-05-16T10:00:31,94,72,83,0,2026-05-16,live
2026-05-16T10:00:46,94,74,83,12,2026-05-16,live
2026-05-16T10:01:01,94,74,83,12,2026-05-16,live
2026-05-16T10:01:16,94,80,83,1,2026-05-16,live
2026-05-16T10:01:31,94,102,83,0,2026-05-16,live
2026-05-16T10:01:46,97,95,83,0,2026-05-16,live
2026-05-16T10:02:02,97,91,83,0,2026-05-16,live
2026-05-16T10:02:17,97,90,83,0,2026-05-16,live
2026-05-16T10:02:32,96,96,83,0,2026-05-16,live
2026-05-16T10:02:47,96,81,83,0,2026-05-16,live
2026-05-16T10:03:02,96,88,83,0,2026-05-16,live
2026-05-16T10:03:17,97,87,83,0,2026-05-16,live
2026-05-16T10:03:32,97,83,83,0,2026-05-16,live
2026-05-16T10:03:47,97,86,83,0,2026-05-16,live
2026-05-16T10:04:02,96,89,83,0,2026-05-16,live
2026-05-16T10:04:18,96,87,83,0,2026-05-16,live
2026-05-16T10:04:33,97,90,83,0,2026-05-16,live
2026-05-16T10:04:48,96,92,83,1,2026-05-16,live
2026-05-16T10:05:03,96,88,83,0,2026-05-16,live
2026-05-16T10:05:18,97,80,83,0,2026-05-16,live
2026-05-16T10:05:33,97,86,83,0,2026-05-16,live
2026-05-16T10:05:48,97,91,83,0,2026-05-16,live
2026-05-16T10:06:03,97,91,83,0,2026-05-16,live
2026-05-16T10:06:18,97,86,83,0,2026-05-16,live
2026-05-16T10:06:34,97,83,83,6,2026-05-16,live
2026-05-16T10:06:49,97,80,83,0,2026-05-16,live
2026-05-16T10:07:04,97,89,82,0,2026-05-16,live
2026-05-16T10:07:19,95,86,82,0,2026-05-16,live
2026-05-16T10:07:34,95,88,82,0,2026-05-16,live
2026-05-16T10:07:49,95,90,82,0,2026-05-16,live
2026-05-16T10:08:04,94,84,82,0,2026-05-16,live
2026-05-16T10:08:19,96,85,82,0,2026-05-16,live
2026-05-16T10:08:34,95,82,82,0,2026-05-16,live
2026-05-16T10:08:50,95,79,82,0,2026-05-16,live
2026-05-16T10:09:05,95,77,82,0,2026-05-16,live
2026-05-16T10:09:20,94,78,82,0,2026-05-16,live
2026-05-16T10:09:35,92,82,82,0,2026-05-16,live
2026-05-16T10:09:50,94,82,82,0,2026-05-16,live
2026-05-16T10:10:06,94,82,82,0,2026-05-16,live
2026-05-16T10:10:21,94,84,82,0,2026-05-16,live
2026-05-16T10:10:36,95,81,82,0,2026-05-16,live
2026-05-16T10:10:51,94,83,82,0,2026-05-16,live
2026-05-16T10:11:06,95,92,82,0,2026-05-16,live
2026-05-16T10:11:21,94,85,82,0,2026-05-16,live
2026-05-16T10:11:36,95,81,82,0,2026-05-16,live
2026-05-16T10:11:51,96,84,82,0,2026-05-16,live
2026-05-16T10:12:06,96,80,82,0,2026-05-16,live
2026-05-16T10:12:22,95,82,82,0,2026-05-16,live
2026-05-16T10:12:37,96,83,82,0,2026-05-16,live
2026-05-16T10:12:52,94,88,82,0,2026-05-16,live
2026-05-16T10:13:07,95,85,82,0,2026-05-16,live
2026-05-16T10:13:22,96,80,82,0,2026-05-16,live
2026-05-16T10:13:37,93,87,82,0,2026-05-16,live
2026-05-16T10:13:52,93,79,82,0,2026-05-16,live
2026-05-16T10:14:07,91,98,82,0,2026-05-16,live
2026-05-16T10:14:23,94,86,82,0,2026-05-16,live
2026-05-16T10:14:38,94,76,82,0,2026-05-16,live
2026-05-16T10:14:53,94,86,82,0,2026-05-16,live
2026-05-16T10:15:08,96,82,82,0,2026-05-16,live
2026-05-16T10:15:23,95,86,82,0,2026-05-16,live
2026-05-16T10:15:38,96,76,82,0,2026-05-16,live
2026-05-16T10:15:53,95,82,82,0,2026-05-16,live
2026-05-16T10:16:08,95,77,82,0,2026-05-16,live
2026-05-16T10:16:23,95,77,82,0,2026-05-16,live
2026-05-16T10:16:39,97,76,82,0,2026-05-16,live
2026-05-16T10:16:54,95,77,82,0,2026-05-16,live
2026-05-16T10:17:09,95,87,82,0,2026-05-16,live
2026-05-16T10:17:24,94,81,82,0,2026-05-16,live
2026-05-16T10:17:39,94,83,82,0,2026-05-16,live
2026-05-16T10:17:54,95,82,82,0,2026-05-16,live
2026-05-16T10:18:09,95,84,82,0,2026-05-16,live
2026-05-16T10:18:24,96,79,82,0,2026-05-16,live
2026-05-16T10:18:40,96,80,82,0,2026-05-16,live
2026-05-16T10:18:55,96,80,82,0,2026-05-16,live
2026-05-16T10:19:10,96,81,82,0,2026-05-16,live
2026-05-16T10:19:25,96,81,82,0,2026-05-16,live
2026-05-16T10:19:40,95,84,82,0,2026-05-16,live
2026-05-16T10:19:55,94,85,82,0,2026-05-16,live
2026-05-16T10:20:10,95,79,82,0,2026-05-16,live
2026-05-16T10:20:25,95,82,82,0,2026-05-16,live
2026-05-16T10:20:40,95,83,82,0,2026-05-16,live
2026-05-16T10:20:56,95,88,82,0,2026-05-16,live
2026-05-16T10:21:11,95,86,82,0,2026-05-16,live
2026-05-16T10:21:26,95,82,82,0,2026-05-16,live
2026-05-16T10:21:41,96,81,82,0,2026-05-16,live
2026-05-16T10:21:56,97,78,82,16,2026-05-16,live
2026-05-16T10:22:11,96,80,82,0,2026-05-16,live
2026-05-16T10:22:26,96,79,82,0,2026-05-16,live
2026-05-16T10:22:41,96,79,82,0,2026-05-16,live
2026-05-16T10:22:56,96,79,82,0,2026-05-16,live
2026-05-16T10:23:12,96,82,82,3,2026-05-16,live
2026-05-16T10:23:27,95,87,82,0,2026-05-16,live
2026-05-16T10:23:42,96,87,82,0,2026-05-16,live
2026-05-16T10:23:57,96,83,82,0,2026-05-16,live
2026-05-16T10:24:12,97,84,82,0,2026-05-16,live
2026-05-16T10:24:27,97,83,82,0,2026-05-16,live
2026-05-16T10:24:42,97,84,82,12,2026-05-16,live
2026-05-16T10:24:57,97,84,82,2,2026-05-16,live
2026-05-16T10:25:12,97,81,82,0,2026-05-16,live
2026-05-16T10:25:27,97,84,82,0,2026-05-16,live
2026-05-16T10:25:43,97,89,82,0,2026-05-16,live
2026-05-16T10:25:58,97,84,82,0,2026-05-16,live
2026-05-16T10:26:13,97,85,82,0,2026-05-16,live
2026-05-16T10:26:28,97,86,82,0,2026-05-16,live
2026-05-16T10:26:43,97,86,82,0,2026-05-16,live
2026-05-16T10:26:58,97,88,82,0,2026-05-16,live
2026-05-16T10:27:13,97,93,82,0,2026-05-16,live
2026-05-16T10:27:28,97,89,82,0,2026-05-16,live
2026-05-16T10:27:44,97,86,82,4,2026-05-16,live
2026-05-16T10:27:59,97,84,82,0,2026-05-16,live
2026-05-16T10:28:14,97,85,82,14,2026-05-16,live
2026-05-16T10:28:29,97,86,82,2,2026-05-16,live
2026-05-16T10:28:44,97,87,82,9,2026-05-16,live
2026-05-16T10:28:59,97,87,82,0,2026-05-16,live
2026-05-16T10:29:14,95,97,82,13,2026-05-16,live
2026-05-16T10:29:30,95,93,82,0,2026-05-16,live
2026-05-16T10:29:45,95,85,82,0,2026-05-16,live
2026-05-16T10:30:00,96,84,82,0,2026-05-16,live
2026-05-16T10:30:15,96,84,82,3,2026-05-16,live
2026-05-16T10:30:30,96,85,82,1,2026-05-16,live
2026-05-16T10:30:45,96,88,82,3,2026-05-16,live
2026-05-16T10:31:00,97,89,82,0,2026-05-16,live
2026-05-16T10:31:15,97,87,82,0,2026-05-16,live
2026-05-16T10:31:30,96,87,82,1,2026-05-16,live
2026-05-16T10:31:46,96,90,82,2,2026-05-16,live
2026-05-16T10:32:01,97,84,82,1,2026-05-16,live
2026-05-16T10:32:16,97,87,82,14,2026-05-16,live
2026-05-16T10:32:31,97,89,82,4,2026-05-16,live
2026-05-16T10:32:46,96,85,82,0,2026-05-16,live
2026-05-16T10:33:01,96,86,82,0,2026-05-16,live
2026-05-16T10:33:16,96,89,82,0,2026-05-16,live
2026-05-16T10:33:31,96,86,82,0,2026-05-16,live
2026-05-16T10:33:46,96,86,82,0,2026-05-16,live
2026-05-16T10:34:02,96,81,82,1,2026-05-16,live
2026-05-16T10:34:17,96,88,82,1,2026-05-16,live
2026-05-16T10:34:32,96,90,82,1,2026-05-16,live
2026-05-16T10:34:47,96,86,82,1,2026-05-16,live
2026-05-16T10:35:02,96,87,82,2,2026-05-16,live
2026-05-16T10:35:17,96,89,82,0,2026-05-16,live
2026-05-16T10:35:32,97,86,82,0,2026-05-16,live
2026-05-16T10:35:47,95,86,82,2,2026-05-16,live
2026-05-16T10:36:03,95,89,82,1,2026-05-16,live
2026-05-16T10:36:18,96,91,82,3,2026-05-16,live
2026-05-16T10:36:33,95,90,82,7,2026-05-16,live
2026-05-16T10:36:48,96,88,82,0,2026-05-16,live
2026-05-16T10:37:03,96,82,82,6,2026-05-16,live
2026-05-16T10:37:18,127,0,82,0,2026-05-16,live
2026-05-16T10:37:33,127,0,82,0,2026-05-16,live
2026-05-16T10:37:48,127,0,82,0,2026-05-16,live
2026-05-16T10:38:03,127,0,82,0,2026-05-16,live
2026-05-16T10:38:19,127,0,82,0,2026-05-16,live
2026-05-16T10:38:34,127,0,82,0,2026-05-16,live
2026-05-16T10:38:49,127,0,82,0,2026-05-16,live
2026-05-16T10:39:04,127,0,82,0,2026-05-16,live
2026-05-16T10:39:19,127,0,82,0,2026-05-16,live
2026-05-16T10:39:34,127,0,82,0,2026-05-16,live
2026-05-16T10:39:49,127,0,82,0,2026-05-16,live
2026-05-16T10:40:04,127,0,82,0,2026-05-16,live
2026-05-16T10:40:19,127,0,82,0,2026-05-16,live
2026-05-16T10:40:35,127,0,82,0,2026-05-16,live
2026-05-16T10:40:50,127,0,82,0,2026-05-16,live
2026-05-16T10:41:05,127,0,82,0,2026-05-16,live
2026-05-16T10:41:20,127,0,82,0,2026-05-16,live
2026-05-16T10:41:35,127,0,82,0,2026-05-16,live
2026-05-16T10:41:50,127,0,82,0,2026-05-16,live
2026-05-16T10:42:05,127,0,82,0,2026-05-16,live
2026-05-16T10:42:20,127,0,82,0,2026-05-16,live
2026-05-16T10:42:35,127,0,82,0,2026-05-16,live
2026-05-16T10:42:51,127,0,82,0,2026-05-16,live
2026-05-16T10:43:06,127,0,82,0,2026-05-16,live
2026-05-16T10:43:21,127,0,82,0,2026-05-16,live
2026-05-17T00:09:29,96,98,81,0,2026-05-17,live
2026-05-17T00:09:44,96,99,81,0,2026-05-17,live
2026-05-17T00:09:59,97,97,81,0,2026-05-17,live
2026-05-17T00:10:14,96,98,81,0,2026-05-17,live
2026-05-17T00:10:29,96,95,81,0,2026-05-17,live
2026-05-17T00:10:44,96,102,81,1,2026-05-17,live
2026-05-17T00:10:59,96,98,81,0,2026-05-17,live
2026-05-17T00:11:14,97,98,81,0,2026-05-17,live
2026-05-17T00:11:30,96,99,81,0,2026-05-17,live
2026-05-17T00:11:45,97,91,81,0,2026-05-17,live
2026-05-17T00:12:00,97,94,81,0,2026-05-17,live
2026-05-17T00:12:15,97,97,81,0,2026-05-17,live
2026-05-17T00:12:30,97,94,81,0,2026-05-17,live
2026-05-17T00:12:45,97,95,81,0,2026-05-17,live
2026-05-17T00:13:00,96,94,81,0,2026-05-17,live
2026-05-17T00:13:15,97,95,81,0,2026-05-17,live
2026-05-17T00:13:30,97,99,81,0,2026-05-17,live
2026-05-17T00:13:46,97,92,81,0,2026-05-17,live
2026-05-17T00:14:01,96,92,81,0,2026-05-17,live
2026-05-17T00:14:16,96,93,80,0,2026-05-17,live
2026-05-17T00:14:31,96,94,80,3,2026-05-17,live
2026-05-17T00:14:46,96,90,80,0,2026-05-17,live
2026-05-17T00:15:01,96,90,80,1,2026-05-17,live
2026-05-17T00:15:16,97,97,80,1,2026-05-17,live
2026-05-17T00:15:31,97,97,80,0,2026-05-17,live
2026-05-17T00:15:47,97,98,80,0,2026-05-17,live
2026-05-17T00:16:02,95,96,80,4,2026-05-17,live
2026-05-17T00:16:17,98,98,80,0,2026-05-17,live
2026-05-17T00:16:32,98,98,80,0,2026-05-17,live
2026-05-17T00:16:47,97,95,80,2,2026-05-17,live
2026-05-17T00:17:02,96,94,80,0,2026-05-17,live
2026-05-17T00:17:17,97,93,80,0,2026-05-17,live
2026-05-17T00:17:32,97,93,80,0,2026-05-17,live
2026-05-17T00:17:47,97,95,80,0,2026-05-17,live
2026-05-17T00:18:02,97,97,80,0,2026-05-17,live
2026-05-17T00:18:18,97,99,80,0,2026-05-17,live
2026-05-17T00:18:33,97,98,80,0,2026-05-17,live
2026-05-17T00:18:48,97,92,80,0,2026-05-17,live
2026-05-17T00:19:03,97,94,80,0,2026-05-17,live
2026-05-17T00:19:18,97,95,80,0,2026-05-17,live
2026-05-17T00:19:33,96,93,80,0,2026-05-17,live
2026-05-17T00:19:48,95,97,80,0,2026-05-17,live
2026-05-17T00:20:03,98,96,80,0,2026-05-17,live
2026-05-17T00:20:19,98,100,80,0,2026-05-17,live
2026-05-17T00:20:34,97,97,80,1,2026-05-17,live
2026-05-17T00:20:49,97,96,80,0,2026-05-17,live
2026-05-17T00:21:04,97,97,80,0,2026-05-17,live
2026-05-17T00:21:19,96,95,80,0,2026-05-17,live
2026-05-17T00:21:34,97,94,80,0,2026-05-17,live
2026-05-17T00:21:49,96,94,80,0,2026-05-17,live
2026-05-17T00:22:04,97,92,80,0,2026-05-17,live
2026-05-17T00:22:19,96,94,80,0,2026-05-17,live
2026-05-17T00:22:34,95,95,80,0,2026-05-17,live
2026-05-17T00:22:50,96,97,80,0,2026-05-17,live
2026-05-17T00:23:05,97,101,80,0,2026-05-17,live
2026-05-17T00:23:20,97,95,80,8,2026-05-17,live
2026-05-17T00:23:35,97,91,80,0,2026-05-17,live
2026-05-17T00:23:50,97,97,80,1,2026-05-17,live
2026-05-17T00:24:05,99,93,80,0,2026-05-17,live
2026-05-17T00:24:20,97,96,80,0,2026-05-17,live
2026-05-17T00:24:35,96,93,80,4,2026-05-17,live
2026-05-17T00:24:50,97,97,80,1,2026-05-17,live
2026-05-17T00:25:06,97,104,80,0,2026-05-17,live
2026-05-17T00:25:21,97,96,80,0,2026-05-17,live
2026-05-17T00:25:36,97,95,80,1,2026-05-17,live
2026-05-17T00:25:51,97,99,80,0,2026-05-17,live
2026-05-17T00:26:06,97,93,80,0,2026-05-17,live
2026-05-17T00:26:21,97,96,80,6,2026-05-17,live
2026-05-17T00:26:36,97,97,80,15,2026-05-17,live
2026-05-17T00:26:51,97,100,80,0,2026-05-17,live
2026-05-17T00:27:06,97,97,80,12,2026-05-17,live
2026-05-17T00:27:21,96,98,80,3,2026-05-17,live
2026-05-17T00:27:37,96,102,80,5,2026-05-17,live
2026-05-17T00:27:52,97,103,80,0,2026-05-17,live
2026-05-17T00:28:07,97,96,80,0,2026-05-17,live
2026-05-17T00:28:22,97,95,80,0,2026-05-17,live
2026-05-17T00:28:37,97,95,80,0,2026-05-17,live
2026-05-17T00:28:52,97,93,80,0,2026-05-17,live
2026-05-17T00:29:07,97,93,80,0,2026-05-17,live
2026-05-17T00:29:22,97,93,80,0,2026-05-17,live
2026-05-17T00:29:38,98,94,80,2,2026-05-17,live
2026-05-17T00:29:53,97,93,80,0,2026-05-17,live
2026-05-17T00:30:08,96,90,80,0,2026-05-17,live
2026-05-17T00:30:23,97,94,80,0,2026-05-17,live
2026-05-17T00:30:38,97,93,80,0,2026-05-17,live
2026-05-17T00:30:53,97,95,80,0,2026-05-17,live
2026-05-17T00:31:08,97,92,80,0,2026-05-17,live
2026-05-17T00:31:23,97,91,80,0,2026-05-17,live
2026-05-17T00:31:38,97,93,80,0,2026-05-17,live
2026-05-17T00:31:53,97,94,80,0,2026-05-17,live
2026-05-17T00:32:09,97,93,80,0,2026-05-17,live
2026-05-17T00:32:24,98,89,80,0,2026-05-17,live
2026-05-17T00:32:39,97,92,80,14,2026-05-17,live
2026-05-17T00:32:54,98,93,80,0,2026-05-17,live
2026-05-17T00:33:09,98,95,80,0,2026-05-17,live
2026-05-17T00:33:24,97,93,80,0,2026-05-17,live
2026-05-17T00:33:39,95,91,80,0,2026-05-17,live
2026-05-17T00:33:54,96,100,80,0,2026-05-17,live
2026-05-17T00:34:09,97,98,80,0,2026-05-17,live
2026-05-17T00:34:25,97,97,80,0,2026-05-17,live
2026-05-17T00:34:40,96,94,80,0,2026-05-17,live
2026-05-17T00:34:55,97,95,80,0,2026-05-17,live
2026-05-17T00:35:10,97,95,80,0,2026-05-17,live
2026-05-17T00:35:25,95,103,80,0,2026-05-17,live
2026-05-17T00:35:40,97,97,80,0,2026-05-17,live
2026-05-17T00:35:55,97,95,80,0,2026-05-17,live
2026-05-17T00:36:10,97,97,80,0,2026-05-17,live
2026-05-17T00:36:26,97,94,80,0,2026-05-17,live
2026-05-17T00:36:41,97,91,80,0,2026-05-17,live
2026-05-17T00:36:56,96,93,80,0,2026-05-17,live
2026-05-17T00:37:11,97,93,80,0,2026-05-17,live
2026-05-17T00:37:26,97,90,80,0,2026-05-17,live
2026-05-17T00:37:41,97,97,80,0,2026-05-17,live
2026-05-17T00:37:56,96,92,80,0,2026-05-17,live
2026-05-17T00:38:11,96,86,80,1,2026-05-17,live
2026-05-17T00:38:26,96,94,80,0,2026-05-17,live
2026-05-17T00:38:41,97,100,80,0,2026-05-17,live
2026-05-17T00:38:57,97,98,80,3,2026-05-17,live
2026-05-17T00:39:12,97,96,80,0,2026-05-17,live
2026-05-17T00:39:27,96,93,80,0,2026-05-17,live
2026-05-17T00:39:42,96,94,80,0,2026-05-17,live
2026-05-17T00:39:57,97,93,80,0,2026-05-17,live
2026-05-17T00:40:12,97,97,80,1,2026-05-17,live
2026-05-17T00:40:27,97,97,80,0,2026-05-17,live
2026-05-17T00:40:42,98,93,80,0,2026-05-17,live
2026-05-17T00:40:57,97,93,80,0,2026-05-17,live
2026-05-17T00:41:13,97,92,80,0,2026-05-17,live
2026-05-17T00:41:28,97,92,80,0,2026-05-17,live
2026-05-17T00:41:43,97,92,80,0,2026-05-17,live
2026-05-17T00:41:58,97,90,80,0,2026-05-17,live
2026-05-17T00:42:13,97,91,80,1,2026-05-17,live
2026-05-17T00:42:28,97,95,80,0,2026-05-17,live
2026-05-17T00:42:43,97,93,80,0,2026-05-17,live
2026-05-17T00:42:58,97,93,80,0,2026-05-17,live
2026-05-17T00:43:13,97,91,80,0,2026-05-17,live
2026-05-17T00:43:28,97,95,80,0,2026-05-17,live
2026-05-17T00:43:44,98,91,80,0,2026-05-17,live
2026-05-17T00:43:59,96,93,80,0,2026-05-17,live
2026-05-17T00:44:14,96,95,80,0,2026-05-17,live
2026-05-17T00:44:29,98,96,80,0,2026-05-17,live
2026-05-17T00:44:44,97,96,80,0,2026-05-17,live
2026-05-17T00:44:59,96,95,80,0,2026-05-17,live
2026-05-17T00:45:14,97,96,80,0,2026-05-17,live
2026-05-17T00:45:29,97,96,80,0,2026-05-17,live
2026-05-17T00:45:44,98,92,80,3,2026-05-17,live
2026-05-17T00:46:00,97,99,79,0,2026-05-17,live
2026-05-17T00:46:15,97,92,79,0,2026-05-17,live
2026-05-17T00:46:30,97,97,79,2,2026-05-17,live
2026-05-17T00:46:45,97,95,79,0,2026-05-17,live
2026-05-17T00:47:00,97,90,79,0,2026-05-17,live
2026-05-17T00:47:15,97,95,79,11,2026-05-17,live
2026-05-17T00:47:30,97,113,79,26,2026-05-17,live
2026-05-17T00:47:45,97,116,79,0,2026-05-17,live
2026-05-17T00:48:00,98,119,79,0,2026-05-17,live
2026-05-17T00:48:16,97,118,79,0,2026-05-17,live
2026-05-17T00:48:31,96,98,79,0,2026-05-17,live
2026-05-17T00:48:46,97,105,79,0,2026-05-17,live
2026-05-17T00:49:01,97,102,79,0,2026-05-17,live
2026-05-17T00:49:16,97,99,79,0,2026-05-17,live
2026-05-17T00:49:31,97,95,79,7,2026-05-17,live
2026-05-17T00:49:46,97,97,79,0,2026-05-17,live
2026-05-17T00:50:01,97,102,79,0,2026-05-17,live
2026-05-17T00:50:16,97,96,79,0,2026-05-17,live
2026-05-17T00:50:31,97,93,79,0,2026-05-17,live
2026-05-17T00:50:47,97,99,79,0,2026-05-17,live
2026-05-17T00:51:02,97,99,79,0,2026-05-17,live
2026-05-17T00:51:17,97,96,79,0,2026-05-17,live
2026-05-17T00:51:32,97,97,79,0,2026-05-17,live
2026-05-17T00:51:47,97,100,79,0,2026-05-17,live
2026-05-17T00:52:02,96,96,79,0,2026-05-17,live
2026-05-17T00:52:18,96,100,79,16,2026-05-17,live
2026-05-17T00:52:33,96,105,79,10,2026-05-17,live
2026-05-17T00:52:48,96,114,79,5,2026-05-17,live
2026-05-17T00:53:03,96,117,79,30,2026-05-17,live
2026-05-17T00:53:18,96,98,79,5,2026-05-17,live
2026-05-17T00:53:33,97,112,79,1,2026-05-17,live
2026-05-17T00:53:48,97,118,79,45,2026-05-17,live
2026-05-17T00:54:04,97,120,79,2,2026-05-17,live
2026-05-17T00:54:19,97,120,79,1,2026-05-17,live
2026-05-17T00:54:34,97,96,79,13,2026-05-17,live
2026-05-17T00:54:49,88,88,79,4,2026-05-17,live
2026-05-17T00:55:04,90,95,79,1,2026-05-17,live
2026-05-17T00:55:19,97,99,79,0,2026-05-17,live
2026-05-17T00:55:34,97,103,79,7,2026-05-17,live
2026-05-17T00:55:49,96,90,79,3,2026-05-17,live
2026-05-17T00:56:05,96,95,79,3,2026-05-17,live
2026-05-17T00:56:20,97,104,79,0,2026-05-17,live
2026-05-17T00:56:35,97,99,79,0,2026-05-17,live
2026-05-17T00:56:50,97,99,79,1,2026-05-17,live
2026-05-17T00:57:05,97,103,79,6,2026-05-17,live
2026-05-17T00:57:20,97,103,79,0,2026-05-17,live
2026-05-17T00:57:35,97,92,79,2,2026-05-17,live
2026-05-17T00:57:50,97,94,79,2,2026-05-17,live
2026-05-17T00:58:06,97,99,79,2,2026-05-17,live
2026-05-17T00:58:21,98,100,79,0,2026-05-17,live
2026-05-17T00:58:36,97,96,79,0,2026-05-17,live
2026-05-17T00:58:51,98,95,79,0,2026-05-17,live
2026-05-17T00:59:06,97,91,79,0,2026-05-17,live
2026-05-17T00:59:21,97,92,79,0,2026-05-17,live
2026-05-17T00:59:36,97,96,79,0,2026-05-17,live
2026-05-17T00:59:51,99,96,79,0,2026-05-17,live
2026-05-17T01:00:06,98,100,79,0,2026-05-17,live
2026-05-17T01:00:22,97,97,79,0,2026-05-17,live
2026-05-17T01:00:37,97,99,79,0,2026-05-17,live
2026-05-17T01:00:52,98,94,79,0,2026-05-17,live
2026-05-17T01:01:07,98,96,79,0,2026-05-17,live
2026-05-17T01:01:22,98,95,79,0,2026-05-17,live
2026-05-17T01:01:37,97,97,79,1,2026-05-17,live
2026-05-17T01:01:52,97,99,79,0,2026-05-17,live
2026-05-17T01:02:07,97,97,79,0,2026-05-17,live
2026-05-17T01:02:22,97,95,79,0,2026-05-17,live
2026-05-17T01:02:38,97,94,79,0,2026-05-17,live
2026-05-17T01:02:53,97,96,79,0,2026-05-17,live
2026-05-17T01:03:08,97,101,79,0,2026-05-17,live
2026-05-17T01:03:23,98,96,79,0,2026-05-17,live
2026-05-17T01:03:38,98,94,79,0,2026-05-17,live
2026-05-17T01:03:53,97,92,79,0,2026-05-17,live
2026-05-17T01:04:08,95,93,79,0,2026-05-17,live
2026-05-17T01:04:23,97,96,79,0,2026-05-17,live
2026-05-17T01:04:38,97,94,79,0,2026-05-17,live
2026-05-17T01:04:54,97,95,79,0,2026-05-17,live
2026-05-17T01:05:09,98,95,79,0,2026-05-17,live
2026-05-17T01:05:24,98,96,79,0,2026-05-17,live
2026-05-17T01:05:39,97,95,79,0,2026-05-17,live
2026-05-17T01:05:54,97,98,79,0,2026-05-17,live
2026-05-17T01:06:09,98,96,79,0,2026-05-17,live
2026-05-17T01:06:24,99,98,79,0,2026-05-17,live
2026-05-17T01:06:39,98,98,79,0,2026-05-17,live
2026-05-17T01:06:54,98,98,79,0,2026-05-17,live
2026-05-17T01:07:10,98,94,79,0,2026-05-17,live
2026-05-17T01:07:25,97,90,79,0,2026-05-17,live
2026-05-17T01:07:40,98,93,79,0,2026-05-17,live
2026-05-17T01:07:55,98,93,79,0,2026-05-17,live
2026-05-17T01:08:10,98,92,79,0,2026-05-17,live
2026-05-17T01:08:25,97,91,79,0,2026-05-17,live
2026-05-17T01:08:40,97,94,79,4,2026-05-17,live
2026-05-17T01:08:55,97,97,79,0,2026-05-17,live
2026-05-17T01:09:10,98,93,79,0,2026-05-17,live
2026-05-17T01:09:26,98,94,79,0,2026-05-17,live
2026-05-17T01:09:41,98,94,79,0,2026-05-17,live
2026-05-17T01:09:56,96,95,79,0,2026-05-17,live
2026-05-17T01:10:11,96,97,79,3,2026-05-17,live
2026-05-17T01:10:26,97,100,79,2,2026-05-17,live
2026-05-17T01:10:41,97,98,79,4,2026-05-17,live
2026-05-17T01:10:56,89,89,79,7,2026-05-17,live
2026-05-17T01:11:11,90,91,79,5,2026-05-17,live
2026-05-17T01:11:27,91,99,79,0,2026-05-17,live
2026-05-17T01:11:42,96,94,79,0,2026-05-17,live
2026-05-17T01:11:57,96,91,79,0,2026-05-17,live
2026-05-17T01:12:12,97,92,79,0,2026-05-17,live
2026-05-17T01:12:27,97,90,79,0,2026-05-17,live
2026-05-17T01:12:42,96,92,79,0,2026-05-17,live
2026-05-17T01:12:57,98,92,79,0,2026-05-17,live
2026-05-17T01:13:12,98,93,79,0,2026-05-17,live
2026-05-17T01:13:27,97,97,79,7,2026-05-17,live
2026-05-17T01:13:43,97,97,79,10,2026-05-17,live
2026-05-17T01:13:58,95,110,79,5,2026-05-17,live
2026-05-17T01:14:13,94,105,79,13,2026-05-17,live
2026-05-17T01:14:28,93,105,79,0,2026-05-17,live
2026-05-17T01:14:43,93,94,79,0,2026-05-17,live
2026-05-17T01:14:58,95,94,79,0,2026-05-17,live
2026-05-17T01:15:13,95,84,79,0,2026-05-17,live
2026-05-17T01:15:28,96,88,79,0,2026-05-17,live
2026-05-17T01:15:43,96,87,79,0,2026-05-17,live
2026-05-17T01:15:59,96,86,79,0,2026-05-17,live
2026-05-17T01:16:14,96,85,79,0,2026-05-17,live
2026-05-17T01:16:29,96,86,79,0,2026-05-17,live
2026-05-17T01:16:44,96,90,79,0,2026-05-17,live
2026-05-17T01:16:59,96,86,79,0,2026-05-17,live
2026-05-17T01:17:14,96,86,79,0,2026-05-17,live
2026-05-17T01:17:29,96,88,79,0,2026-05-17,live
2026-05-17T01:17:45,97,88,79,0,2026-05-17,live
2026-05-17T01:18:00,97,87,79,0,2026-05-17,live
2026-05-17T01:18:15,97,91,79,0,2026-05-17,live
2026-05-17T01:18:30,97,92,79,0,2026-05-17,live
2026-05-17T01:18:45,97,90,79,0,2026-05-17,live
2026-05-17T01:19:01,97,98,79,1,2026-05-17,live
2026-05-17T01:19:16,97,99,79,0,2026-05-17,live
2026-05-17T01:19:31,98,81,79,0,2026-05-17,live
2026-05-17T01:19:46,98,82,79,0,2026-05-17,live
2026-05-17T01:20:01,98,79,79,0,2026-05-17,live
2026-05-17T01:20:16,97,81,79,0,2026-05-17,live
2026-05-17T01:20:31,97,84,79,0,2026-05-17,live
2026-05-17T01:20:46,97,85,79,0,2026-05-17,live
2026-05-17T01:21:01,97,85,79,0,2026-05-17,live
2026-05-17T01:21:17,97,86,79,0,2026-05-17,live
2026-05-17T01:21:32,97,82,79,0,2026-05-17,live
2026-05-17T01:21:47,97,82,79,0,2026-05-17,live
2026-05-17T01:22:02,97,85,79,0,2026-05-17,live
2026-05-17T01:22:17,97,90,79,0,2026-05-17,live
2026-05-17T01:22:33,97,82,79,0,2026-05-17,live
2026-05-17T01:22:48,97,82,79,0,2026-05-17,live
2026-05-17T01:23:03,98,88,79,0,2026-05-17,live
2026-05-17T01:23:18,97,85,79,0,2026-05-17,live
2026-05-17T01:23:33,97,85,79,0,2026-05-17,live
2026-05-17T01:23:48,97,83,79,0,2026-05-17,live
2026-05-17T01:24:03,97,86,79,0,2026-05-17,live
2026-05-17T01:24:18,97,86,79,0,2026-05-17,live
2026-05-17T01:24:33,97,86,79,0,2026-05-17,live
2026-05-17T01:24:49,97,85,79,0,2026-05-17,live
2026-05-17T01:25:04,97,83,79,0,2026-05-17,live
2026-05-17T01:25:19,97,83,79,0,2026-05-17,live
2026-05-17T01:25:34,97,85,79,0,2026-05-17,live
2026-05-17T01:25:49,97,86,79,0,2026-05-17,live
2026-05-17T01:26:04,97,85,79,0,2026-05-17,live
2026-05-17T01:26:19,97,88,79,0,2026-05-17,live
2026-05-17T01:26:34,97,88,79,0,2026-05-17,live
2026-05-17T01:26:49,97,86,79,0,2026-05-17,live
2026-05-17T01:27:05,97,85,79,0,2026-05-17,live
2026-05-17T01:27:20,97,83,79,0,2026-05-17,live
2026-05-17T01:27:35,97,85,79,0,2026-05-17,live
2026-05-17T01:27:50,97,84,79,0,2026-05-17,live
2026-05-17T01:28:06,97,84,79,0,2026-05-17,live
2026-05-17T01:28:21,97,88,79,0,2026-05-17,live
2026-05-17T01:28:36,97,84,79,0,2026-05-17,live
2026-05-17T01:28:51,97,86,79,0,2026-05-17,live
2026-05-17T01:29:06,97,86,79,0,2026-05-17,live
2026-05-17T01:29:21,97,85,79,0,2026-05-17,live
2026-05-17T01:29:36,97,84,79,0,2026-05-17,live
2026-05-17T01:29:51,97,87,79,0,2026-05-17,live
2026-05-17T01:30:07,97,89,79,0,2026-05-17,live
2026-05-17T01:30:22,97,87,79,0,2026-05-17,live
2026-05-17T01:30:37,97,84,79,0,2026-05-17,live
2026-05-17T01:30:52,97,87,79,0,2026-05-17,live
2026-05-17T01:31:07,97,87,79,0,2026-05-17,live
2026-05-17T01:31:22,97,86,79,0,2026-05-17,live
2026-05-17T01:31:37,97,84,79,0,2026-05-17,live
2026-05-17T01:31:52,97,89,79,0,2026-05-17,live
2026-05-17T01:32:07,97,86,79,0,2026-05-17,live
2026-05-17T01:32:23,97,87,79,0,2026-05-17,live
2026-05-17T01:32:38,97,86,79,0,2026-05-17,live
2026-05-17T01:32:53,97,85,79,0,2026-05-17,live
2026-05-17T01:33:08,97,87,79,0,2026-05-17,live
2026-05-17T01:33:23,97,87,79,0,2026-05-17,live
2026-05-17T01:33:38,97,85,79,0,2026-05-17,live
2026-05-17T01:33:53,97,85,79,0,2026-05-17,live
2026-05-17T01:34:08,97,86,79,0,2026-05-17,live
2026-05-17T01:34:23,97,87,79,0,2026-05-17,live
2026-05-17T01:34:39,97,87,79,0,2026-05-17,live
2026-05-17T01:34:54,97,90,79,0,2026-05-17,live
2026-05-17T01:35:09,97,90,79,0,2026-05-17,live
2026-05-17T01:35:24,98,90,79,0,2026-05-17,live
2026-05-17T01:35:39,97,88,79,0,2026-05-17,live
2026-05-17T01:35:54,97,87,79,0,2026-05-17,live
2026-05-17T01:36:09,97,84,79,0,2026-05-17,live
2026-05-17T01:36:24,97,86,79,0,2026-05-17,live
2026-05-17T01:36:39,97,87,79,0,2026-05-17,live
2026-05-17T01:36:55,97,89,79,0,2026-05-17,live
2026-05-17T01:37:10,97,88,79,0,2026-05-17,live
2026-05-17T01:37:25,97,83,79,0,2026-05-17,live
2026-05-17T01:37:40,97,89,79,0,2026-05-17,live
2026-05-17T01:37:55,97,95,79,0,2026-05-17,live
2026-05-17T01:38:10,97,89,79,0,2026-05-17,live
2026-05-17T01:38:25,97,87,79,0,2026-05-17,live
2026-05-17T01:38:40,97,86,79,0,2026-05-17,live
2026-05-17T01:38:55,97,83,79,0,2026-05-17,live
2026-05-17T01:39:11,97,87,79,0,2026-05-17,live
2026-05-17T01:39:26,97,85,79,0,2026-05-17,live
2026-05-17T01:39:41,97,87,79,0,2026-05-17,live
2026-05-17T01:39:56,97,86,79,0,2026-05-17,live
2026-05-17T01:40:11,97,88,79,0,2026-05-17,live
2026-05-17T01:40:26,97,82,79,0,2026-05-17,live
2026-05-17T01:40:41,97,87,79,0,2026-05-17,live
2026-05-17T01:40:56,97,81,79,0,2026-05-17,live
2026-05-17T01:41:11,97,86,79,0,2026-05-17,live
2026-05-17T01:41:27,97,83,79,0,2026-05-17,live
2026-05-17T01:41:42,97,85,79,0,2026-05-17,live
2026-05-17T01:41:57,97,92,79,0,2026-05-17,live
2026-05-17T01:42:12,97,92,79,0,2026-05-17,live
2026-05-17T01:42:27,97,91,79,0,2026-05-17,live
2026-05-17T01:42:42,97,90,79,0,2026-05-17,live
2026-05-17T01:42:57,97,95,79,0,2026-05-17,live
2026-05-17T01:43:12,98,89,79,0,2026-05-17,live
2026-05-17T01:43:27,97,85,79,0,2026-05-17,live
2026-05-17T01:43:43,97,87,79,0,2026-05-17,live
2026-05-17T01:43:58,97,82,79,0,2026-05-17,live
2026-05-17T01:44:14,98,88,79,0,2026-05-17,live
2026-05-17T01:44:29,97,86,79,0,2026-05-17,live
2026-05-17T01:44:44,98,87,79,0,2026-05-17,live
2026-05-17T01:44:59,97,83,79,0,2026-05-17,live
2026-05-17T01:45:14,97,86,79,0,2026-05-17,live
2026-05-17T01:45:29,97,85,79,0,2026-05-17,live
2026-05-17T01:45:44,97,85,79,0,2026-05-17,live
2026-05-17T01:45:59,97,83,79,0,2026-05-17,live
2026-05-17T01:46:14,97,87,79,0,2026-05-17,live
2026-05-17T01:46:30,97,83,79,0,2026-05-17,live
2026-05-17T01:46:45,97,84,79,0,2026-05-17,live
2026-05-17T01:47:00,97,83,79,0,2026-05-17,live
2026-05-17T01:47:15,97,85,79,0,2026-05-17,live
2026-05-17T01:47:30,97,84,79,0,2026-05-17,live
2026-05-17T01:47:45,97,84,79,0,2026-05-17,live
2026-05-17T01:48:00,97,84,79,0,2026-05-17,live
2026-05-17T01:48:15,97,87,79,0,2026-05-17,live
2026-05-17T01:48:30,97,83,79,0,2026-05-17,live
2026-05-17T01:48:46,97,88,79,0,2026-05-17,live
2026-05-17T01:49:01,97,87,79,0,2026-05-17,live
2026-05-17T01:49:16,97,89,79,0,2026-05-17,live
2026-05-17T01:49:31,97,85,79,0,2026-05-17,live
2026-05-17T01:49:46,97,85,79,0,2026-05-17,live
2026-05-17T01:50:01,97,86,79,0,2026-05-17,live
2026-05-17T01:50:16,97,84,79,0,2026-05-17,live
2026-05-17T01:50:32,97,86,79,0,2026-05-17,live
2026-05-17T01:50:47,97,86,79,0,2026-05-17,live
2026-05-17T01:51:02,97,86,79,0,2026-05-17,live
2026-05-17T01:51:17,97,86,79,0,2026-05-17,live
2026-05-17T01:51:32,97,85,79,0,2026-05-17,live
2026-05-17T01:51:48,97,94,79,0,2026-05-17,live
2026-05-17T01:52:03,97,112,79,0,2026-05-17,live
2026-05-17T01:52:18,97,110,79,0,2026-05-17,live
2026-05-17T01:52:33,97,104,79,0,2026-05-17,live
2026-05-17T01:52:48,97,99,79,0,2026-05-17,live
2026-05-17T01:53:03,97,92,79,0,2026-05-17,live
2026-05-17T01:53:18,97,98,79,0,2026-05-17,live
2026-05-17T01:53:33,97,88,79,0,2026-05-17,live
2026-05-17T01:53:48,97,87,79,0,2026-05-17,live
2026-05-17T01:54:04,97,97,79,0,2026-05-17,live
2026-05-17T01:54:19,97,85,79,0,2026-05-17,live
2026-05-17T01:54:34,97,82,79,0,2026-05-17,live
2026-05-17T01:54:49,98,92,79,0,2026-05-17,live
2026-05-17T01:55:04,97,87,79,0,2026-05-17,live
2026-05-17T01:55:19,97,87,79,0,2026-05-17,live
2026-05-17T01:55:34,97,78,79,0,2026-05-17,live
2026-05-17T01:55:49,97,85,79,0,2026-05-17,live
2026-05-17T01:56:04,97,83,79,0,2026-05-17,live
2026-05-17T01:56:20,97,81,79,0,2026-05-17,live
2026-05-17T01:56:35,97,82,79,0,2026-05-17,live
2026-05-17T01:56:50,97,85,79,0,2026-05-17,live
2026-05-17T01:57:05,97,85,79,0,2026-05-17,live
2026-05-17T01:57:20,97,86,79,0,2026-05-17,live
2026-05-17T01:57:35,97,80,79,0,2026-05-17,live
2026-05-17T01:57:50,97,82,79,0,2026-05-17,live
2026-05-17T01:58:05,97,84,79,0,2026-05-17,live
2026-05-17T01:58:20,97,81,79,0,2026-05-17,live
2026-05-17T01:58:36,97,85,79,0,2026-05-17,live
2026-05-17T01:58:51,97,82,79,0,2026-05-17,live
2026-05-17T01:59:06,97,85,79,0,2026-05-17,live
2026-05-17T01:59:21,97,80,79,0,2026-05-17,live
2026-05-17T01:59:36,97,84,78,0,2026-05-17,live
2026-05-17T01:59:51,97,80,78,0,2026-05-17,live
2026-05-17T02:00:06,97,81,78,0,2026-05-17,live
2026-05-17T02:00:21,97,80,78,0,2026-05-17,live
2026-05-17T02:00:36,97,86,78,0,2026-05-17,live
2026-05-17T02:00:52,97,84,78,0,2026-05-17,live
2026-05-17T02:01:07,97,83,78,0,2026-05-17,live
2026-05-17T02:01:22,97,82,78,0,2026-05-17,live
2026-05-17T02:01:37,97,85,78,0,2026-05-17,live
2026-05-17T02:01:52,97,83,78,0,2026-05-17,live
2026-05-17T02:02:07,97,83,78,0,2026-05-17,live
2026-05-17T02:02:23,97,83,78,0,2026-05-17,live
2026-05-17T02:02:38,97,83,78,0,2026-05-17,live
2026-05-17T02:02:53,97,84,78,0,2026-05-17,live
2026-05-17T02:03:08,97,84,78,0,2026-05-17,live
2026-05-17T02:03:23,97,81,78,0,2026-05-17,live
2026-05-17T02:03:39,97,81,78,0,2026-05-17,live
2026-05-17T02:03:54,97,87,78,0,2026-05-17,live
2026-05-17T02:04:09,97,81,78,0,2026-05-17,live
2026-05-17T02:04:24,97,82,78,0,2026-05-17,live
2026-05-17T02:04:39,97,103,78,0,2026-05-17,live
2026-05-17T02:04:54,97,101,78,0,2026-05-17,live
2026-05-17T02:05:10,97,96,78,0,2026-05-17,live
2026-05-17T02:05:25,97,85,78,0,2026-05-17,live
2026-05-17T02:05:40,97,84,78,0,2026-05-17,live
2026-05-17T02:05:55,97,88,78,0,2026-05-17,live
2026-05-17T02:06:10,97,83,78,0,2026-05-17,live
2026-05-17T02:06:25,97,87,78,0,2026-05-17,live
2026-05-17T02:06:41,97,83,78,0,2026-05-17,live
2026-05-17T02:06:56,97,83,78,0,2026-05-17,live
2026-05-17T02:07:11,97,88,78,0,2026-05-17,live
2026-05-17T02:07:26,97,84,78,0,2026-05-17,live
2026-05-17T02:07:41,97,79,78,0,2026-05-17,live
2026-05-17T02:07:56,97,84,78,0,2026-05-17,live
2026-05-17T02:08:11,97,86,78,0,2026-05-17,live
2026-05-17T02:08:26,97,81,78,0,2026-05-17,live
2026-05-17T02:08:42,97,85,78,0,2026-05-17,live
2026-05-17T02:08:57,97,81,78,0,2026-05-17,live
2026-05-17T02:09:12,97,85,78,0,2026-05-17,live
2026-05-17T02:09:27,97,83,78,0,2026-05-17,live
2026-05-17T02:09:42,97,83,78,0,2026-05-17,live
2026-05-17T02:09:57,97,83,78,0,2026-05-17,live
2026-05-17T02:10:12,97,83,78,0,2026-05-17,live
2026-05-17T02:10:27,97,82,78,0,2026-05-17,live
2026-05-17T02:10:43,97,83,78,0,2026-05-17,live
2026-05-17T02:10:58,97,82,78,0,2026-05-17,live
2026-05-17T02:11:13,97,83,78,0,2026-05-17,live
2026-05-17T02:11:28,97,84,78,0,2026-05-17,live
2026-05-17T02:11:43,97,86,78,0,2026-05-17,live
2026-05-17T02:11:58,97,84,78,0,2026-05-17,live
2026-05-17T02:12:13,97,85,78,0,2026-05-17,live
2026-05-17T02:12:28,97,85,78,0,2026-05-17,live
2026-05-17T02:12:43,97,82,78,0,2026-05-17,live
2026-05-17T02:12:58,97,83,78,0,2026-05-17,live
2026-05-17T02:13:14,97,84,78,0,2026-05-17,live
2026-05-17T02:13:29,97,84,78,0,2026-05-17,live
2026-05-17T02:13:44,97,84,78,0,2026-05-17,live
2026-05-17T02:13:59,97,81,78,0,2026-05-17,live
2026-05-17T02:14:15,97,81,78,0,2026-05-17,live
2026-05-17T02:14:30,97,85,78,0,2026-05-17,live
2026-05-17T02:14:45,97,85,78,0,2026-05-17,live
2026-05-17T02:15:00,97,86,78,0,2026-05-17,live
2026-05-17T02:15:15,97,85,78,0,2026-05-17,live
2026-05-17T02:15:30,97,83,78,0,2026-05-17,live
2026-05-17T02:15:45,97,83,78,0,2026-05-17,live
2026-05-17T02:16:00,97,84,78,0,2026-05-17,live
2026-05-17T02:16:16,97,81,78,0,2026-05-17,live
2026-05-17T02:16:31,97,82,78,0,2026-05-17,live
2026-05-17T02:16:46,97,83,78,0,2026-05-17,live
2026-05-17T02:17:01,97,83,78,0,2026-05-17,live
2026-05-17T02:17:17,97,81,78,0,2026-05-17,live
2026-05-17T02:17:32,97,85,78,0,2026-05-17,live
2026-05-17T02:17:47,97,83,78,0,2026-05-17,live
2026-05-17T02:18:02,97,85,78,0,2026-05-17,live
2026-05-17T02:18:17,97,80,78,0,2026-05-17,live
2026-05-17T02:18:32,97,82,78,0,2026-05-17,live
2026-05-17T02:18:47,97,84,78,0,2026-05-17,live
2026-05-17T02:19:02,97,88,78,0,2026-05-17,live
2026-05-17T02:19:17,97,104,78,0,2026-05-17,live
2026-05-17T02:19:32,97,98,78,0,2026-05-17,live
2026-05-17T02:19:48,97,94,78,0,2026-05-17,live
2026-05-17T02:20:03,97,92,78,0,2026-05-17,live
2026-05-17T02:20:18,97,78,78,0,2026-05-17,live
2026-05-17T02:20:33,97,82,78,0,2026-05-17,live
2026-05-17T02:20:48,97,85,78,0,2026-05-17,live
2026-05-17T02:21:03,97,98,78,0,2026-05-17,live
2026-05-17T02:21:18,97,94,78,0,2026-05-17,live
2026-05-17T02:21:33,97,83,78,0,2026-05-17,live
2026-05-17T02:21:49,97,92,78,0,2026-05-17,live
2026-05-17T02:22:04,97,90,78,0,2026-05-17,live
2026-05-17T02:22:19,97,89,78,0,2026-05-17,live
2026-05-17T02:22:34,97,78,78,0,2026-05-17,live
2026-05-17T02:22:49,97,82,78,0,2026-05-17,live
2026-05-17T02:23:04,97,82,78,0,2026-05-17,live
2026-05-17T02:23:19,97,84,78,0,2026-05-17,live
2026-05-17T02:23:34,97,83,78,0,2026-05-17,live
2026-05-17T02:23:49,97,80,78,0,2026-05-17,live
2026-05-17T02:24:05,97,83,78,0,2026-05-17,live
2026-05-17T02:24:20,97,82,78,0,2026-05-17,live
2026-05-17T02:24:35,97,80,78,0,2026-05-17,live
2026-05-17T02:24:50,97,80,78,0,2026-05-17,live
2026-05-17T02:25:05,97,81,78,0,2026-05-17,live
2026-05-17T02:25:20,97,84,78,0,2026-05-17,live
2026-05-17T02:25:35,97,84,78,0,2026-05-17,live
2026-05-17T02:25:50,97,81,78,0,2026-05-17,live
2026-05-17T02:26:05,97,86,78,0,2026-05-17,live
2026-05-17T02:26:21,97,83,78,0,2026-05-17,live
2026-05-17T02:26:36,97,93,78,0,2026-05-17,live
2026-05-17T02:26:51,97,97,78,0,2026-05-17,live
2026-05-17T02:27:06,97,96,78,0,2026-05-17,live
2026-05-17T02:27:21,97,90,78,0,2026-05-17,live
2026-05-17T02:27:36,97,84,78,0,2026-05-17,live
2026-05-17T02:27:52,97,87,78,0,2026-05-17,live
2026-05-17T02:28:07,97,87,78,0,2026-05-17,live
2026-05-17T02:28:22,97,85,78,0,2026-05-17,live
2026-05-17T02:28:37,97,83,78,0,2026-05-17,live
2026-05-17T02:28:52,97,88,78,0,2026-05-17,live
2026-05-17T02:29:07,97,90,78,0,2026-05-17,live
2026-05-17T02:29:22,97,85,78,0,2026-05-17,live
2026-05-17T02:29:37,97,84,78,0,2026-05-17,live
2026-05-17T02:29:52,97,88,78,0,2026-05-17,live
2026-05-17T02:30:08,97,81,78,0,2026-05-17,live
2026-05-17T02:30:23,97,81,78,0,2026-05-17,live
2026-05-17T02:30:38,97,85,78,0,2026-05-17,live
2026-05-17T02:30:53,97,85,78,0,2026-05-17,live
2026-05-17T02:31:08,97,89,78,0,2026-05-17,live
2026-05-17T02:31:23,97,83,78,0,2026-05-17,live
2026-05-17T02:31:38,97,89,78,0,2026-05-17,live
2026-05-17T02:31:53,97,88,78,0,2026-05-17,live
2026-05-17T02:32:08,97,97,78,0,2026-05-17,live
2026-05-17T02:32:24,97,86,78,0,2026-05-17,live
2026-05-17T02:32:39,97,82,78,0,2026-05-17,live
2026-05-17T02:32:54,97,83,78,0,2026-05-17,live
2026-05-17T02:33:09,97,87,78,0,2026-05-17,live
2026-05-17T02:33:24,97,85,78,0,2026-05-17,live
2026-05-17T02:33:39,97,86,78,0,2026-05-17,live
2026-05-17T02:33:54,97,89,78,0,2026-05-17,live
2026-05-17T02:34:09,97,89,78,0,2026-05-17,live
2026-05-17T02:34:25,97,82,78,0,2026-05-17,live
2026-05-17T02:34:40,97,87,78,0,2026-05-17,live
2026-05-17T02:34:55,97,94,78,0,2026-05-17,live
2026-05-17T02:35:10,97,83,78,0,2026-05-17,live
2026-05-17T02:35:25,97,91,78,0,2026-05-17,live
2026-05-17T02:35:40,97,96,78,0,2026-05-17,live
2026-05-17T02:35:56,97,100,78,0,2026-05-17,live
2026-05-17T02:36:11,97,81,78,0,2026-05-17,live
2026-05-17T02:36:26,97,85,78,0,2026-05-17,live
2026-05-17T02:36:41,97,87,78,0,2026-05-17,live
2026-05-17T02:36:56,97,85,78,0,2026-05-17,live
2026-05-17T02:37:12,97,84,78,0,2026-05-17,live
2026-05-17T02:37:27,97,82,78,0,2026-05-17,live
2026-05-17T02:37:42,97,83,78,0,2026-05-17,live
2026-05-17T02:37:57,97,83,78,0,2026-05-17,live
2026-05-17T02:38:12,97,86,78,0,2026-05-17,live
2026-05-17T02:38:27,97,86,78,0,2026-05-17,live
2026-05-17T02:38:43,97,87,78,0,2026-05-17,live
2026-05-17T02:38:58,97,88,78,0,2026-05-17,live
2026-05-17T02:39:13,97,91,78,0,2026-05-17,live
2026-05-17T02:39:28,97,88,78,0,2026-05-17,live
2026-05-17T02:39:43,97,90,78,0,2026-05-17,live
2026-05-17T02:39:59,97,92,78,0,2026-05-17,live
2026-05-17T02:40:14,97,92,78,0,2026-05-17,live
2026-05-17T02:40:29,97,91,78,0,2026-05-17,live
2026-05-17T02:40:44,97,92,78,0,2026-05-17,live
2026-05-17T02:40:59,97,95,78,0,2026-05-17,live
2026-05-17T02:41:14,97,89,78,0,2026-05-17,live
2026-05-17T02:41:29,97,86,78,0,2026-05-17,live
2026-05-17T02:41:44,97,89,78,0,2026-05-17,live
2026-05-17T02:42:00,97,82,78,0,2026-05-17,live
2026-05-17T02:42:15,97,84,78,0,2026-05-17,live
2026-05-17T02:42:30,97,86,78,0,2026-05-17,live
2026-05-17T02:42:45,97,86,78,0,2026-05-17,live
2026-05-17T02:43:00,97,92,78,6,2026-05-17,live
2026-05-17T02:43:15,97,101,78,0,2026-05-17,live
2026-05-17T02:43:30,97,88,78,0,2026-05-17,live
2026-05-17T02:43:45,98,88,77,0,2026-05-17,live
2026-05-17T02:44:00,98,92,77,0,2026-05-17,live
2026-05-17T02:44:16,98,82,77,0,2026-05-17,live
2026-05-17T02:44:31,97,83,77,0,2026-05-17,live
2026-05-17T02:44:47,97,80,77,0,2026-05-17,live
2026-05-17T02:45:02,97,80,77,0,2026-05-17,live
2026-05-17T02:45:17,97,80,77,0,2026-05-17,live
2026-05-17T02:45:32,97,81,77,0,2026-05-17,live
2026-05-17T02:45:47,97,85,77,0,2026-05-17,live
2026-05-17T02:46:02,97,84,77,0,2026-05-17,live
2026-05-17T02:46:17,97,88,77,0,2026-05-17,live
2026-05-17T02:46:32,97,86,77,0,2026-05-17,live
2026-05-17T02:46:47,97,87,77,0,2026-05-17,live
2026-05-17T02:47:03,97,88,77,0,2026-05-17,live
2026-05-17T02:47:18,97,91,77,0,2026-05-17,live
2026-05-17T02:47:33,97,83,77,0,2026-05-17,live
2026-05-17T02:47:48,98,83,77,0,2026-05-17,live
2026-05-17T02:48:04,97,84,77,0,2026-05-17,live
2026-05-17T02:48:19,97,90,77,0,2026-05-17,live
2026-05-17T02:48:34,97,86,77,0,2026-05-17,live
2026-05-17T02:48:49,97,87,77,0,2026-05-17,live
2026-05-17T02:49:04,97,89,77,0,2026-05-17,live
2026-05-17T02:49:19,97,87,77,0,2026-05-17,live
2026-05-17T02:49:34,97,87,77,0,2026-05-17,live
2026-05-17T02:49:50,97,87,77,0,2026-05-17,live
2026-05-17T02:50:05,97,93,77,0,2026-05-17,live
2026-05-17T02:50:20,98,96,77,0,2026-05-17,live
2026-05-17T02:50:35,97,88,77,0,2026-05-17,live
2026-05-17T02:50:50,98,82,77,0,2026-05-17,live
2026-05-17T02:51:05,97,84,77,0,2026-05-17,live
2026-05-17T02:51:20,97,86,77,0,2026-05-17,live
2026-05-17T02:51:35,97,81,77,0,2026-05-17,live
2026-05-17T02:51:50,98,88,77,0,2026-05-17,live
2026-05-17T02:52:06,97,86,77,0,2026-05-17,live
2026-05-17T02:52:21,98,83,77,0,2026-05-17,live
2026-05-17T02:52:36,98,81,77,0,2026-05-17,live
2026-05-17T02:52:51,97,79,77,0,2026-05-17,live
2026-05-17T02:53:06,97,89,77,0,2026-05-17,live
2026-05-17T02:53:21,97,93,77,0,2026-05-17,live
2026-05-17T02:53:36,98,85,77,0,2026-05-17,live
2026-05-17T02:53:51,98,80,77,0,2026-05-17,live
2026-05-17T02:54:07,97,81,77,0,2026-05-17,live
2026-05-17T02:54:22,97,82,77,0,2026-05-17,live
2026-05-17T02:54:37,97,91,77,0,2026-05-17,live
2026-05-17T02:54:52,98,88,77,0,2026-05-17,live
2026-05-17T02:55:07,97,84,77,0,2026-05-17,live
2026-05-17T02:55:22,97,87,77,0,2026-05-17,live
2026-05-17T02:55:37,97,87,77,0,2026-05-17,live
2026-05-17T02:55:52,98,86,77,0,2026-05-17,live
2026-05-17T02:56:07,97,84,77,0,2026-05-17,live
2026-05-17T02:56:22,97,80,77,0,2026-05-17,live
2026-05-17T02:56:38,97,82,77,0,2026-05-17,live
2026-05-17T02:56:53,97,82,77,0,2026-05-17,live
2026-05-17T02:57:08,97,81,77,0,2026-05-17,live
2026-05-17T02:57:23,97,80,77,0,2026-05-17,live
2026-05-17T02:57:38,97,85,77,0,2026-05-17,live
2026-05-17T02:57:53,97,82,77,0,2026-05-17,live
2026-05-17T02:58:08,97,82,77,0,2026-05-17,live
2026-05-17T02:58:24,97,81,77,0,2026-05-17,live
2026-05-17T02:58:39,97,81,77,0,2026-05-17,live
2026-05-17T02:58:54,97,84,77,0,2026-05-17,live
2026-05-17T02:59:09,97,79,77,0,2026-05-17,live
2026-05-17T02:59:25,97,79,77,0,2026-05-17,live
2026-05-17T02:59:40,97,83,77,0,2026-05-17,live
2026-05-17T02:59:55,97,87,77,0,2026-05-17,live
2026-05-17T03:00:10,97,86,77,0,2026-05-17,live
2026-05-17T03:00:25,97,88,77,0,2026-05-17,live
2026-05-17T03:00:40,97,88,77,0,2026-05-17,live
2026-05-17T03:00:56,97,90,77,0,2026-05-17,live
2026-05-17T03:01:11,97,86,77,0,2026-05-17,live
2026-05-17T03:01:26,98,90,77,0,2026-05-17,live
2026-05-17T03:01:41,97,94,77,0,2026-05-17,live
2026-05-17T03:01:56,98,95,77,0,2026-05-17,live
2026-05-17T03:02:11,98,92,77,0,2026-05-17,live
2026-05-17T03:02:26,98,101,77,0,2026-05-17,live
2026-05-17T03:02:41,98,103,77,0,2026-05-17,live
2026-05-17T03:02:56,98,87,77,0,2026-05-17,live
2026-05-17T03:03:12,98,83,77,0,2026-05-17,live
2026-05-17T03:03:27,98,79,77,0,2026-05-17,live
2026-05-17T03:03:42,98,85,77,0,2026-05-17,live
2026-05-17T03:03:57,98,84,77,0,2026-05-17,live
2026-05-17T03:04:12,98,84,77,0,2026-05-17,live
2026-05-17T03:04:27,98,82,77,0,2026-05-17,live
2026-05-17T03:04:42,98,84,77,0,2026-05-17,live
2026-05-17T03:04:57,97,78,77,0,2026-05-17,live
2026-05-17T03:05:12,98,82,77,0,2026-05-17,live
2026-05-17T03:05:27,97,79,77,0,2026-05-17,live
2026-05-17T03:05:43,98,84,77,0,2026-05-17,live
2026-05-17T03:05:58,98,84,77,0,2026-05-17,live
2026-05-17T03:06:13,98,81,77,0,2026-05-17,live
2026-05-17T03:06:28,98,88,77,0,2026-05-17,live
2026-05-17T03:06:43,97,86,77,0,2026-05-17,live
2026-05-17T03:06:58,97,82,77,0,2026-05-17,live
2026-05-17T03:07:13,97,81,77,0,2026-05-17,live
2026-05-17T03:07:29,97,80,77,0,2026-05-17,live
2026-05-17T03:07:44,97,83,77,0,2026-05-17,live
2026-05-17T03:07:59,98,79,77,0,2026-05-17,live
2026-05-17T03:08:14,98,82,77,0,2026-05-17,live
2026-05-17T03:08:30,98,84,77,0,2026-05-17,live
2026-05-17T03:08:45,98,80,77,0,2026-05-17,live
2026-05-17T03:09:00,98,87,77,0,2026-05-17,live
2026-05-17T03:09:15,98,83,77,0,2026-05-17,live
2026-05-17T03:09:30,98,82,77,0,2026-05-17,live
2026-05-17T03:09:45,97,79,77,0,2026-05-17,live
2026-05-17T03:10:01,98,81,77,0,2026-05-17,live
2026-05-17T03:10:16,98,79,77,0,2026-05-17,live
2026-05-17T03:10:31,98,83,77,0,2026-05-17,live
2026-05-17T03:10:46,98,84,77,0,2026-05-17,live
2026-05-17T03:11:01,98,86,77,0,2026-05-17,live
2026-05-17T03:11:16,98,82,77,0,2026-05-17,live
2026-05-17T03:11:31,98,82,77,0,2026-05-17,live
2026-05-17T03:11:46,97,78,77,0,2026-05-17,live
2026-05-17T03:12:01,98,78,77,0,2026-05-17,live
2026-05-17T03:12:17,98,81,77,0,2026-05-17,live
2026-05-17T03:12:32,98,81,77,0,2026-05-17,live
2026-05-17T03:12:47,98,85,77,0,2026-05-17,live
2026-05-17T03:13:02,98,83,77,0,2026-05-17,live
2026-05-17T03:13:17,98,78,77,0,2026-05-17,live
2026-05-17T03:13:32,98,78,77,0,2026-05-17,live
2026-05-17T03:13:47,98,83,77,0,2026-05-17,live
2026-05-17T03:14:03,98,80,77,0,2026-05-17,live
2026-05-17T03:14:18,98,79,77,0,2026-05-17,live
2026-05-17T03:14:33,97,77,77,0,2026-05-17,live
2026-05-17T03:14:48,98,79,77,0,2026-05-17,live
2026-05-17T03:15:03,98,78,77,0,2026-05-17,live
2026-05-17T03:15:18,98,83,77,0,2026-05-17,live
2026-05-17T03:15:33,98,84,77,0,2026-05-17,live
2026-05-17T03:15:48,98,83,77,0,2026-05-17,live
2026-05-17T03:16:04,98,86,77,0,2026-05-17,live
2026-05-17T03:16:19,98,83,77,0,2026-05-17,live
2026-05-17T03:16:34,98,80,77,0,2026-05-17,live
2026-05-17T03:16:49,98,80,77,0,2026-05-17,live
2026-05-17T03:17:04,98,79,77,0,2026-05-17,live
2026-05-17T03:17:19,98,81,77,0,2026-05-17,live
2026-05-17T03:17:34,98,80,77,0,2026-05-17,live
2026-05-17T03:17:49,98,81,77,0,2026-05-17,live
2026-05-17T03:18:04,98,83,77,0,2026-05-17,live
2026-05-17T03:18:19,98,84,77,0,2026-05-17,live
2026-05-17T03:18:35,98,84,77,0,2026-05-17,live
2026-05-17T03:18:50,98,82,77,0,2026-05-17,live
2026-05-17T03:19:05,98,88,77,0,2026-05-17,live
2026-05-17T03:19:20,98,80,77,0,2026-05-17,live
2026-05-17T03:19:35,98,82,77,0,2026-05-17,live
2026-05-17T03:19:50,98,80,77,0,2026-05-17,live
2026-05-17T03:20:05,98,84,77,0,2026-05-17,live
2026-05-17T03:20:20,98,79,77,0,2026-05-17,live
2026-05-17T03:20:36,98,80,77,0,2026-05-17,live
2026-05-17T03:20:51,98,82,77,0,2026-05-17,live
2026-05-17T03:21:07,98,80,77,0,2026-05-17,live
2026-05-17T03:21:22,98,80,77,0,2026-05-17,live
2026-05-17T03:21:37,98,83,77,0,2026-05-17,live
2026-05-17T03:21:52,98,82,77,0,2026-05-17,live
2026-05-17T03:22:07,98,79,77,0,2026-05-17,live
2026-05-17T03:22:22,97,81,77,0,2026-05-17,live
2026-05-17T03:22:37,97,84,77,0,2026-05-17,live
2026-05-17T03:22:52,97,78,76,0,2026-05-17,live
2026-05-17T03:23:08,97,81,76,0,2026-05-17,live
2026-05-17T03:23:23,97,83,76,0,2026-05-17,live
2026-05-17T03:23:38,98,84,76,0,2026-05-17,live
2026-05-17T03:23:53,98,79,76,0,2026-05-17,live
2026-05-17T03:24:08,97,85,76,0,2026-05-17,live
2026-05-17T03:24:23,98,82,76,0,2026-05-17,live
2026-05-17T03:24:38,98,82,76,0,2026-05-17,live
2026-05-17T03:24:53,97,85,76,0,2026-05-17,live
2026-05-17T03:25:08,97,81,76,0,2026-05-17,live
2026-05-17T03:25:24,98,79,76,0,2026-05-17,live
2026-05-17T03:25:39,97,80,76,0,2026-05-17,live
2026-05-17T03:25:54,98,82,76,0,2026-05-17,live
2026-05-17T03:26:09,97,85,76,0,2026-05-17,live
2026-05-17T03:26:24,97,80,76,0,2026-05-17,live
2026-05-17T03:26:40,98,80,76,0,2026-05-17,live
2026-05-17T03:26:55,97,82,76,0,2026-05-17,live
2026-05-17T03:27:10,97,85,76,0,2026-05-17,live
2026-05-17T03:27:25,97,81,76,0,2026-05-17,live
2026-05-17T03:27:40,98,80,76,0,2026-05-17,live
2026-05-17T03:27:55,98,86,76,0,2026-05-17,live
2026-05-17T03:28:10,97,80,76,0,2026-05-17,live
2026-05-17T03:28:25,98,79,76,0,2026-05-17,live
2026-05-17T03:28:40,97,82,76,0,2026-05-17,live
2026-05-17T03:28:56,97,80,76,0,2026-05-17,live
2026-05-17T03:29:11,97,84,76,0,2026-05-17,live
2026-05-17T03:29:26,98,86,76,0,2026-05-17,live
2026-05-17T03:29:41,98,79,76,0,2026-05-17,live
2026-05-17T03:29:56,98,83,76,0,2026-05-17,live
2026-05-17T03:30:11,97,84,76,0,2026-05-17,live
2026-05-17T03:30:26,97,80,76,0,2026-05-17,live
2026-05-17T03:30:42,97,80,76,0,2026-05-17,live
2026-05-17T03:30:57,98,82,76,0,2026-05-17,live
2026-05-17T03:31:12,97,80,76,0,2026-05-17,live
2026-05-17T03:31:27,97,79,76,0,2026-05-17,live
2026-05-17T03:31:42,98,96,76,0,2026-05-17,live
2026-05-17T03:31:57,98,104,76,0,2026-05-17,live
2026-05-17T03:32:12,98,96,76,0,2026-05-17,live
2026-05-17T03:32:27,98,91,76,0,2026-05-17,live
2026-05-17T03:32:42,98,89,76,0,2026-05-17,live
2026-05-17T03:32:57,98,88,76,0,2026-05-17,live
2026-05-17T03:33:13,98,81,75,0,2026-05-17,live
2026-05-17T03:33:28,98,77,75,0,2026-05-17,live
2026-05-17T03:33:43,98,78,75,0,2026-05-17,live
2026-05-17T03:33:58,98,80,75,0,2026-05-17,live
2026-05-17T03:34:13,98,81,75,0,2026-05-17,live
2026-05-17T03:34:28,98,83,75,0,2026-05-17,live
2026-05-17T03:34:43,98,80,75,0,2026-05-17,live
2026-05-17T03:34:59,98,82,75,0,2026-05-17,live
2026-05-17T03:35:14,98,83,75,0,2026-05-17,live
2026-05-17T03:35:29,98,79,75,0,2026-05-17,live
2026-05-17T03:35:44,98,80,75,0,2026-05-17,live
2026-05-17T03:35:59,98,84,75,0,2026-05-17,live
2026-05-17T03:36:14,98,81,75,0,2026-05-17,live
2026-05-17T03:36:29,98,82,75,0,2026-05-17,live
2026-05-17T03:36:45,97,82,75,0,2026-05-17,live
2026-05-17T03:37:00,98,83,75,0,2026-05-17,live
2026-05-17T03:37:16,97,81,75,0,2026-05-17,live
2026-05-17T03:37:31,97,85,75,0,2026-05-17,live
2026-05-17T03:37:46,97,81,75,0,2026-05-17,live
2026-05-17T03:38:01,97,80,75,0,2026-05-17,live
2026-05-17T03:38:16,97,83,75,0,2026-05-17,live
2026-05-17T03:38:31,97,82,75,0,2026-05-17,live
2026-05-17T03:38:46,97,80,75,0,2026-05-17,live
2026-05-17T03:39:01,97,84,75,0,2026-05-17,live
2026-05-17T03:39:16,98,79,75,0,2026-05-17,live
2026-05-17T03:39:32,98,81,75,0,2026-05-17,live
2026-05-17T03:39:47,97,82,75,0,2026-05-17,live
2026-05-17T03:40:02,98,80,75,0,2026-05-17,live
2026-05-17T03:40:17,97,82,75,0,2026-05-17,live
2026-05-17T03:40:32,97,86,75,0,2026-05-17,live
2026-05-17T03:40:47,98,79,75,0,2026-05-17,live
2026-05-17T03:41:02,98,79,75,0,2026-05-17,live
2026-05-17T03:41:18,97,82,75,0,2026-05-17,live
2026-05-17T03:41:33,98,83,75,0,2026-05-17,live
2026-05-17T03:41:48,97,82,75,0,2026-05-17,live
2026-05-17T03:42:03,98,83,75,0,2026-05-17,live
2026-05-17T03:42:18,97,78,75,0,2026-05-17,live
2026-05-17T03:42:33,98,81,75,0,2026-05-17,live
2026-05-17T03:42:48,98,82,75,0,2026-05-17,live
2026-05-17T03:43:03,98,80,75,0,2026-05-17,live
2026-05-17T03:43:19,98,82,75,0,2026-05-17,live
2026-05-17T03:43:34,98,76,75,0,2026-05-17,live
2026-05-17T03:43:49,98,81,75,0,2026-05-17,live
2026-05-17T03:44:04,98,79,75,0,2026-05-17,live
2026-05-17T03:44:19,97,81,75,0,2026-05-17,live
2026-05-17T03:44:34,98,80,75,0,2026-05-17,live
2026-05-17T03:44:49,98,83,75,0,2026-05-17,live
2026-05-17T03:45:04,98,83,75,0,2026-05-17,live
2026-05-17T03:45:20,97,87,75,0,2026-05-17,live
2026-05-17T03:45:35,97,92,75,0,2026-05-17,live
2026-05-17T03:45:50,98,76,75,0,2026-05-17,live
2026-05-17T03:46:05,98,77,75,0,2026-05-17,live
2026-05-17T03:46:20,98,98,75,0,2026-05-17,live
2026-05-17T03:46:35,98,83,75,0,2026-05-17,live
2026-05-17T03:46:50,98,81,75,0,2026-05-17,live
2026-05-17T03:47:06,98,85,75,0,2026-05-17,live
2026-05-17T03:47:21,98,100,75,0,2026-05-17,live
2026-05-17T03:47:36,98,94,75,0,2026-05-17,live
2026-05-17T03:47:51,98,78,75,0,2026-05-17,live
2026-05-17T03:48:06,98,75,75,0,2026-05-17,live
2026-05-17T03:48:21,98,73,75,0,2026-05-17,live
2026-05-17T03:48:36,98,94,75,0,2026-05-17,live
2026-05-17T03:48:52,97,103,75,0,2026-05-17,live
2026-05-17T03:49:07,98,99,75,0,2026-05-17,live
2026-05-17T03:49:22,98,92,75,0,2026-05-17,live
2026-05-17T03:49:37,98,91,75,0,2026-05-17,live
2026-05-17T03:49:52,98,91,75,4,2026-05-17,live
2026-05-17T03:50:07,98,105,75,0,2026-05-17,live
2026-05-17T03:50:22,98,80,75,0,2026-05-17,live
2026-05-17T03:50:37,98,85,75,0,2026-05-17,live
2026-05-17T03:50:52,98,78,75,0,2026-05-17,live
2026-05-17T03:51:08,98,84,75,0,2026-05-17,live
2026-05-17T03:51:23,98,89,75,0,2026-05-17,live
2026-05-17T03:51:38,98,82,75,0,2026-05-17,live
2026-05-17T03:51:53,98,87,75,0,2026-05-17,live
2026-05-17T03:52:08,98,85,75,0,2026-05-17,live
2026-05-17T03:52:23,98,75,75,0,2026-05-17,live
2026-05-17T03:52:38,98,82,75,0,2026-05-17,live
2026-05-17T03:52:53,98,87,75,0,2026-05-17,live
2026-05-17T03:53:08,98,94,75,0,2026-05-17,live
2026-05-17T03:53:24,98,89,75,0,2026-05-17,live
2026-05-17T03:53:39,98,77,75,0,2026-05-17,live
2026-05-17T03:53:54,97,75,75,0,2026-05-17,live
2026-05-17T03:54:09,98,85,75,0,2026-05-17,live
2026-05-17T03:54:24,98,87,75,0,2026-05-17,live
2026-05-17T03:54:39,98,79,75,0,2026-05-17,live
2026-05-17T03:54:54,97,80,75,0,2026-05-17,live
2026-05-17T03:55:09,98,77,75,0,2026-05-17,live
2026-05-17T03:55:24,98,80,75,0,2026-05-17,live
2026-05-17T03:55:40,98,78,75,0,2026-05-17,live
2026-05-17T03:55:55,97,80,75,0,2026-05-17,live
2026-05-17T03:56:10,98,84,75,0,2026-05-17,live
2026-05-17T03:56:25,98,84,75,0,2026-05-17,live
2026-05-17T03:56:40,97,76,75,0,2026-05-17,live
2026-05-17T03:56:55,97,77,75,0,2026-05-17,live
2026-05-17T03:57:10,97,75,75,0,2026-05-17,live
2026-05-17T03:57:25,97,75,75,0,2026-05-17,live
2026-05-17T03:57:40,98,76,75,0,2026-05-17,live
2026-05-17T03:57:56,97,75,75,0,2026-05-17,live
2026-05-17T03:58:11,97,76,75,0,2026-05-17,live
2026-05-17T03:58:26,97,76,75,0,2026-05-17,live
2026-05-17T03:58:41,97,77,75,0,2026-05-17,live
2026-05-17T03:58:56,97,78,75,0,2026-05-17,live
2026-05-17T03:59:11,97,74,75,0,2026-05-17,live
2026-05-17T03:59:26,97,78,75,0,2026-05-17,live
2026-05-17T03:59:41,97,76,75,0,2026-05-17,live
2026-05-17T03:59:56,97,74,75,0,2026-05-17,live
2026-05-17T04:00:12,97,87,75,0,2026-05-17,live
2026-05-17T04:00:27,97,83,75,0,2026-05-17,live
2026-05-17T04:00:42,97,73,75,0,2026-05-17,live
2026-05-17T04:00:59,97,76,75,0,2026-05-17,live
2026-05-17T04:01:14,97,78,75,0,2026-05-17,live
2026-05-17T04:01:29,97,75,75,0,2026-05-17,live
2026-05-17T04:01:44,97,75,75,0,2026-05-17,live
2026-05-17T04:02:00,97,78,75,0,2026-05-17,live
2026-05-17T04:02:15,97,77,75,0,2026-05-17,live
2026-05-17T04:02:30,97,76,75,0,2026-05-17,live
2026-05-17T04:02:45,97,77,75,0,2026-05-17,live
2026-05-17T04:03:00,97,79,75,0,2026-05-17,live
2026-05-17T04:03:15,97,76,75,0,2026-05-17,live
2026-05-17T04:03:30,97,80,75,0,2026-05-17,live
2026-05-17T04:03:46,97,77,75,0,2026-05-17,live
2026-05-17T04:04:01,97,80,75,0,2026-05-17,live
2026-05-17T04:04:16,97,74,75,0,2026-05-17,live
2026-05-17T04:04:31,97,77,75,0,2026-05-17,live
2026-05-17T04:04:46,97,78,75,0,2026-05-17,live
2026-05-17T04:05:01,97,77,75,0,2026-05-17,live
2026-05-17T04:05:16,97,76,75,0,2026-05-17,live
2026-05-17T04:05:31,97,80,75,0,2026-05-17,live
2026-05-17T04:05:46,97,76,75,0,2026-05-17,live
2026-05-17T04:06:02,97,77,75,0,2026-05-17,live
2026-05-17T04:06:17,97,80,75,0,2026-05-17,live
2026-05-17T04:06:32,97,77,75,0,2026-05-17,live
2026-05-17T04:06:47,97,77,75,0,2026-05-17,live
2026-05-17T04:07:02,97,80,75,0,2026-05-17,live
2026-05-17T04:07:17,97,78,75,0,2026-05-17,live
2026-05-17T04:07:32,97,82,75,0,2026-05-17,live
2026-05-17T04:07:47,97,80,75,0,2026-05-17,live
2026-05-17T04:08:03,97,79,75,0,2026-05-17,live
2026-05-17T04:08:18,97,80,75,0,2026-05-17,live
2026-05-17T04:08:33,97,80,75,0,2026-05-17,live
2026-05-17T04:08:48,97,75,75,0,2026-05-17,live
2026-05-17T04:09:03,97,77,75,0,2026-05-17,live
2026-05-17T04:09:18,97,76,75,0,2026-05-17,live
2026-05-17T04:09:33,97,76,75,0,2026-05-17,live
2026-05-17T04:09:48,97,76,75,0,2026-05-17,live
2026-05-17T04:10:04,97,76,75,0,2026-05-17,live
2026-05-17T04:10:19,97,76,75,0,2026-05-17,live
2026-05-17T04:10:34,97,79,75,0,2026-05-17,live
2026-05-17T04:10:49,97,78,75,0,2026-05-17,live
2026-05-17T04:11:04,97,76,75,0,2026-05-17,live
2026-05-17T04:11:19,97,78,75,0,2026-05-17,live
2026-05-17T04:11:34,97,77,75,0,2026-05-17,live
2026-05-17T04:11:49,97,78,75,0,2026-05-17,live
2026-05-17T04:12:05,97,76,75,0,2026-05-17,live
2026-05-17T04:12:20,97,77,75,0,2026-05-17,live
2026-05-17T04:12:35,97,85,75,0,2026-05-17,live
2026-05-17T04:12:50,97,81,75,0,2026-05-17,live
2026-05-17T04:13:05,97,78,75,0,2026-05-17,live
2026-05-17T04:13:21,97,78,75,0,2026-05-17,live
2026-05-17T04:13:36,97,80,75,0,2026-05-17,live
2026-05-17T04:13:51,97,75,75,0,2026-05-17,live
2026-05-17T04:14:06,97,76,75,0,2026-05-17,live
2026-05-17T04:14:21,97,78,75,0,2026-05-17,live
2026-05-17T04:14:36,97,76,75,0,2026-05-17,live
2026-05-17T04:14:51,97,78,75,0,2026-05-17,live
2026-05-17T04:15:06,97,77,75,0,2026-05-17,live
2026-05-17T04:15:21,97,84,75,0,2026-05-17,live
2026-05-17T04:15:37,97,77,75,0,2026-05-17,live
2026-05-17T04:15:52,97,78,75,0,2026-05-17,live
2026-05-17T04:16:07,97,78,75,0,2026-05-17,live
2026-05-17T04:16:22,97,74,75,0,2026-05-17,live
2026-05-17T04:16:37,97,80,75,0,2026-05-17,live
2026-05-17T04:16:53,97,76,75,0,2026-05-17,live
2026-05-17T04:17:08,97,76,75,0,2026-05-17,live
2026-05-17T04:17:23,97,77,75,0,2026-05-17,live
2026-05-17T04:17:38,97,80,75,0,2026-05-17,live
2026-05-17T04:17:53,97,77,75,0,2026-05-17,live
2026-05-17T04:18:08,97,79,75,0,2026-05-17,live
2026-05-17T04:18:23,97,79,75,0,2026-05-17,live
2026-05-17T04:18:39,97,78,75,0,2026-05-17,live
2026-05-17T04:18:54,97,81,75,0,2026-05-17,live
2026-05-17T04:19:09,97,77,75,0,2026-05-17,live
2026-05-17T04:19:24,97,80,75,0,2026-05-17,live
2026-05-17T04:19:39,97,77,75,0,2026-05-17,live
2026-05-17T04:19:54,97,78,75,0,2026-05-17,live
2026-05-17T04:20:09,97,76,75,0,2026-05-17,live
2026-05-17T04:20:24,97,79,75,0,2026-05-17,live
2026-05-17T04:20:40,97,76,75,0,2026-05-17,live
2026-05-17T04:20:55,97,79,75,0,2026-05-17,live
2026-05-17T04:21:10,97,75,75,0,2026-05-17,live
2026-05-17T04:21:25,97,79,75,0,2026-05-17,live
2026-05-17T04:21:40,97,95,75,0,2026-05-17,live
2026-05-17T04:21:55,97,82,75,0,2026-05-17,live
2026-05-17T04:22:10,97,89,75,0,2026-05-17,live
2026-05-17T04:22:25,97,76,75,0,2026-05-17,live
2026-05-17T04:22:40,97,75,75,0,2026-05-17,live
2026-05-17T04:22:55,97,76,75,0,2026-05-17,live
2026-05-17T04:23:11,97,76,75,0,2026-05-17,live
2026-05-17T04:23:26,97,78,75,0,2026-05-17,live
2026-05-17T04:23:41,97,74,75,0,2026-05-17,live
2026-05-17T04:23:56,97,78,75,0,2026-05-17,live
2026-05-17T04:24:11,97,77,75,0,2026-05-17,live
2026-05-17T04:24:26,97,75,75,0,2026-05-17,live
2026-05-17T04:24:41,97,77,75,0,2026-05-17,live
2026-05-17T04:24:57,97,74,75,0,2026-05-17,live
2026-05-17T04:25:12,97,77,75,0,2026-05-17,live
2026-05-17T04:25:27,97,78,75,0,2026-05-17,live
2026-05-17T04:25:42,97,78,75,0,2026-05-17,live
2026-05-17T04:25:57,97,75,75,0,2026-05-17,live
2026-05-17T04:26:12,97,78,75,0,2026-05-17,live
2026-05-17T04:26:27,97,80,75,0,2026-05-17,live
2026-05-17T04:26:42,97,79,75,0,2026-05-17,live
2026-05-17T04:26:58,97,76,75,0,2026-05-17,live
2026-05-17T04:27:13,97,77,75,0,2026-05-17,live
2026-05-17T04:27:28,97,78,75,0,2026-05-17,live
2026-05-17T04:27:43,97,76,75,0,2026-05-17,live
2026-05-17T04:27:58,97,78,75,0,2026-05-17,live
2026-05-17T04:28:13,97,77,75,0,2026-05-17,live
2026-05-17T04:28:28,97,75,75,0,2026-05-17,live
2026-05-17T04:28:43,97,78,75,0,2026-05-17,live
2026-05-17T04:28:59,97,78,75,0,2026-05-17,live
2026-05-17T04:29:14,97,77,75,0,2026-05-17,live
2026-05-17T04:29:29,97,81,75,0,2026-05-17,live
2026-05-17T04:29:44,97,81,75,0,2026-05-17,live
2026-05-17T04:29:59,97,82,75,0,2026-05-17,live
2026-05-17T04:30:14,97,82,75,0,2026-05-17,live
2026-05-17T04:30:29,97,75,75,0,2026-05-17,live
2026-05-17T04:30:44,97,77,75,0,2026-05-17,live
2026-05-17T04:31:00,97,77,75,0,2026-05-17,live
2026-05-17T04:31:15,97,78,75,0,2026-05-17,live
2026-05-17T04:31:30,97,77,75,0,2026-05-17,live
2026-05-17T04:31:45,97,78,75,0,2026-05-17,live
2026-05-17T04:32:00,97,78,75,0,2026-05-17,live
2026-05-17T04:32:15,97,74,75,0,2026-05-17,live
2026-05-17T04:32:30,97,77,75,0,2026-05-17,live
2026-05-17T04:32:46,97,75,75,0,2026-05-17,live
2026-05-17T04:33:01,97,77,75,0,2026-05-17,live
2026-05-17T04:33:16,97,77,75,0,2026-05-17,live
2026-05-17T04:33:31,97,77,75,0,2026-05-17,live
2026-05-17T04:33:46,97,75,75,0,2026-05-17,live
2026-05-17T04:34:01,97,76,75,0,2026-05-17,live
2026-05-17T04:34:16,97,76,75,0,2026-05-17,live
2026-05-17T04:34:31,97,78,75,0,2026-05-17,live
2026-05-17T04:34:47,97,78,75,0,2026-05-17,live
2026-05-17T04:35:02,97,79,75,0,2026-05-17,live
2026-05-17T04:35:17,97,81,75,0,2026-05-17,live
2026-05-17T04:35:32,97,79,75,0,2026-05-17,live
2026-05-17T04:35:47,97,82,75,0,2026-05-17,live
2026-05-17T04:36:02,97,80,75,0,2026-05-17,live
2026-05-17T04:36:18,97,75,75,0,2026-05-17,live
2026-05-17T04:36:33,97,75,75,0,2026-05-17,live
2026-05-17T04:36:48,97,77,75,0,2026-05-17,live
2026-05-17T04:37:03,97,76,75,0,2026-05-17,live
2026-05-17T04:37:18,97,77,75,0,2026-05-17,live
2026-05-17T04:37:33,97,76,75,0,2026-05-17,live
2026-05-17T04:37:48,97,79,75,0,2026-05-17,live
2026-05-17T04:38:03,97,77,75,0,2026-05-17,live
2026-05-17T04:38:19,97,78,75,0,2026-05-17,live
2026-05-17T04:38:34,97,81,75,0,2026-05-17,live
2026-05-17T04:38:49,97,74,75,0,2026-05-17,live
2026-05-17T04:39:04,97,80,75,0,2026-05-17,live
2026-05-17T04:39:19,97,78,75,0,2026-05-17,live
2026-05-17T04:39:34,97,79,75,0,2026-05-17,live
2026-05-17T04:39:49,97,79,75,0,2026-05-17,live
2026-05-17T04:40:05,97,82,75,0,2026-05-17,live
2026-05-17T04:40:20,97,103,75,0,2026-05-17,live
2026-05-17T04:40:35,97,78,75,0,2026-05-17,live
2026-05-17T04:40:50,97,78,75,0,2026-05-17,live
2026-05-17T04:41:05,97,80,75,0,2026-05-17,live
2026-05-17T04:41:20,97,91,75,0,2026-05-17,live
2026-05-17T04:41:35,97,80,75,0,2026-05-17,live
2026-05-17T04:41:50,97,85,75,0,2026-05-17,live
2026-05-17T04:42:05,97,84,75,0,2026-05-17,live
2026-05-17T04:42:21,97,78,75,0,2026-05-17,live
2026-05-17T04:42:36,97,79,75,0,2026-05-17,live
2026-05-17T04:42:52,97,84,75,0,2026-05-17,live
2026-05-17T04:43:07,97,81,75,0,2026-05-17,live
2026-05-17T04:43:22,97,94,75,0,2026-05-17,live
2026-05-17T04:43:37,97,78,75,0,2026-05-17,live
2026-05-17T04:43:52,97,81,75,0,2026-05-17,live
2026-05-17T04:44:07,97,79,75,0,2026-05-17,live
2026-05-17T04:44:22,97,80,75,0,2026-05-17,live
2026-05-17T04:44:37,97,80,75,0,2026-05-17,live
2026-05-17T04:44:52,97,82,75,0,2026-05-17,live
2026-05-17T04:45:08,97,86,75,0,2026-05-17,live
2026-05-17T04:45:23,97,98,75,0,2026-05-17,live
2026-05-17T04:45:38,97,79,75,0,2026-05-17,live
2026-05-17T04:45:53,97,78,75,0,2026-05-17,live
2026-05-17T04:46:08,97,76,75,0,2026-05-17,live
2026-05-17T04:46:23,97,80,75,0,2026-05-17,live
2026-05-17T04:46:38,97,90,75,0,2026-05-17,live
2026-05-17T04:46:53,97,85,75,4,2026-05-17,live
2026-05-17T04:47:09,98,94,75,0,2026-05-17,live
2026-05-17T04:47:24,98,87,75,0,2026-05-17,live
2026-05-17T04:47:39,97,83,75,0,2026-05-17,live
2026-05-17T04:47:54,97,78,75,0,2026-05-17,live
2026-05-17T04:48:09,97,83,75,0,2026-05-17,live
2026-05-17T04:48:24,97,85,75,0,2026-05-17,live
2026-05-17T04:48:39,97,86,75,0,2026-05-17,live
2026-05-17T04:48:54,97,86,75,0,2026-05-17,live
2026-05-17T04:49:09,97,86,75,0,2026-05-17,live
2026-05-17T04:49:25,97,87,75,0,2026-05-17,live
2026-05-17T04:49:40,97,89,75,0,2026-05-17,live
2026-05-17T04:49:55,97,95,75,0,2026-05-17,live
2026-05-17T04:50:10,97,84,75,0,2026-05-17,live
2026-05-17T04:50:25,97,85,75,0,2026-05-17,live
2026-05-17T04:50:40,97,83,75,0,2026-05-17,live
2026-05-17T04:50:55,97,86,75,0,2026-05-17,live
2026-05-17T04:51:10,97,87,75,0,2026-05-17,live
2026-05-17T04:51:26,97,84,75,0,2026-05-17,live
2026-05-17T04:51:41,97,85,75,0,2026-05-17,live
2026-05-17T04:51:56,97,84,75,0,2026-05-17,live
2026-05-17T04:52:12,97,86,75,0,2026-05-17,live
2026-05-17T04:52:27,97,83,75,0,2026-05-17,live
2026-05-17T04:52:42,97,83,75,0,2026-05-17,live
2026-05-17T04:52:57,97,84,75,0,2026-05-17,live
2026-05-17T04:53:12,97,85,75,0,2026-05-17,live
2026-05-17T04:53:27,98,96,75,0,2026-05-17,live
2026-05-17T04:53:42,97,85,75,0,2026-05-17,live
2026-05-17T04:53:57,98,92,75,0,2026-05-17,live
2026-05-17T04:54:12,98,85,75,0,2026-05-17,live
2026-05-17T04:54:28,98,77,75,0,2026-05-17,live
2026-05-17T04:54:43,98,79,75,0,2026-05-17,live
2026-05-17T04:54:58,97,80,75,0,2026-05-17,live
2026-05-17T04:55:13,98,80,75,0,2026-05-17,live
2026-05-17T04:55:28,98,84,75,0,2026-05-17,live
2026-05-17T04:55:43,98,83,75,0,2026-05-17,live
2026-05-17T04:55:58,98,88,75,0,2026-05-17,live
2026-05-17T04:56:13,98,82,75,0,2026-05-17,live
2026-05-17T04:56:29,98,74,75,0,2026-05-17,live
2026-05-17T04:56:44,98,76,75,0,2026-05-17,live
2026-05-17T04:56:59,97,79,75,0,2026-05-17,live
2026-05-17T04:57:14,97,80,75,0,2026-05-17,live
2026-05-17T04:57:29,97,80,75,0,2026-05-17,live
2026-05-17T04:57:44,98,81,75,0,2026-05-17,live
2026-05-17T04:57:59,98,90,75,0,2026-05-17,live
2026-05-17T04:58:15,98,88,75,0,2026-05-17,live
2026-05-17T04:58:30,98,82,75,0,2026-05-17,live
2026-05-17T04:58:45,97,80,75,0,2026-05-17,live
2026-05-17T04:59:00,97,81,75,0,2026-05-17,live
2026-05-17T04:59:15,97,80,75,0,2026-05-17,live
2026-05-17T04:59:30,98,83,75,0,2026-05-17,live
2026-05-17T04:59:45,98,87,75,0,2026-05-17,live
2026-05-17T05:00:01,98,83,75,0,2026-05-17,live
2026-05-17T05:00:16,98,84,75,0,2026-05-17,live
2026-05-17T05:00:31,97,84,75,0,2026-05-17,live
2026-05-17T05:00:46,97,80,75,0,2026-05-17,live
2026-05-17T05:01:01,98,83,74,0,2026-05-17,live
2026-05-17T05:01:16,98,82,74,0,2026-05-17,live
2026-05-17T05:01:31,98,84,74,0,2026-05-17,live
2026-05-17T05:01:46,98,86,74,0,2026-05-17,live
2026-05-17T05:02:02,98,85,74,0,2026-05-17,live
2026-05-17T05:02:17,98,91,74,0,2026-05-17,live
2026-05-17T05:02:32,98,87,74,0,2026-05-17,live
2026-05-17T05:02:47,98,87,74,0,2026-05-17,live
2026-05-17T05:03:02,98,81,74,0,2026-05-17,live
2026-05-17T05:03:17,98,82,74,0,2026-05-17,live
2026-05-17T05:03:32,98,79,74,0,2026-05-17,live
2026-05-17T05:03:48,97,80,74,0,2026-05-17,live
2026-05-17T05:04:03,97,85,74,0,2026-05-17,live
2026-05-17T05:04:18,97,92,74,0,2026-05-17,live
2026-05-17T05:04:33,98,112,74,0,2026-05-17,live
2026-05-17T05:04:48,98,79,74,0,2026-05-17,live
2026-05-17T05:05:03,98,81,74,0,2026-05-17,live
2026-05-17T05:05:18,98,82,74,0,2026-05-17,live
2026-05-17T05:05:33,98,78,74,0,2026-05-17,live
2026-05-17T05:05:49,98,81,74,0,2026-05-17,live
2026-05-17T05:06:04,97,85,74,0,2026-05-17,live
2026-05-17T05:06:19,98,86,74,0,2026-05-17,live
2026-05-17T05:06:34,97,81,74,0,2026-05-17,live
2026-05-17T05:06:49,97,80,74,0,2026-05-17,live
2026-05-17T05:07:04,98,79,74,0,2026-05-17,live
2026-05-17T05:07:19,98,84,74,0,2026-05-17,live
2026-05-17T05:07:34,98,87,74,0,2026-05-17,live
2026-05-17T05:07:49,98,75,74,0,2026-05-17,live
2026-05-17T05:08:05,98,76,74,0,2026-05-17,live
2026-05-17T05:08:20,98,80,74,0,2026-05-17,live
2026-05-17T05:08:35,98,83,74,0,2026-05-17,live
2026-05-17T05:08:50,98,82,74,0,2026-05-17,live
2026-05-17T05:09:05,98,82,74,0,2026-05-17,live
2026-05-17T05:09:20,98,83,74,0,2026-05-17,live
2026-05-17T05:09:35,98,80,74,0,2026-05-17,live
2026-05-17T05:09:50,98,78,74,0,2026-05-17,live
2026-05-17T05:10:06,98,81,74,0,2026-05-17,live
2026-05-17T05:10:21,98,80,74,0,2026-05-17,live
2026-05-17T05:10:36,98,83,74,0,2026-05-17,live
2026-05-17T05:10:51,98,83,74,0,2026-05-17,live
2026-05-17T05:11:06,98,83,74,0,2026-05-17,live
2026-05-17T05:11:21,98,80,74,0,2026-05-17,live
2026-05-17T05:11:36,98,82,74,0,2026-05-17,live
2026-05-17T05:11:51,98,84,74,0,2026-05-17,live
2026-05-17T05:12:07,98,85,74,0,2026-05-17,live
2026-05-17T05:12:22,98,79,74,0,2026-05-17,live
2026-05-17T05:12:37,98,82,74,0,2026-05-17,live
2026-05-17T05:12:52,98,82,74,0,2026-05-17,live
2026-05-17T05:13:07,98,82,74,0,2026-05-17,live
2026-05-17T05:13:22,98,84,74,0,2026-05-17,live
2026-05-17T05:13:37,98,85,74,0,2026-05-17,live
2026-05-17T05:13:52,98,84,74,0,2026-05-17,live
2026-05-17T05:14:07,98,79,74,0,2026-05-17,live
2026-05-17T05:14:23,98,80,74,0,2026-05-17,live
2026-05-17T05:14:38,98,85,74,0,2026-05-17,live
2026-05-17T05:14:53,98,84,74,0,2026-05-17,live
2026-05-17T05:15:09,98,84,74,0,2026-05-17,live
2026-05-17T05:15:24,98,85,74,0,2026-05-17,live
2026-05-17T05:15:39,98,80,74,0,2026-05-17,live
2026-05-17T05:15:54,98,83,74,0,2026-05-17,live
2026-05-17T05:16:09,98,83,74,0,2026-05-17,live
2026-05-17T05:16:24,98,84,74,0,2026-05-17,live
2026-05-17T05:16:39,98,82,74,0,2026-05-17,live
2026-05-17T05:16:54,98,80,74,0,2026-05-17,live
2026-05-17T05:17:09,98,82,74,0,2026-05-17,live
2026-05-17T05:17:25,98,86,74,0,2026-05-17,live
2026-05-17T05:17:40,98,85,74,0,2026-05-17,live
2026-05-17T05:17:55,98,84,74,0,2026-05-17,live
2026-05-17T05:18:10,98,91,74,0,2026-05-17,live
2026-05-17T05:18:25,98,81,74,0,2026-05-17,live
2026-05-17T05:18:40,98,86,74,0,2026-05-17,live
2026-05-17T05:18:55,98,83,74,0,2026-05-17,live
2026-05-17T05:19:10,98,85,74,0,2026-05-17,live
2026-05-17T05:19:26,98,82,74,0,2026-05-17,live
2026-05-17T05:19:41,98,81,74,0,2026-05-17,live
2026-05-17T05:19:56,98,81,74,0,2026-05-17,live
2026-05-17T05:20:11,98,83,74,0,2026-05-17,live
2026-05-17T05:20:26,98,82,74,0,2026-05-17,live
2026-05-17T05:20:41,98,82,74,0,2026-05-17,live
2026-05-17T05:20:56,98,84,74,0,2026-05-17,live
2026-05-17T05:21:11,98,83,74,0,2026-05-17,live
2026-05-17T05:21:26,98,83,74,0,2026-05-17,live
2026-05-17T05:21:42,98,82,74,0,2026-05-17,live
2026-05-17T05:21:57,98,85,74,0,2026-05-17,live
2026-05-17T05:22:12,98,83,74,0,2026-05-17,live
2026-05-17T05:22:28,98,81,74,0,2026-05-17,live
2026-05-17T05:22:43,98,82,74,0,2026-05-17,live
2026-05-17T05:22:58,98,86,74,0,2026-05-17,live
2026-05-17T05:23:13,98,83,74,0,2026-05-17,live
2026-05-17T05:23:28,98,80,74,0,2026-05-17,live
2026-05-17T05:23:43,98,85,74,0,2026-05-17,live
2026-05-17T05:23:58,98,82,74,0,2026-05-17,live
2026-05-17T05:24:13,98,83,74,0,2026-05-17,live
2026-05-17T05:24:29,98,87,74,0,2026-05-17,live
2026-05-17T05:24:44,98,87,74,0,2026-05-17,live
2026-05-17T05:24:59,98,83,74,0,2026-05-17,live
2026-05-17T05:25:14,98,84,74,0,2026-05-17,live
2026-05-17T05:25:29,98,83,74,0,2026-05-17,live
2026-05-17T05:25:44,98,83,74,0,2026-05-17,live
2026-05-17T05:25:59,98,81,74,0,2026-05-17,live
2026-05-17T05:26:14,98,84,74,0,2026-05-17,live
2026-05-17T05:26:29,98,84,74,0,2026-05-17,live
2026-05-17T05:26:45,98,84,74,0,2026-05-17,live
2026-05-17T05:27:00,98,86,74,0,2026-05-17,live
2026-05-17T05:27:15,98,79,74,0,2026-05-17,live
2026-05-17T05:27:30,98,82,74,0,2026-05-17,live
2026-05-17T05:27:45,98,82,74,0,2026-05-17,live
2026-05-17T05:28:00,98,85,74,0,2026-05-17,live
2026-05-17T05:28:15,98,93,74,0,2026-05-17,live
2026-05-17T05:28:30,98,97,74,0,2026-05-17,live
2026-05-17T05:28:45,98,85,74,0,2026-05-17,live
2026-05-17T05:29:01,98,88,74,0,2026-05-17,live
2026-05-17T05:29:16,98,100,74,0,2026-05-17,live
2026-05-17T05:29:31,98,108,74,0,2026-05-17,live
2026-05-17T05:29:46,98,78,74,0,2026-05-17,live
2026-05-17T05:30:01,97,82,74,0,2026-05-17,live
2026-05-17T05:30:16,97,78,73,0,2026-05-17,live
2026-05-17T05:30:31,98,79,73,0,2026-05-17,live
2026-05-17T05:30:46,98,88,73,0,2026-05-17,live
2026-05-17T05:31:02,98,94,73,0,2026-05-17,live
2026-05-17T05:31:17,98,94,73,0,2026-05-17,live
2026-05-17T05:31:32,98,104,73,0,2026-05-17,live
2026-05-17T05:31:47,97,99,73,0,2026-05-17,live
2026-05-17T05:32:02,98,83,73,0,2026-05-17,live
2026-05-17T05:32:18,98,91,73,0,2026-05-17,live
2026-05-17T05:32:33,98,87,73,0,2026-05-17,live
2026-05-17T05:32:48,98,84,73,0,2026-05-17,live
2026-05-17T05:33:03,97,94,73,0,2026-05-17,live
2026-05-17T05:33:18,97,89,73,0,2026-05-17,live
2026-05-17T05:33:33,98,82,73,0,2026-05-17,live
2026-05-17T05:33:48,98,81,73,0,2026-05-17,live
2026-05-17T05:34:04,98,90,73,0,2026-05-17,live
2026-05-17T05:34:19,98,94,73,40,2026-05-17,live
2026-05-17T05:34:34,98,104,73,0,2026-05-17,live
2026-05-17T05:34:49,98,91,73,0,2026-05-17,live
2026-05-17T05:35:04,98,80,73,0,2026-05-17,live
2026-05-17T05:35:19,97,80,73,0,2026-05-17,live
2026-05-17T05:35:34,97,92,73,0,2026-05-17,live
2026-05-17T05:35:50,98,89,73,0,2026-05-17,live
2026-05-17T05:36:05,98,84,73,0,2026-05-17,live
2026-05-17T05:36:20,98,86,73,0,2026-05-17,live
2026-05-17T05:36:35,97,85,73,0,2026-05-17,live
2026-05-17T05:36:51,98,75,73,0,2026-05-17,live
2026-05-17T05:37:06,98,76,73,0,2026-05-17,live
2026-05-17T05:37:21,98,82,73,0,2026-05-17,live
2026-05-17T05:37:36,97,79,73,0,2026-05-17,live
2026-05-17T05:37:51,97,80,73,0,2026-05-17,live
2026-05-17T05:38:06,98,76,73,0,2026-05-17,live
2026-05-17T05:38:21,97,73,73,0,2026-05-17,live
2026-05-17T05:38:36,97,72,73,0,2026-05-17,live
2026-05-17T05:38:51,97,75,73,0,2026-05-17,live
2026-05-17T05:39:07,97,77,73,0,2026-05-17,live
2026-05-17T05:39:22,97,80,73,0,2026-05-17,live
2026-05-17T05:39:37,97,88,73,0,2026-05-17,live
2026-05-17T05:39:52,98,76,73,0,2026-05-17,live
2026-05-17T05:40:07,98,73,73,0,2026-05-17,live
2026-05-17T05:40:22,98,75,73,0,2026-05-17,live
2026-05-17T05:40:37,98,79,73,0,2026-05-17,live
2026-05-17T05:40:52,98,86,73,0,2026-05-17,live
2026-05-17T05:41:08,97,78,73,0,2026-05-17,live
2026-05-17T05:41:23,97,87,73,0,2026-05-17,live
2026-05-17T05:41:38,98,80,73,0,2026-05-17,live
2026-05-17T05:41:53,98,76,73,0,2026-05-17,live
2026-05-17T05:42:08,98,76,73,0,2026-05-17,live
2026-05-17T05:42:23,98,81,73,0,2026-05-17,live
2026-05-17T05:42:38,98,78,73,0,2026-05-17,live
2026-05-17T05:42:54,98,77,73,0,2026-05-17,live
2026-05-17T05:43:09,98,77,73,0,2026-05-17,live
2026-05-17T05:43:24,98,79,73,0,2026-05-17,live
2026-05-17T05:43:39,97,81,73,0,2026-05-17,live
2026-05-17T05:43:54,97,80,73,2,2026-05-17,live
2026-05-17T05:44:09,98,97,73,0,2026-05-17,live
2026-05-17T05:44:24,98,88,73,0,2026-05-17,live
2026-05-17T05:44:39,97,88,73,0,2026-05-17,live
2026-05-17T05:44:54,97,78,73,0,2026-05-17,live
2026-05-17T05:45:10,98,91,73,0,2026-05-17,live
2026-05-17T05:45:25,98,83,73,0,2026-05-17,live
2026-05-17T05:45:40,98,77,73,0,2026-05-17,live
2026-05-17T05:45:55,98,80,73,0,2026-05-17,live
2026-05-17T05:46:10,98,78,73,0,2026-05-17,live
2026-05-17T05:46:25,98,80,73,0,2026-05-17,live
2026-05-17T05:46:40,98,89,73,0,2026-05-17,live
2026-05-17T05:46:55,98,81,73,0,2026-05-17,live
2026-05-17T05:47:11,98,79,73,0,2026-05-17,live
2026-05-17T05:47:26,98,81,73,0,2026-05-17,live
2026-05-17T05:47:41,98,78,73,0,2026-05-17,live
2026-05-17T05:47:56,98,76,73,0,2026-05-17,live
2026-05-17T05:48:11,98,81,73,0,2026-05-17,live
2026-05-17T05:48:26,98,79,73,0,2026-05-17,live
2026-05-17T05:48:41,98,79,73,0,2026-05-17,live
2026-05-17T05:48:57,97,80,73,0,2026-05-17,live
2026-05-17T05:49:12,97,87,73,0,2026-05-17,live
2026-05-17T05:49:27,98,95,73,0,2026-05-17,live
2026-05-17T05:49:42,98,78,73,0,2026-05-17,live
2026-05-17T05:49:57,98,81,73,0,2026-05-17,live
2026-05-17T05:50:12,97,82,73,0,2026-05-17,live
2026-05-17T05:50:27,98,78,73,0,2026-05-17,live
2026-05-17T05:50:42,98,82,73,0,2026-05-17,live
2026-05-17T05:50:57,98,80,73,0,2026-05-17,live
2026-05-17T05:51:13,97,80,73,0,2026-05-17,live
2026-05-17T05:51:28,97,86,73,0,2026-05-17,live
2026-05-17T05:51:43,97,81,73,0,2026-05-17,live
2026-05-17T05:51:58,97,82,73,0,2026-05-17,live
2026-05-17T05:52:13,97,82,73,0,2026-05-17,live
2026-05-17T05:52:28,97,82,73,0,2026-05-17,live
2026-05-17T05:52:43,97,82,73,0,2026-05-17,live
2026-05-17T05:52:58,97,82,73,0,2026-05-17,live
2026-05-17T05:53:13,97,83,73,0,2026-05-17,live
2026-05-17T05:53:29,97,81,73,0,2026-05-17,live
2026-05-17T05:53:44,97,80,73,0,2026-05-17,live
2026-05-17T05:53:59,97,82,73,0,2026-05-17,live
2026-05-17T05:54:14,97,82,73,0,2026-05-17,live
2026-05-17T05:54:29,97,84,73,0,2026-05-17,live
2026-05-17T05:54:44,97,80,73,0,2026-05-17,live
2026-05-17T05:54:59,97,85,73,0,2026-05-17,live
2026-05-17T05:55:14,97,84,73,0,2026-05-17,live
2026-05-17T05:55:29,97,84,73,0,2026-05-17,live
2026-05-17T05:55:45,97,83,73,0,2026-05-17,live
2026-05-17T05:56:00,97,82,73,0,2026-05-17,live
2026-05-17T05:56:15,97,82,73,0,2026-05-17,live
2026-05-17T05:56:30,97,82,73,0,2026-05-17,live
2026-05-17T05:56:45,97,84,73,0,2026-05-17,live
2026-05-17T05:57:00,97,82,73,0,2026-05-17,live
2026-05-17T05:57:16,97,82,73,0,2026-05-17,live
2026-05-17T05:57:31,97,83,73,0,2026-05-17,live
2026-05-17T05:57:46,97,85,73,0,2026-05-17,live
2026-05-17T05:58:01,97,86,73,0,2026-05-17,live
2026-05-17T05:58:16,97,81,73,0,2026-05-17,live
2026-05-17T05:58:31,97,81,73,0,2026-05-17,live
2026-05-17T05:58:46,97,83,73,0,2026-05-17,live
2026-05-17T05:59:01,97,82,73,0,2026-05-17,live
2026-05-17T05:59:16,97,85,73,0,2026-05-17,live
2026-05-17T05:59:32,97,81,73,1,2026-05-17,live
2026-05-17T05:59:47,97,102,73,0,2026-05-17,live
2026-05-17T06:00:02,97,88,73,0,2026-05-17,live
2026-05-17T06:00:17,97,87,73,8,2026-05-17,live
2026-05-17T06:00:32,98,100,73,0,2026-05-17,live
2026-05-17T06:00:47,99,85,73,0,2026-05-17,live
2026-05-17T06:01:02,98,93,73,0,2026-05-17,live
2026-05-17T06:01:18,98,80,73,0,2026-05-17,live
2026-05-17T06:01:33,97,80,73,0,2026-05-17,live
2026-05-17T06:01:48,98,81,73,0,2026-05-17,live
2026-05-17T06:02:03,97,83,73,0,2026-05-17,live
2026-05-17T06:02:18,98,95,73,0,2026-05-17,live
2026-05-17T06:02:33,98,83,73,0,2026-05-17,live
2026-05-17T06:02:48,97,82,73,0,2026-05-17,live
2026-05-17T06:03:03,98,87,73,0,2026-05-17,live
2026-05-17T06:03:19,98,82,73,0,2026-05-17,live
2026-05-17T06:03:34,98,86,73,0,2026-05-17,live
2026-05-17T06:03:49,98,86,73,0,2026-05-17,live
2026-05-17T06:04:04,98,81,73,0,2026-05-17,live
2026-05-17T06:04:19,98,99,73,0,2026-05-17,live
2026-05-17T06:04:34,98,89,73,0,2026-05-17,live
2026-05-17T06:04:49,98,86,73,1,2026-05-17,live
2026-05-17T06:05:04,98,89,73,6,2026-05-17,live
2026-05-17T06:05:20,98,106,73,0,2026-05-17,live
2026-05-17T06:05:35,99,95,73,0,2026-05-17,live
2026-05-17T06:05:50,99,97,73,0,2026-05-17,live
2026-05-17T06:06:05,99,90,73,0,2026-05-17,live
2026-05-17T06:06:20,98,81,73,0,2026-05-17,live
2026-05-17T06:06:35,98,85,73,0,2026-05-17,live
2026-05-17T06:06:50,98,91,73,10,2026-05-17,live
2026-05-17T06:07:05,98,92,73,5,2026-05-17,live
2026-05-17T06:07:20,98,112,73,0,2026-05-17,live
2026-05-17T06:07:36,99,95,73,0,2026-05-17,live
2026-05-17T06:07:51,99,101,73,0,2026-05-17,live
2026-05-17T06:08:06,98,94,73,0,2026-05-17,live
2026-05-17T06:08:21,98,89,73,0,2026-05-17,live
2026-05-17T06:08:36,98,95,73,0,2026-05-17,live
2026-05-17T06:08:51,98,96,73,0,2026-05-17,live
2026-05-17T06:09:06,99,96,73,0,2026-05-17,live
2026-05-17T06:09:21,98,89,73,0,2026-05-17,live
2026-05-17T06:09:36,98,90,73,0,2026-05-17,live
2026-05-17T06:09:52,98,84,73,0,2026-05-17,live
2026-05-17T06:10:07,98,88,73,3,2026-05-17,live
2026-05-17T06:10:22,99,102,73,10,2026-05-17,live
2026-05-17T06:10:37,99,114,73,6,2026-05-17,live
2026-05-17T06:10:52,99,117,73,0,2026-05-17,live
2026-05-17T06:11:07,98,124,73,1,2026-05-17,live
2026-05-17T06:11:22,98,133,73,1,2026-05-17,live
2026-05-17T06:11:38,98,140,73,0,2026-05-17,live
2026-05-17T06:11:53,98,136,73,2,2026-05-17,live
2026-05-17T06:12:08,98,135,73,3,2026-05-17,live
2026-05-17T06:12:23,97,133,73,0,2026-05-17,live
2026-05-17T06:12:38,98,115,73,0,2026-05-17,live
2026-05-17T06:12:53,98,116,73,0,2026-05-17,live
2026-05-17T06:13:08,98,123,73,0,2026-05-17,live
2026-05-17T06:13:23,98,117,73,3,2026-05-17,live
2026-05-17T06:13:38,98,115,73,0,2026-05-17,live
2026-05-17T06:13:53,98,109,73,0,2026-05-17,live
2026-05-17T06:14:09,99,107,73,6,2026-05-17,live
2026-05-17T06:14:24,98,102,73,0,2026-05-17,live
2026-05-17T06:14:39,99,104,73,0,2026-05-17,live
2026-05-17T06:14:54,99,106,73,0,2026-05-17,live
2026-05-17T06:15:09,99,107,73,0,2026-05-17,live
2026-05-17T06:15:24,127,0,73,0,2026-05-17,live
2026-05-17T06:15:39,127,0,73,0,2026-05-17,live
2026-05-17T06:15:54,127,0,73,0,2026-05-17,live
2026-05-17T06:16:10,127,0,73,0,2026-05-17,live
2026-05-17T06:16:25,127,0,73,0,2026-05-17,live
2026-05-17T06:16:40,127,0,73,0,2026-05-17,live
2026-05-17T06:16:55,127,0,73,0,2026-05-17,live
2026-05-17T06:17:10,127,0,73,0,2026-05-17,live
2026-05-17T06:17:25,127,0,73,0,2026-05-17,live
2026-05-17T06:17:40,127,0,73,0,2026-05-17,live
2026-05-17T06:17:55,127,0,73,0,2026-05-17,live
2026-05-17T06:18:10,127,0,73,0,2026-05-17,live
2026-05-17T06:18:26,127,0,73,0,2026-05-17,live
2026-05-17T06:18:41,127,0,73,0,2026-05-17,live
2026-05-17T06:18:56,127,0,73,0,2026-05-17,live
2026-05-17T06:19:11,127,0,73,0,2026-05-17,live
2026-05-17T06:19:27,127,0,73,0,2026-05-17,live
2026-05-17T06:19:42,127,0,73,0,2026-05-17,live
2026-05-17T06:19:57,127,0,73,0,2026-05-17,live
2026-05-17T06:20:12,127,0,73,0,2026-05-17,live
2026-05-17T06:20:27,127,0,73,0,2026-05-17,live
2026-05-17T06:20:42,127,0,73,0,2026-05-17,live
2026-05-17T06:20:57,127,0,73,0,2026-05-17,live
2026-05-17T06:21:12,127,0,73,0,2026-05-17,live
2026-05-17T06:21:28,127,0,73,0,2026-05-17,live
2026-05-17T06:21:43,127,0,73,0,2026-05-17,live
2026-05-17T06:21:58,127,0,73,0,2026-05-17,live
2026-05-17T06:22:13,127,0,73,0,2026-05-17,live
2026-05-17T06:22:28,127,0,73,0,2026-05-17,live
2026-05-17T06:22:43,127,0,73,0,2026-05-17,live
2026-05-17T06:22:58,127,0,73,0,2026-05-17,live
2026-05-17T06:23:13,127,0,73,0,2026-05-17,live
2026-05-17T06:23:28,127,0,73,0,2026-05-17,live
2026-05-17T06:23:43,127,0,73,0,2026-05-17,live
2026-05-17T06:23:59,127,0,73,0,2026-05-17,live
2026-05-17T06:24:14,127,0,73,0,2026-05-17,live
2026-05-17T06:24:29,127,0,73,0,2026-05-17,live
2026-05-17T06:24:44,127,0,73,0,2026-05-17,live
2026-05-17T06:24:59,127,0,73,0,2026-05-17,live
2026-05-17T06:25:14,127,0,73,0,2026-05-17,live
2026-05-17T06:25:29,127,0,73,0,2026-05-17,live
2026-05-17T06:25:44,127,0,73,0,2026-05-17,live
2026-05-17T06:26:00,127,0,73,0,2026-05-17,live
2026-05-17T06:26:15,127,0,73,0,2026-05-17,live
2026-05-17T06:26:30,127,0,73,0,2026-05-17,live
2026-05-17T06:26:46,127,0,73,0,2026-05-17,live
2026-05-17T06:27:01,127,0,73,0,2026-05-17,live
2026-05-17T06:27:16,127,0,73,0,2026-05-17,live
2026-05-17T06:27:31,127,0,73,0,2026-05-17,live
2026-05-17T06:27:46,127,0,73,0,2026-05-17,live
2026-05-17T06:28:01,127,0,73,0,2026-05-17,live
2026-05-17T06:28:16,127,0,73,0,2026-05-17,live
2026-05-17T06:28:31,127,0,73,0,2026-05-17,live
2026-05-17T06:28:47,127,0,73,0,2026-05-17,live
2026-05-17T06:29:02,127,0,73,0,2026-05-17,live
2026-05-17T06:29:17,127,0,73,0,2026-05-17,live
2026-05-17T06:29:32,127,0,73,0,2026-05-17,live
2026-05-17T06:29:47,127,0,73,0,2026-05-17,live
2026-05-17T06:30:02,127,0,73,0,2026-05-17,live
2026-05-17T06:30:17,127,0,73,0,2026-05-17,live
2026-05-17T06:30:32,127,0,73,0,2026-05-17,live
2026-05-17T06:30:47,127,0,73,0,2026-05-17,live
2026-05-17T06:31:03,127,0,73,0,2026-05-17,live
2026-05-17T06:31:18,127,0,73,0,2026-05-17,live
2026-05-17T06:31:33,127,0,73,0,2026-05-17,live
2026-05-17T06:31:48,127,0,73,0,2026-05-17,live
2026-05-17T06:32:03,127,0,73,0,2026-05-17,live
2026-05-17T06:32:19,127,0,73,0,2026-05-17,live
2026-05-17T06:32:34,127,0,73,0,2026-05-17,live
2026-05-17T06:32:49,127,0,73,0,2026-05-17,live
2026-05-17T06:33:04,127,0,73,0,2026-05-17,live
2026-05-17T06:33:19,127,0,73,0,2026-05-17,live
2026-05-17T06:33:34,127,0,73,0,2026-05-17,live
2026-05-17T06:33:50,127,0,73,0,2026-05-17,live
2026-05-17T06:34:05,127,0,73,0,2026-05-17,live
2026-05-17T06:34:20,127,0,73,0,2026-05-17,live
2026-05-17T06:34:35,127,0,73,0,2026-05-17,live
2026-05-17T06:34:50,127,0,73,0,2026-05-17,live
2026-05-17T06:35:05,127,0,73,0,2026-05-17,live
2026-05-17T06:35:20,127,0,73,0,2026-05-17,live
2026-05-17T06:35:35,127,0,73,0,2026-05-17,live
2026-05-17T06:35:50,127,0,73,0,2026-05-17,live
2026-05-17T06:36:06,127,0,73,0,2026-05-17,live
2026-05-17T06:36:21,127,0,73,0,2026-05-17,live
2026-05-17T06:36:36,127,0,73,0,2026-05-17,live
2026-05-17T06:36:51,127,0,73,0,2026-05-17,live
2026-05-17T06:37:06,127,0,73,0,2026-05-17,live
2026-05-17T06:37:21,127,0,73,0,2026-05-17,live
2026-05-17T06:37:37,127,0,73,0,2026-05-17,live
2026-05-17T06:37:52,127,0,73,0,2026-05-17,live
2026-05-17T06:38:07,127,0,73,0,2026-05-17,live
2026-05-17T06:38:22,127,0,73,0,2026-05-17,live
2026-05-17T06:38:38,127,0,73,0,2026-05-17,live
2026-05-17T06:38:53,127,0,73,0,2026-05-17,live
2026-05-17T06:39:08,127,0,73,0,2026-05-17,live
2026-05-17T06:39:23,127,0,73,0,2026-05-17,live
2026-05-17T06:39:38,127,0,73,0,2026-05-17,live
2026-05-17T06:39:53,127,0,73,0,2026-05-17,live
2026-05-17T06:40:08,127,0,73,0,2026-05-17,live
2026-05-17T06:40:23,127,0,73,0,2026-05-17,live
2026-05-17T06:40:39,127,0,73,0,2026-05-17,live
2026-05-17T06:40:54,127,0,73,0,2026-05-17,live
2026-05-17T06:41:09,127,0,73,0,2026-05-17,live
2026-05-17T06:41:24,127,0,73,0,2026-05-17,live
2026-05-17T06:41:39,127,0,73,0,2026-05-17,live
2026-05-17T06:41:54,127,0,73,0,2026-05-17,live
2026-05-17T06:42:09,127,0,73,0,2026-05-17,live
2026-05-17T06:42:24,127,0,73,0,2026-05-17,live
2026-05-17T06:42:40,127,0,73,0,2026-05-17,live
2026-05-17T06:42:55,127,0,73,0,2026-05-17,live
2026-05-17T06:43:10,127,0,73,0,2026-05-17,live
2026-05-17T06:43:25,127,0,73,0,2026-05-17,live
2026-05-17T06:43:40,127,0,73,0,2026-05-17,live
2026-05-17T06:43:55,127,0,73,0,2026-05-17,live
2026-05-17T06:44:10,127,0,73,0,2026-05-17,live
2026-05-17T06:44:25,127,0,73,0,2026-05-17,live
2026-05-17T06:44:41,127,0,73,0,2026-05-17,live
2026-05-17T06:44:56,127,0,73,0,2026-05-17,live
2026-05-17T06:45:11,127,0,73,0,2026-05-17,live
2026-05-17T06:45:26,127,0,73,0,2026-05-17,live
2026-05-17T06:45:41,127,0,73,0,2026-05-17,live
2026-05-17T06:45:56,127,0,73,0,2026-05-17,live
2026-05-17T06:46:11,127,0,73,0,2026-05-17,live
2026-05-17T06:46:26,127,0,73,0,2026-05-17,live
2026-05-17T06:46:41,127,0,73,0,2026-05-17,live
2026-05-17T06:46:57,127,0,73,0,2026-05-17,live
2026-05-17T06:47:12,127,0,73,0,2026-05-17,live
2026-05-17T06:47:27,127,0,73,0,2026-05-17,live
2026-05-17T06:47:42,127,0,73,0,2026-05-17,live
2026-05-17T06:47:57,127,0,73,0,2026-05-17,live
2026-05-17T06:48:12,127,0,73,0,2026-05-17,live
2026-05-17T06:48:27,127,0,73,0,2026-05-17,live
2026-05-17T06:48:43,127,0,73,0,2026-05-17,live
2026-05-17T06:48:58,127,0,73,0,2026-05-17,live
2026-05-17T06:49:13,127,0,73,0,2026-05-17,live
2026-05-17T06:49:28,127,0,73,0,2026-05-17,live
2026-05-17T06:49:43,127,0,73,0,2026-05-17,live
2026-05-17T06:49:58,127,0,73,0,2026-05-17,live
2026-05-17T06:50:13,127,0,73,0,2026-05-17,live
2026-05-17T06:50:28,127,0,73,0,2026-05-17,live
2026-05-17T06:50:43,127,0,73,0,2026-05-17,live
2026-05-17T06:50:59,127,0,73,0,2026-05-17,live
2026-05-17T06:51:14,127,0,73,0,2026-05-17,live
2026-05-17T06:51:29,127,0,73,0,2026-05-17,live
2026-05-17T06:51:44,127,0,73,0,2026-05-17,live
2026-05-17T06:51:59,127,0,73,0,2026-05-17,live
2026-05-17T06:52:14,127,0,73,0,2026-05-17,live
2026-05-17T06:52:29,127,0,73,0,2026-05-17,live
2026-05-17T06:52:44,127,0,73,0,2026-05-17,live
2026-05-17T06:52:59,127,0,73,0,2026-05-17,live
2026-05-17T06:53:15,127,0,73,0,2026-05-17,live
2026-05-17T06:53:30,127,0,73,0,2026-05-17,live
2026-05-17T06:53:45,127,0,73,0,2026-05-17,live
2026-05-17T06:54:00,127,0,73,0,2026-05-17,live
2026-05-17T06:54:15,127,0,73,0,2026-05-17,live
2026-05-17T06:54:30,127,0,73,0,2026-05-17,live
2026-05-17T06:54:45,127,0,73,0,2026-05-17,live
2026-05-17T06:55:01,127,0,73,0,2026-05-17,live
2026-05-17T06:55:16,127,0,73,0,2026-05-17,live
2026-05-17T06:55:32,127,0,73,0,2026-05-17,live
2026-05-17T06:55:47,127,0,73,0,2026-05-17,live
2026-05-17T06:56:02,127,0,73,0,2026-05-17,live
2026-05-17T06:56:17,127,0,73,0,2026-05-17,live
2026-05-17T06:56:32,127,0,73,0,2026-05-17,live
2026-05-17T06:56:47,127,0,73,0,2026-05-17,live
2026-05-17T06:57:02,127,0,73,0,2026-05-17,live
2026-05-17T06:57:17,127,0,73,0,2026-05-17,live
2026-05-17T06:57:32,127,0,73,0,2026-05-17,live
2026-05-17T06:57:47,127,0,73,0,2026-05-17,live
2026-05-17T06:58:03,127,0,73,0,2026-05-17,live
2026-05-17T06:58:18,127,0,73,0,2026-05-17,live
2026-05-17T06:58:33,127,0,73,0,2026-05-17,live
2026-05-17T06:58:48,127,0,73,0,2026-05-17,live
2026-05-17T06:59:03,127,0,73,0,2026-05-17,live
2026-05-17T06:59:18,127,0,73,0,2026-05-17,live
2026-05-17T06:59:33,127,0,73,0,2026-05-17,live
2026-05-17T06:59:49,127,0,73,0,2026-05-17,live
2026-05-17T07:00:04,127,0,73,0,2026-05-17,live
2026-05-17T07:00:19,127,0,73,0,2026-05-17,live
2026-05-17T07:00:34,127,0,73,0,2026-05-17,live
2026-05-17T07:00:49,127,0,73,0,2026-05-17,live
2026-05-17T07:01:04,127,0,73,0,2026-05-17,live
2026-05-17T07:01:19,127,0,73,0,2026-05-17,live
2026-05-17T07:01:34,127,0,72,0,2026-05-17,live
2026-05-17T07:01:49,127,0,72,0,2026-05-17,live
2026-05-17T07:02:05,127,0,72,0,2026-05-17,live
2026-05-17T07:02:20,127,0,72,0,2026-05-17,live
2026-05-17T07:02:35,127,0,72,0,2026-05-17,live
2026-05-17T07:02:50,127,0,72,0,2026-05-17,live
2026-05-17T07:03:05,127,0,72,0,2026-05-17,live
2026-05-17T07:03:20,127,0,72,0,2026-05-17,live
2026-05-17T07:03:35,127,0,72,0,2026-05-17,live
2026-05-17T07:03:50,127,0,72,0,2026-05-17,live
2026-05-17T07:04:06,127,0,72,0,2026-05-17,live
2026-05-17T07:04:21,127,0,72,0,2026-05-17,live
2026-05-17T07:04:36,127,0,72,0,2026-05-17,live
2026-05-17T07:04:51,127,0,72,0,2026-05-17,live
2026-05-17T07:05:06,127,0,72,0,2026-05-17,live
2026-05-17T07:05:21,127,0,72,0,2026-05-17,live
2026-05-17T07:05:36,127,0,72,0,2026-05-17,live
2026-05-17T07:05:51,127,0,72,0,2026-05-17,live
2026-05-17T07:06:07,127,0,72,0,2026-05-17,live
2026-05-17T07:06:22,127,0,72,0,2026-05-17,live
2026-05-17T07:06:37,127,0,72,0,2026-05-17,live
2026-05-17T07:06:52,127,0,72,0,2026-05-17,live
2026-05-17T07:07:07,127,0,72,0,2026-05-17,live
2026-05-17T07:07:22,127,0,72,0,2026-05-17,live
2026-05-17T07:07:38,127,0,72,0,2026-05-17,live
2026-05-17T07:07:53,127,0,72,0,2026-05-17,live
2026-05-17T07:08:08,127,0,72,0,2026-05-17,live
2026-05-17T07:08:23,127,0,72,0,2026-05-17,live
2026-05-17T07:08:39,127,0,72,0,2026-05-17,live
2026-05-17T07:08:54,127,0,72,0,2026-05-17,live
2026-05-17T07:09:09,127,0,72,0,2026-05-17,live
2026-05-17T07:09:24,127,0,72,0,2026-05-17,live
2026-05-17T07:09:39,127,0,72,0,2026-05-17,live
2026-05-17T07:09:54,127,0,72,0,2026-05-17,live
2026-05-17T07:10:09,127,0,72,0,2026-05-17,live
2026-05-17T07:10:24,127,0,72,0,2026-05-17,live
2026-05-17T07:10:40,127,0,72,0,2026-05-17,live
2026-05-17T07:10:55,127,0,72,0,2026-05-17,live
2026-05-17T07:11:10,127,0,72,0,2026-05-17,live
2026-05-17T07:11:25,127,0,72,0,2026-05-17,live
2026-05-17T07:11:40,127,0,72,0,2026-05-17,live
2026-05-17T07:11:55,127,0,72,0,2026-05-17,live
2026-05-17T07:12:10,127,0,72,0,2026-05-17,live
2026-05-17T07:12:25,127,0,72,0,2026-05-17,live
2026-05-17T07:12:41,127,0,72,0,2026-05-17,live
2026-05-17T07:12:56,127,0,72,0,2026-05-17,live
2026-05-17T07:13:11,127,0,72,0,2026-05-17,live
2026-05-17T07:13:26,127,0,72,0,2026-05-17,live
2026-05-17T07:13:41,127,0,72,0,2026-05-17,live
2026-05-17T07:13:56,127,0,72,0,2026-05-17,live
2026-05-17T07:14:12,127,0,72,0,2026-05-17,live
2026-05-17T07:14:27,127,0,72,0,2026-05-17,live
2026-05-17T07:14:42,127,0,72,0,2026-05-17,live
2026-05-17T07:14:57,127,0,72,0,2026-05-17,live
2026-05-17T07:15:12,127,0,72,0,2026-05-17,live
2026-05-17T07:15:27,127,0,72,0,2026-05-17,live
2026-05-17T07:15:42,127,0,72,0,2026-05-17,live
2026-05-17T07:15:57,127,0,72,0,2026-05-17,live
2026-05-17T07:16:13,127,0,72,0,2026-05-17,live
2026-05-17T07:16:28,127,0,72,0,2026-05-17,live
2026-05-17T07:16:43,127,0,72,0,2026-05-17,live
2026-05-17T07:16:59,127,0,72,0,2026-05-17,live
2026-05-17T07:17:14,127,0,72,0,2026-05-17,live
2026-05-17T07:17:29,127,0,72,0,2026-05-17,live
2026-05-17T07:17:44,127,0,72,0,2026-05-17,live
2026-05-17T07:17:59,127,0,72,0,2026-05-17,live
2026-05-17T07:18:14,127,0,72,0,2026-05-17,live
2026-05-17T07:18:29,127,0,72,0,2026-05-17,live
2026-05-17T07:18:44,127,0,72,0,2026-05-17,live
2026-05-17T07:18:59,127,0,72,0,2026-05-17,live
2026-05-17T07:19:15,127,0,72,0,2026-05-17,live
2026-05-17T07:19:30,127,0,72,0,2026-05-17,live
2026-05-17T07:19:46,127,0,72,0,2026-05-17,live
2026-05-17T07:20:01,127,0,72,0,2026-05-17,live
2026-05-17T07:20:16,127,0,72,0,2026-05-17,live
2026-05-17T07:20:31,127,0,72,0,2026-05-17,live
2026-05-17T07:20:46,127,0,72,0,2026-05-17,live
2026-05-17T07:21:01,127,0,72,0,2026-05-17,live
2026-05-17T07:21:16,127,0,72,0,2026-05-17,live
2026-05-17T07:21:31,127,0,72,0,2026-05-17,live
2026-05-17T07:21:46,127,0,72,0,2026-05-17,live
2026-05-17T07:22:02,127,0,72,0,2026-05-17,live
2026-05-17T07:22:17,127,0,72,0,2026-05-17,live
2026-05-17T07:22:32,127,0,72,0,2026-05-17,live
2026-05-17T07:22:47,127,0,72,0,2026-05-17,live
2026-05-17T07:23:02,127,0,72,0,2026-05-17,live
2026-05-17T07:23:17,127,0,72,0,2026-05-17,live
2026-05-17T07:23:32,127,0,72,0,2026-05-17,live
2026-05-17T07:23:47,127,0,72,0,2026-05-17,live
2026-05-17T07:24:02,127,0,71,0,2026-05-17,live
2026-05-17T07:24:17,127,0,71,0,2026-05-17,live
2026-05-17T07:24:33,127,0,71,0,2026-05-17,live
2026-05-17T07:24:48,127,0,71,0,2026-05-17,live
2026-05-17T07:25:03,127,0,71,0,2026-05-17,live
2026-05-17T07:25:18,127,0,71,0,2026-05-17,live
2026-05-17T07:25:33,127,0,71,0,2026-05-17,live
2026-05-17T07:25:48,127,0,71,0,2026-05-17,live
2026-05-17T07:26:03,127,0,71,0,2026-05-17,live
2026-05-17T07:26:18,127,0,71,0,2026-05-17,live
2026-05-17T07:26:33,127,0,71,0,2026-05-17,live
2026-05-17T07:26:49,127,0,71,0,2026-05-17,live
2026-05-17T07:27:04,127,0,71,0,2026-05-17,live
2026-05-17T07:27:19,127,0,71,0,2026-05-17,live
2026-05-17T07:27:34,127,0,71,0,2026-05-17,live
2026-05-17T07:27:49,127,0,71,0,2026-05-17,live
2026-05-17T07:28:04,127,0,71,0,2026-05-17,live
2026-05-17T07:28:19,127,0,71,0,2026-05-17,live
2026-05-17T07:28:34,127,0,71,0,2026-05-17,live
2026-05-17T07:28:49,127,0,71,0,2026-05-17,live
2026-05-17T07:29:05,127,0,71,0,2026-05-17,live
2026-05-17T07:29:20,127,0,71,0,2026-05-17,live
2026-05-17T07:29:35,127,0,71,0,2026-05-17,live
2026-05-17T07:29:50,127,0,71,0,2026-05-17,live
2026-05-17T07:30:05,127,0,71,0,2026-05-17,live
2026-05-17T07:30:20,127,0,71,0,2026-05-17,live
2026-05-17T07:30:35,127,0,71,0,2026-05-17,live
2026-05-17T07:30:50,127,0,71,0,2026-05-17,live
2026-05-17T07:31:06,127,0,71,0,2026-05-17,live
2026-05-17T07:31:21,127,0,71,0,2026-05-17,live
2026-05-17T07:31:36,127,0,71,0,2026-05-17,live
2026-05-17T07:31:51,127,0,71,0,2026-05-17,live
2026-05-17T07:32:06,127,0,71,0,2026-05-17,live
2026-05-17T07:32:21,127,0,71,0,2026-05-17,live
2026-05-17T07:32:36,127,0,71,0,2026-05-17,live
2026-05-17T07:32:51,127,0,71,0,2026-05-17,live
2026-05-17T07:33:06,127,0,71,0,2026-05-17,live
2026-05-17T07:33:22,127,0,71,0,2026-05-17,live
2026-05-17T07:33:37,127,0,71,0,2026-05-17,live
2026-05-17T07:33:52,127,0,71,0,2026-05-17,live
2026-05-17T07:34:07,127,0,71,0,2026-05-17,live
2026-05-17T07:34:22,127,0,71,0,2026-05-17,live
2026-05-17T07:34:37,127,0,71,0,2026-05-17,live
2026-05-17T07:34:52,127,0,71,0,2026-05-17,live
2026-05-17T07:35:07,127,0,71,0,2026-05-17,live
2026-05-17T07:35:23,127,0,71,0,2026-05-17,live
2026-05-17T07:35:38,127,0,71,0,2026-05-17,live
2026-05-17T07:35:53,127,0,71,0,2026-05-17,live
2026-05-17T07:36:08,127,0,71,0,2026-05-17,live
2026-05-17T07:36:23,127,0,71,0,2026-05-17,live
2026-05-17T07:36:38,127,0,71,0,2026-05-17,live
2026-05-17T07:36:54,127,0,71,0,2026-05-17,live
2026-05-17T07:37:09,127,0,71,0,2026-05-17,live
2026-05-17T07:37:24,127,0,71,0,2026-05-17,live
2026-05-17T07:37:39,127,0,71,0,2026-05-17,live
2026-05-17T07:37:54,127,0,71,0,2026-05-17,live
2026-05-17T07:38:09,127,0,71,0,2026-05-17,live
2026-05-17T07:38:24,127,0,71,0,2026-05-17,live
2026-05-17T07:38:39,127,0,71,0,2026-05-17,live
2026-05-17T07:38:54,127,0,71,0,2026-05-17,live
2026-05-17T07:39:10,127,0,71,0,2026-05-17,live
2026-05-17T07:39:25,127,0,71,0,2026-05-17,live
2026-05-17T07:39:40,127,0,71,0,2026-05-17,live
2026-05-17T07:39:55,127,0,71,0,2026-05-17,live
2026-05-17T07:40:10,127,0,71,0,2026-05-17,live
2026-05-17T07:40:25,127,0,71,0,2026-05-17,live
2026-05-17T07:40:40,127,0,71,0,2026-05-17,live
2026-05-17T07:40:55,127,0,71,0,2026-05-17,live
2026-05-17T07:41:10,127,0,71,0,2026-05-17,live
2026-05-17T07:41:26,127,0,71,0,2026-05-17,live
2026-05-17T07:41:41,127,0,71,0,2026-05-17,live
2026-05-17T07:41:56,127,0,71,0,2026-05-17,live
2026-05-17T07:42:11,127,0,71,0,2026-05-17,live
2026-05-17T07:42:26,127,0,71,0,2026-05-17,live
2026-05-17T07:42:41,127,0,71,0,2026-05-17,live
2026-05-17T07:42:56,127,0,71,0,2026-05-17,live
2026-05-17T07:43:11,127,0,71,0,2026-05-17,live
2026-05-17T07:43:26,127,0,71,0,2026-05-17,live
2026-05-17T07:43:41,127,0,71,0,2026-05-17,live
2026-05-17T07:43:57,127,0,71,0,2026-05-17,live
2026-05-17T07:44:12,127,0,71,0,2026-05-17,live
2026-05-17T07:44:27,127,0,71,0,2026-05-17,live
2026-05-17T07:44:42,127,0,71,0,2026-05-17,live
2026-05-17T07:44:57,127,0,71,0,2026-05-17,live
2026-05-17T07:45:12,127,0,71,0,2026-05-17,live
2026-05-17T07:45:27,127,0,71,0,2026-05-17,live
2026-05-17T07:45:42,127,0,71,0,2026-05-17,live
2026-05-17T07:45:57,127,0,71,0,2026-05-17,live
2026-05-17T07:46:13,127,0,71,0,2026-05-17,live
2026-05-17T07:46:28,127,0,71,0,2026-05-17,live
2026-05-17T07:46:43,127,0,71,0,2026-05-17,live
2026-05-17T07:46:58,127,0,71,0,2026-05-17,live
2026-05-17T07:47:13,127,0,71,0,2026-05-17,live
2026-05-17T07:47:28,127,0,71,0,2026-05-17,live
2026-05-17T07:47:43,127,0,71,0,2026-05-17,live
2026-05-17T07:47:58,127,0,71,0,2026-05-17,live
2026-05-17T07:48:13,127,0,71,0,2026-05-17,live
2026-05-17T07:48:29,127,0,71,0,2026-05-17,live
2026-05-17T07:48:44,127,0,71,0,2026-05-17,live
2026-05-17T07:48:59,127,0,71,0,2026-05-17,live
2026-05-17T07:49:14,127,0,71,0,2026-05-17,live
2026-05-17T07:49:29,127,0,71,0,2026-05-17,live
2026-05-17T07:49:44,127,0,71,0,2026-05-17,live
2026-05-17T07:49:59,127,0,71,0,2026-05-17,live
2026-05-17T07:50:14,127,0,71,0,2026-05-17,live
2026-05-17T07:50:29,127,0,71,0,2026-05-17,live
2026-05-17T07:50:44,127,0,71,0,2026-05-17,live
2026-05-17T07:51:00,127,0,71,0,2026-05-17,live
2026-05-17T07:51:15,127,0,71,0,2026-05-17,live
2026-05-17T07:51:30,127,0,71,0,2026-05-17,live
2026-05-17T07:51:45,127,0,71,0,2026-05-17,live
2026-05-17T07:52:00,127,0,71,0,2026-05-17,live
2026-05-17T07:52:15,127,0,71,0,2026-05-17,live
2026-05-17T07:52:30,127,0,71,0,2026-05-17,live
2026-05-17T07:52:45,127,0,71,0,2026-05-17,live
2026-05-17T07:53:00,127,0,71,0,2026-05-17,live
2026-05-17T07:53:15,127,0,71,0,2026-05-17,live
2026-05-17T07:53:31,127,0,71,0,2026-05-17,live
2026-05-17T07:53:46,127,0,71,0,2026-05-17,live
2026-05-17T07:54:01,127,0,71,0,2026-05-17,live
2026-05-17T07:54:16,127,0,71,0,2026-05-17,live
2026-05-17T07:54:31,127,0,71,0,2026-05-17,live
2026-05-17T07:54:46,127,0,71,0,2026-05-17,live
2026-05-17T07:55:01,127,0,71,0,2026-05-17,live
2026-05-17T07:55:16,127,0,71,0,2026-05-17,live
2026-05-17T07:55:31,127,0,71,0,2026-05-17,live
2026-05-17T07:55:46,127,0,71,0,2026-05-17,live
2026-05-17T07:56:02,127,0,71,0,2026-05-17,live
2026-05-17T07:56:17,127,0,71,0,2026-05-17,live
2026-05-17T07:56:32,127,0,71,0,2026-05-17,live
2026-05-17T07:56:47,127,0,71,0,2026-05-17,live
2026-05-17T07:57:02,127,0,71,0,2026-05-17,live
2026-05-17T07:57:17,127,0,71,0,2026-05-17,live
2026-05-17T07:57:32,127,0,71,0,2026-05-17,live
2026-05-17T07:57:47,127,0,71,0,2026-05-17,live
2026-05-17T07:58:02,127,0,71,0,2026-05-17,live
2026-05-17T07:58:18,127,0,71,0,2026-05-17,live
2026-05-17T07:58:33,127,0,71,0,2026-05-17,live
2026-05-17T07:58:48,127,0,71,0,2026-05-17,live
2026-05-17T07:59:03,127,0,71,0,2026-05-17,live
2026-05-17T07:59:18,127,0,71,0,2026-05-17,live
2026-05-17T07:59:33,127,0,71,0,2026-05-17,live
2026-05-17T07:59:48,127,0,71,0,2026-05-17,live
2026-05-17T08:00:03,127,0,71,0,2026-05-17,live
2026-05-17T08:00:18,127,0,71,0,2026-05-17,live
2026-05-17T08:00:33,127,0,71,0,2026-05-17,live
2026-05-17T08:00:49,127,0,71,0,2026-05-17,live
2026-05-17T08:01:04,127,0,71,0,2026-05-17,live
2026-05-17T08:01:19,127,0,71,0,2026-05-17,live
2026-05-17T08:01:34,127,0,71,0,2026-05-17,live
2026-05-17T08:01:49,127,0,71,0,2026-05-17,live
2026-05-17T08:02:04,127,0,71,0,2026-05-17,live
2026-05-17T08:02:19,127,0,71,0,2026-05-17,live
2026-05-17T08:02:34,127,0,71,0,2026-05-17,live
2026-05-17T08:02:49,127,0,71,0,2026-05-17,live
2026-05-17T08:03:05,127,0,71,0,2026-05-17,live
2026-05-17T08:03:20,127,0,71,0,2026-05-17,live
2026-05-17T08:03:35,127,0,71,0,2026-05-17,live
2026-05-17T08:03:50,127,0,71,0,2026-05-17,live
2026-05-17T08:04:05,127,0,71,0,2026-05-17,live
2026-05-17T08:04:20,127,0,71,0,2026-05-17,live
2026-05-17T08:04:35,127,0,71,0,2026-05-17,live
2026-05-17T08:04:50,127,0,71,0,2026-05-17,live
2026-05-17T08:05:05,127,0,71,0,2026-05-17,live
2026-05-17T08:05:20,127,0,71,0,2026-05-17,live
2026-05-17T08:05:36,127,0,71,0,2026-05-17,live
2026-05-17T08:05:51,127,0,71,0,2026-05-17,live
2026-05-17T08:06:06,127,0,71,0,2026-05-17,live
2026-05-17T08:06:21,127,0,71,0,2026-05-17,live
2026-05-17T08:06:36,127,0,71,0,2026-05-17,live
2026-05-17T08:06:51,127,0,71,0,2026-05-17,live
2026-05-17T08:07:06,127,0,71,0,2026-05-17,live
2026-05-17T08:07:21,127,0,71,0,2026-05-17,live
2026-05-17T08:07:36,127,0,71,0,2026-05-17,live
2026-05-17T08:07:51,127,0,71,0,2026-05-17,live
2026-05-17T08:08:07,127,0,71,0,2026-05-17,live
2026-05-17T08:08:22,127,0,71,0,2026-05-17,live
2026-05-17T08:08:37,127,0,71,0,2026-05-17,live
2026-05-17T08:08:52,127,0,71,0,2026-05-17,live
2026-05-17T08:09:07,127,0,71,0,2026-05-17,live
2026-05-17T08:09:22,127,0,71,0,2026-05-17,live
2026-05-17T08:09:37,127,0,71,0,2026-05-17,live
2026-05-17T08:09:52,127,0,71,0,2026-05-17,live
2026-05-17T08:10:07,127,0,71,0,2026-05-17,live
2026-05-17T08:10:23,127,0,71,0,2026-05-17,live
2026-05-17T08:10:38,127,0,71,0,2026-05-17,live
2026-05-17T08:10:53,127,0,71,0,2026-05-17,live
2026-05-17T08:11:08,127,0,71,0,2026-05-17,live
2026-05-17T08:11:23,127,0,71,0,2026-05-17,live
2026-05-17T08:11:38,127,0,71,0,2026-05-17,live
2026-05-17T08:11:53,127,0,71,0,2026-05-17,live
2026-05-17T08:12:08,127,0,71,0,2026-05-17,live
2026-05-17T08:12:23,127,0,71,0,2026-05-17,live
2026-05-17T08:12:38,127,0,71,0,2026-05-17,live
2026-05-17T08:12:54,127,0,71,0,2026-05-17,live
2026-05-17T08:13:09,127,0,71,0,2026-05-17,live
2026-05-17T08:13:24,127,0,71,0,2026-05-17,live
2026-05-17T08:13:39,127,0,71,0,2026-05-17,live
2026-05-17T08:13:54,127,0,71,0,2026-05-17,live
2026-05-17T08:14:09,127,0,71,0,2026-05-17,live
2026-05-17T08:14:24,127,0,71,0,2026-05-17,live
2026-05-17T08:14:39,127,0,71,0,2026-05-17,live
2026-05-17T08:14:54,127,0,71,0,2026-05-17,live
2026-05-17T08:15:09,127,0,71,0,2026-05-17,live
2026-05-17T08:15:25,127,0,71,0,2026-05-17,live
2026-05-17T08:15:40,127,0,71,0,2026-05-17,live
2026-05-17T08:15:55,127,0,71,0,2026-05-17,live
2026-05-17T08:16:10,127,0,71,0,2026-05-17,live
2026-05-17T08:16:25,127,0,71,0,2026-05-17,live
2026-05-17T08:16:40,127,0,71,0,2026-05-17,live
2026-05-17T08:16:55,127,0,71,0,2026-05-17,live
2026-05-17T08:17:10,127,0,71,0,2026-05-17,live
2026-05-17T08:17:25,127,0,71,0,2026-05-17,live
2026-05-17T08:17:40,127,0,71,0,2026-05-17,live
2026-05-17T08:17:56,127,0,71,0,2026-05-17,live
2026-05-17T08:18:11,127,0,71,0,2026-05-17,live
2026-05-17T08:18:26,127,0,71,0,2026-05-17,live
2026-05-17T08:18:41,127,0,71,0,2026-05-17,live
2026-05-17T08:18:56,127,0,71,0,2026-05-17,live
2026-05-17T08:19:11,127,0,71,0,2026-05-17,live
2026-05-17T08:19:26,127,0,71,0,2026-05-17,live
2026-05-17T08:19:41,127,0,71,0,2026-05-17,live
2026-05-17T08:19:56,127,0,71,0,2026-05-17,live
2026-05-17T08:20:12,127,0,71,0,2026-05-17,live
2026-05-17T08:20:27,127,0,71,0,2026-05-17,live
2026-05-17T08:20:42,127,0,71,0,2026-05-17,live
2026-05-17T08:20:57,127,0,71,0,2026-05-17,live
2026-05-17T08:21:12,127,0,71,0,2026-05-17,live
2026-05-17T08:21:27,127,0,71,0,2026-05-17,live
2026-05-17T08:21:42,127,0,71,0,2026-05-17,live
2026-05-17T08:21:57,127,0,71,0,2026-05-17,live
2026-05-17T08:22:12,127,0,71,0,2026-05-17,live
2026-05-17T08:22:27,127,0,71,0,2026-05-17,live
2026-05-17T08:22:43,127,0,71,0,2026-05-17,live
2026-05-17T08:22:58,127,0,71,0,2026-05-17,live
2026-05-17T08:23:13,127,0,71,0,2026-05-17,live
2026-05-17T08:23:28,127,0,71,0,2026-05-17,live
2026-05-17T08:23:43,127,0,71,0,2026-05-17,live
2026-05-17T08:23:58,127,0,71,0,2026-05-17,live
2026-05-17T08:24:13,127,0,71,0,2026-05-17,live
2026-05-17T08:24:28,127,0,71,0,2026-05-17,live
2026-05-17T08:24:43,127,0,71,0,2026-05-17,live
2026-05-17T08:24:59,127,0,71,0,2026-05-17,live
2026-05-17T08:25:14,127,0,71,0,2026-05-17,live
2026-05-17T08:25:29,127,0,71,0,2026-05-17,live
2026-05-17T08:25:44,127,0,71,0,2026-05-17,live
2026-05-17T08:25:59,127,0,71,0,2026-05-17,live
2026-05-17T08:26:14,127,0,71,0,2026-05-17,live
2026-05-17T08:26:29,127,0,71,0,2026-05-17,live
2026-05-17T08:26:44,127,0,71,0,2026-05-17,live
2026-05-17T08:26:59,127,0,71,0,2026-05-17,live
2026-05-17T08:27:14,127,0,71,0,2026-05-17,live
2026-05-17T08:27:30,127,0,71,0,2026-05-17,live
2026-05-17T08:27:45,127,0,71,0,2026-05-17,live
2026-05-17T08:28:00,127,0,71,0,2026-05-17,live
2026-05-17T08:28:15,127,0,71,0,2026-05-17,live
2026-05-17T08:28:30,127,0,71,0,2026-05-17,live
2026-05-17T08:28:45,127,0,71,0,2026-05-17,live
2026-05-17T08:29:00,127,0,71,0,2026-05-17,live
2026-05-17T08:29:15,127,0,71,0,2026-05-17,live
2026-05-17T08:29:30,127,0,71,0,2026-05-17,live
2026-05-17T08:29:45,127,0,71,0,2026-05-17,live
2026-05-17T08:30:01,127,0,71,0,2026-05-17,live
2026-05-17T08:30:16,127,0,71,0,2026-05-17,live
2026-05-17T08:30:31,127,0,71,0,2026-05-17,live
2026-05-17T08:30:46,127,0,71,0,2026-05-17,live
2026-05-17T08:31:01,127,0,71,0,2026-05-17,live
2026-05-17T08:31:16,127,0,71,0,2026-05-17,live
2026-05-17T08:31:31,127,0,71,0,2026-05-17,live
2026-05-17T08:31:46,127,0,70,0,2026-05-17,live
2026-05-17T08:32:01,127,0,70,0,2026-05-17,live
2026-05-17T08:32:17,127,0,70,0,2026-05-17,live
2026-05-17T08:32:32,127,0,70,0,2026-05-17,live
2026-05-17T08:32:47,127,0,70,0,2026-05-17,live
2026-05-17T08:33:02,127,0,70,0,2026-05-17,live
2026-05-17T08:33:17,127,0,70,0,2026-05-17,live
2026-05-17T08:33:32,127,0,70,0,2026-05-17,live
2026-05-17T08:33:47,127,0,70,0,2026-05-17,live
2026-05-17T08:34:02,127,0,70,0,2026-05-17,live
2026-05-17T08:34:17,127,0,70,0,2026-05-17,live
2026-05-17T08:34:32,127,0,70,0,2026-05-17,live
2026-05-17T08:34:48,127,0,70,0,2026-05-17,live
2026-05-17T08:35:03,127,0,70,0,2026-05-17,live
2026-05-17T08:35:18,127,0,70,0,2026-05-17,live
2026-05-17T08:35:33,127,0,70,0,2026-05-17,live
2026-05-17T08:35:48,127,0,70,0,2026-05-17,live
2026-05-17T08:36:03,127,0,70,0,2026-05-17,live
2026-05-17T08:36:18,127,0,70,0,2026-05-17,live
2026-05-17T08:36:33,127,0,70,0,2026-05-17,live
2026-05-17T08:36:49,127,0,70,0,2026-05-17,live
2026-05-17T08:37:04,127,0,70,0,2026-05-17,live
2026-05-17T08:37:19,127,0,70,0,2026-05-17,live
2026-05-17T08:37:34,127,0,70,0,2026-05-17,live
2026-05-17T08:37:49,127,0,70,0,2026-05-17,live
2026-05-17T08:38:04,127,0,70,0,2026-05-17,live
2026-05-17T08:38:20,127,0,70,0,2026-05-17,live
2026-05-17T08:38:35,127,0,70,0,2026-05-17,live
2026-05-17T08:38:50,127,0,70,0,2026-05-17,live
2026-05-17T08:39:05,127,0,70,0,2026-05-17,live
2026-05-17T08:39:20,127,0,70,0,2026-05-17,live
2026-05-17T08:39:35,127,0,70,0,2026-05-17,live
2026-05-17T08:39:50,127,0,70,0,2026-05-17,live
2026-05-17T08:40:06,127,0,70,0,2026-05-17,live
2026-05-17T08:40:21,127,0,70,0,2026-05-17,live
2026-05-17T08:40:36,127,0,70,0,2026-05-17,live
2026-05-17T08:40:51,127,0,70,0,2026-05-17,live
2026-05-17T08:41:06,127,0,70,0,2026-05-17,live
2026-05-17T08:41:21,127,0,70,0,2026-05-17,live
2026-05-17T08:41:36,127,0,70,0,2026-05-17,live
2026-05-17T08:41:51,127,0,70,0,2026-05-17,live
2026-05-17T08:42:06,127,0,70,0,2026-05-17,live
2026-05-17T08:42:22,127,0,70,0,2026-05-17,live
2026-05-17T08:42:37,127,0,70,0,2026-05-17,live
2026-05-17T08:42:52,127,0,70,0,2026-05-17,live
2026-05-17T08:43:07,127,0,70,0,2026-05-17,live
2026-05-17T08:43:22,127,0,70,0,2026-05-17,live
2026-05-17T08:43:37,127,0,70,0,2026-05-17,live
2026-05-17T08:43:52,127,0,70,0,2026-05-17,live
2026-05-17T08:44:07,127,0,70,0,2026-05-17,live
2026-05-17T08:44:22,127,0,70,0,2026-05-17,live
2026-05-17T08:44:37,127,0,70,0,2026-05-17,live
2026-05-17T08:44:53,127,0,70,0,2026-05-17,live
2026-05-17T08:45:08,127,0,70,0,2026-05-17,live
2026-05-17T08:45:23,127,0,70,0,2026-05-17,live
2026-05-17T08:45:38,127,0,70,0,2026-05-17,live
2026-05-17T08:45:53,127,0,70,0,2026-05-17,live
2026-05-17T08:46:08,127,0,70,0,2026-05-17,live
2026-05-17T08:46:23,127,0,70,0,2026-05-17,live
2026-05-17T08:46:38,127,0,70,0,2026-05-17,live
2026-05-17T08:46:53,127,0,70,0,2026-05-17,live
2026-05-17T08:47:09,127,0,70,0,2026-05-17,live
2026-05-17T08:47:24,127,0,70,0,2026-05-17,live
2026-05-17T08:47:39,127,0,70,0,2026-05-17,live
2026-05-17T08:47:54,127,0,70,0,2026-05-17,live
2026-05-17T08:48:09,127,0,70,0,2026-05-17,live
2026-05-17T08:48:24,127,0,70,0,2026-05-17,live
2026-05-17T08:48:39,127,0,70,0,2026-05-17,live
2026-05-17T08:48:55,127,0,70,0,2026-05-17,live
2026-05-17T08:49:10,127,0,70,0,2026-05-17,live
2026-05-17T08:49:25,127,0,70,0,2026-05-17,live
2026-05-17T08:49:40,127,0,70,0,2026-05-17,live
2026-05-17T08:49:55,127,0,70,0,2026-05-17,live
2026-05-17T08:50:10,127,0,70,0,2026-05-17,live
2026-05-17T08:50:25,127,0,70,0,2026-05-17,live
2026-05-17T08:50:40,127,0,70,0,2026-05-17,live
2026-05-17T08:50:55,127,0,70,0,2026-05-17,live
2026-05-17T08:51:11,127,0,70,0,2026-05-17,live
2026-05-17T08:51:26,127,0,70,0,2026-05-17,live
2026-05-17T08:51:41,127,0,70,0,2026-05-17,live
2026-05-17T08:51:56,127,0,70,0,2026-05-17,live
2026-05-17T08:52:11,127,0,70,0,2026-05-17,live
2026-05-17T08:52:26,127,0,70,0,2026-05-17,live
2026-05-17T08:52:41,127,0,70,0,2026-05-17,live
2026-05-17T08:52:57,127,0,70,0,2026-05-17,live
2026-05-17T08:53:12,127,0,70,0,2026-05-17,live
2026-05-17T08:53:27,127,0,70,0,2026-05-17,live
2026-05-17T08:53:42,127,0,70,0,2026-05-17,live
2026-05-17T08:53:57,127,0,70,0,2026-05-17,live
2026-05-17T08:54:12,127,0,70,0,2026-05-17,live
2026-05-17T08:54:27,127,0,70,0,2026-05-17,live
2026-05-17T08:54:42,127,0,70,0,2026-05-17,live
2026-05-17T08:54:57,127,0,70,0,2026-05-17,live
2026-05-17T08:55:13,127,0,70,0,2026-05-17,live
2026-05-17T08:55:28,127,0,70,0,2026-05-17,live
2026-05-17T08:55:43,127,0,70,0,2026-05-17,live
2026-05-17T08:55:59,127,0,70,0,2026-05-17,live
2026-05-17T08:56:14,127,0,70,0,2026-05-17,live
2026-05-17T08:56:29,127,0,70,0,2026-05-17,live
2026-05-17T08:56:44,127,0,70,0,2026-05-17,live
2026-05-17T08:56:59,127,0,70,0,2026-05-17,live
2026-05-17T08:57:14,127,0,70,0,2026-05-17,live
2026-05-17T08:57:29,127,0,70,0,2026-05-17,live
2026-05-17T08:57:44,127,0,70,0,2026-05-17,live
2026-05-17T08:57:59,127,0,70,0,2026-05-17,live
2026-05-17T08:58:15,127,0,70,0,2026-05-17,live
2026-05-17T08:58:30,127,0,70,0,2026-05-17,live
2026-05-17T08:58:45,127,0,70,0,2026-05-17,live
2026-05-17T08:59:00,127,0,70,0,2026-05-17,live
2026-05-17T08:59:15,127,0,70,0,2026-05-17,live
2026-05-17T08:59:30,127,0,70,0,2026-05-17,live
2026-05-17T08:59:45,127,0,70,0,2026-05-17,live
2026-05-17T09:00:00,127,0,70,0,2026-05-17,live
2026-05-17T09:00:15,127,0,70,0,2026-05-17,live
2026-05-17T09:00:31,127,0,70,0,2026-05-17,live
2026-05-17T09:00:46,127,0,70,0,2026-05-17,live
2026-05-17T09:01:01,127,0,70,0,2026-05-17,live
2026-05-17T09:01:16,127,0,70,0,2026-05-17,live
2026-05-17T09:01:31,127,0,70,0,2026-05-17,live
2026-05-17T09:01:46,127,0,70,0,2026-05-17,live
2026-05-17T09:02:01,127,0,70,0,2026-05-17,live
2026-05-17T09:02:16,127,0,70,0,2026-05-17,live
2026-05-17T09:02:32,127,0,70,0,2026-05-17,live
2026-05-17T09:02:47,127,0,70,0,2026-05-17,live
2026-05-17T09:03:02,127,0,70,0,2026-05-17,live
2026-05-17T09:03:17,127,0,70,0,2026-05-17,live
2026-05-17T09:03:32,127,0,70,0,2026-05-17,live
2026-05-17T09:03:47,127,0,70,0,2026-05-17,live
2026-05-17T09:04:02,127,0,70,0,2026-05-17,live
2026-05-17T09:04:17,127,0,70,0,2026-05-17,live
2026-05-17T09:04:32,127,0,70,0,2026-05-17,live
2026-05-17T09:04:47,127,0,70,0,2026-05-17,live
2026-05-17T09:05:03,127,0,70,0,2026-05-17,live
2026-05-17T09:05:18,127,0,70,0,2026-05-17,live
2026-05-17T09:05:33,127,0,70,0,2026-05-17,live
2026-05-17T09:05:48,127,0,70,0,2026-05-17,live
2026-05-17T09:06:03,127,0,70,0,2026-05-17,live
2026-05-17T09:06:18,127,0,70,0,2026-05-17,live
2026-05-17T09:06:33,127,0,70,0,2026-05-17,live
2026-05-17T09:06:48,127,0,70,0,2026-05-17,live
2026-05-17T09:07:03,127,0,70,0,2026-05-17,live
2026-05-17T09:07:19,127,0,70,0,2026-05-17,live
2026-05-17T09:07:34,127,0,70,0,2026-05-17,live
2026-05-17T09:07:49,127,0,70,0,2026-05-17,live
2026-05-17T09:08:04,127,0,70,0,2026-05-17,live
2026-05-17T09:08:19,127,0,70,0,2026-05-17,live
2026-05-17T09:08:34,127,0,70,0,2026-05-17,live
2026-05-17T09:08:49,127,0,70,0,2026-05-17,live
2026-05-17T09:09:04,127,0,70,0,2026-05-17,live
2026-05-17T09:09:19,127,0,70,0,2026-05-17,live
2026-05-17T09:09:35,127,0,70,0,2026-05-17,live
2026-05-17T09:09:50,127,0,70,0,2026-05-17,live
2026-05-17T09:10:05,127,0,70,0,2026-05-17,live
2026-05-17T09:10:20,127,0,70,0,2026-05-17,live
2026-05-17T09:10:35,127,0,70,0,2026-05-17,live
2026-05-17T09:10:50,127,0,70,0,2026-05-17,live
2026-05-17T09:11:05,127,0,70,0,2026-05-17,live
2026-05-17T09:11:20,127,0,70,0,2026-05-17,live
2026-05-17T09:11:35,127,0,70,0,2026-05-17,live
2026-05-17T09:11:50,127,0,70,0,2026-05-17,live
2026-05-17T09:12:05,127,0,70,0,2026-05-17,live
2026-05-17T09:12:21,127,0,70,0,2026-05-17,live
2026-05-17T09:12:36,127,0,70,0,2026-05-17,live
2026-05-17T09:12:51,127,0,70,0,2026-05-17,live
2026-05-17T09:13:06,127,0,70,0,2026-05-17,live
2026-05-17T09:13:21,127,0,70,0,2026-05-17,live
2026-05-17T09:13:36,127,0,70,0,2026-05-17,live
2026-05-17T09:13:51,127,0,70,0,2026-05-17,live
2026-05-17T09:14:06,127,0,70,0,2026-05-17,live
2026-05-17T09:14:21,127,0,70,0,2026-05-17,live
2026-05-17T09:14:37,127,0,70,0,2026-05-17,live
2026-05-17T09:14:52,127,0,70,0,2026-05-17,live
2026-05-17T09:15:07,127,0,70,0,2026-05-17,live
2026-05-17T09:15:22,127,0,70,0,2026-05-17,live
2026-05-17T09:15:37,127,0,70,0,2026-05-17,live
2026-05-17T09:15:52,127,0,70,0,2026-05-17,live
2026-05-17T09:16:07,127,0,70,0,2026-05-17,live
2026-05-17T09:16:22,127,0,70,0,2026-05-17,live
2026-05-17T09:16:37,127,0,70,0,2026-05-17,live
2026-05-17T09:16:52,127,0,70,0,2026-05-17,live
2026-05-17T09:17:08,127,0,70,0,2026-05-17,live
2026-05-17T09:17:23,127,0,70,0,2026-05-17,live
2026-05-17T09:17:38,127,0,70,0,2026-05-17,live
2026-05-17T09:17:53,127,0,70,0,2026-05-17,live
2026-05-17T09:18:08,127,0,70,0,2026-05-17,live
2026-05-17T09:18:23,127,0,70,0,2026-05-17,live
2026-05-17T09:18:38,127,0,70,0,2026-05-17,live
2026-05-17T09:18:53,127,0,70,0,2026-05-17,live
2026-05-17T09:19:08,127,0,70,0,2026-05-17,live
2026-05-17T09:19:24,127,0,70,0,2026-05-17,live
2026-05-17T09:19:39,127,0,70,0,2026-05-17,live
2026-05-17T09:19:54,127,0,70,0,2026-05-17,live
2026-05-17T09:20:09,127,0,70,0,2026-05-17,live
2026-05-17T09:20:24,127,0,70,0,2026-05-17,live
2026-05-17T09:20:39,127,0,70,0,2026-05-17,live
2026-05-17T09:20:54,127,0,70,0,2026-05-17,live
2026-05-17T09:21:09,127,0,70,0,2026-05-17,live
2026-05-17T09:21:24,127,0,70,0,2026-05-17,live
2026-05-17T09:21:40,127,0,70,0,2026-05-17,live
2026-05-17T09:21:55,127,0,70,0,2026-05-17,live
2026-05-17T09:22:10,127,0,70,0,2026-05-17,live
2026-05-17T09:22:25,127,0,70,0,2026-05-17,live
2026-05-17T09:22:40,127,0,70,0,2026-05-17,live
2026-05-17T09:22:55,127,0,70,0,2026-05-17,live
2026-05-17T09:23:10,127,0,70,0,2026-05-17,live
2026-05-17T09:23:25,127,0,70,0,2026-05-17,live
2026-05-17T09:23:40,127,0,70,0,2026-05-17,live
2026-05-17T09:23:55,127,0,70,0,2026-05-17,live
2026-05-17T09:24:11,127,0,70,0,2026-05-17,live
2026-05-17T09:24:26,127,0,70,0,2026-05-17,live
2026-05-17T09:24:41,127,0,70,0,2026-05-17,live
2026-05-17T09:24:56,127,0,70,0,2026-05-17,live
2026-05-17T09:25:11,127,0,70,0,2026-05-17,live
2026-05-17T09:25:26,127,0,70,0,2026-05-17,live
2026-05-17T09:25:41,127,0,70,0,2026-05-17,live
2026-05-17T09:25:56,127,0,70,0,2026-05-17,live
2026-05-17T09:26:11,127,0,70,0,2026-05-17,live
2026-05-17T09:26:27,127,0,70,0,2026-05-17,live
2026-05-17T09:26:42,127,0,70,0,2026-05-17,live
2026-05-17T09:26:57,127,0,70,0,2026-05-17,live
2026-05-17T09:27:12,127,0,70,0,2026-05-17,live
2026-05-17T09:27:27,127,0,70,0,2026-05-17,live
2026-05-17T09:27:42,127,0,70,0,2026-05-17,live
2026-05-17T09:27:57,127,0,70,0,2026-05-17,live
2026-05-17T09:28:12,127,0,70,0,2026-05-17,live
2026-05-17T09:28:27,127,0,70,0,2026-05-17,live
2026-05-17T09:28:42,127,0,70,0,2026-05-17,live
2026-05-17T09:28:58,127,0,70,0,2026-05-17,live
2026-05-17T09:29:13,127,0,70,0,2026-05-17,live
2026-05-17T09:29:28,127,0,70,0,2026-05-17,live
2026-05-17T09:29:43,127,0,70,0,2026-05-17,live
2026-05-17T09:29:58,127,0,70,0,2026-05-17,live
2026-05-17T09:30:13,127,0,70,0,2026-05-17,live
2026-05-17T09:30:28,127,0,70,0,2026-05-17,live
2026-05-17T09:30:43,127,0,70,0,2026-05-17,live
2026-05-17T09:30:58,127,0,70,0,2026-05-17,live
2026-05-17T09:31:13,127,0,70,0,2026-05-17,live
2026-05-17T09:31:29,127,0,70,0,2026-05-17,live
2026-05-17T09:31:44,127,0,70,0,2026-05-17,live
2026-05-17T09:31:59,127,0,70,0,2026-05-17,live
2026-05-17T09:32:14,127,0,70,0,2026-05-17,live
2026-05-17T09:32:29,127,0,70,0,2026-05-17,live
2026-05-17T09:32:44,127,0,70,0,2026-05-17,live
2026-05-17T09:32:59,127,0,70,0,2026-05-17,live
2026-05-17T09:33:14,127,0,70,0,2026-05-17,live
2026-05-17T09:33:29,127,0,70,0,2026-05-17,live
2026-05-17T09:33:44,127,0,70,0,2026-05-17,live
2026-05-17T09:34:00,127,0,70,0,2026-05-17,live
2026-05-17T09:34:15,127,0,70,0,2026-05-17,live
2026-05-17T09:34:30,127,0,70,0,2026-05-17,live
2026-05-17T09:34:45,127,0,70,0,2026-05-17,live
2026-05-17T09:35:00,127,0,70,0,2026-05-17,live
2026-05-17T09:35:15,127,0,70,0,2026-05-17,live
2026-05-17T09:35:30,127,0,70,0,2026-05-17,live
2026-05-17T09:35:45,127,0,70,0,2026-05-17,live
2026-05-17T09:36:00,127,0,70,0,2026-05-17,live
2026-05-17T09:36:16,127,0,70,0,2026-05-17,live
2026-05-17T09:36:31,127,0,70,0,2026-05-17,live
2026-05-17T09:36:46,127,0,70,0,2026-05-17,live
2026-05-17T09:37:01,127,0,70,0,2026-05-17,live
2026-05-17T09:37:16,127,0,70,0,2026-05-17,live
2026-05-17T09:37:31,127,0,70,0,2026-05-17,live
2026-05-17T09:37:46,127,0,70,0,2026-05-17,live
2026-05-17T09:38:01,127,0,70,0,2026-05-17,live
2026-05-17T09:38:16,127,0,70,0,2026-05-17,live
2026-05-17T09:38:31,127,0,70,0,2026-05-17,live
2026-05-17T09:38:47,127,0,70,0,2026-05-17,live
2026-05-17T09:39:02,127,0,70,0,2026-05-17,live
2026-05-17T09:39:17,127,0,70,0,2026-05-17,live
2026-05-17T09:39:32,127,0,70,0,2026-05-17,live
2026-05-17T09:39:47,127,0,70,0,2026-05-17,live
2026-05-17T09:40:02,127,0,70,0,2026-05-17,live
2026-05-17T09:40:17,127,0,70,0,2026-05-17,live
2026-05-17T09:40:32,127,0,70,0,2026-05-17,live
2026-05-17T09:40:47,127,0,70,0,2026-05-17,live
2026-05-17T09:41:03,127,0,70,0,2026-05-17,live
2026-05-17T09:41:18,127,0,70,0,2026-05-17,live
2026-05-17T09:41:33,127,0,70,0,2026-05-17,live
2026-05-17T09:41:48,127,0,70,0,2026-05-17,live
2026-05-17T09:42:03,127,0,70,0,2026-05-17,live
2026-05-17T09:42:18,127,0,70,0,2026-05-17,live
2026-05-17T09:42:33,127,0,70,0,2026-05-17,live
2026-05-17T09:42:48,127,0,70,0,2026-05-17,live
2026-05-17T09:43:03,127,0,70,0,2026-05-17,live
2026-05-17T09:43:18,127,0,70,0,2026-05-17,live
2026-05-17T09:43:34,127,0,70,0,2026-05-17,live
2026-05-17T09:43:49,127,0,70,0,2026-05-17,live
2026-05-17T09:44:04,127,0,70,0,2026-05-17,live
2026-05-17T09:44:19,127,0,69,0,2026-05-17,live
2026-05-17T09:44:34,127,0,69,0,2026-05-17,live
2026-05-17T09:44:49,127,0,69,0,2026-05-17,live
2026-05-17T09:45:04,127,0,69,0,2026-05-17,live
2026-05-17T09:45:19,127,0,69,0,2026-05-17,live
2026-05-17T09:45:34,127,0,69,0,2026-05-17,live
2026-05-17T09:45:49,127,0,69,0,2026-05-17,live
2026-05-17T09:46:05,127,0,69,0,2026-05-17,live
2026-05-17T09:46:20,127,0,69,0,2026-05-17,live
2026-05-17T09:46:35,127,0,69,0,2026-05-17,live
2026-05-17T09:46:50,127,0,69,0,2026-05-17,live
2026-05-17T09:47:05,127,0,69,0,2026-05-17,live
2026-05-17T09:47:20,127,0,69,0,2026-05-17,live
2026-05-17T09:47:35,127,0,69,0,2026-05-17,live
2026-05-17T09:47:50,127,0,69,0,2026-05-17,live
2026-05-17T09:48:05,127,0,69,0,2026-05-17,live
2026-05-17T09:48:21,127,0,69,0,2026-05-17,live
2026-05-17T09:48:36,127,0,69,0,2026-05-17,live
2026-05-17T09:48:51,127,0,69,0,2026-05-17,live
2026-05-17T09:49:06,127,0,69,0,2026-05-17,live
2026-05-17T09:49:21,127,0,69,0,2026-05-17,live
2026-05-17T09:49:36,127,0,69,0,2026-05-17,live
2026-05-17T09:49:51,127,0,69,0,2026-05-17,live
2026-05-17T09:50:06,127,0,69,0,2026-05-17,live
2026-05-17T09:50:21,127,0,69,0,2026-05-17,live
2026-05-17T09:50:37,127,0,69,0,2026-05-17,live
2026-05-17T09:50:52,127,0,69,0,2026-05-17,live
2026-05-17T09:51:07,127,0,69,0,2026-05-17,live
2026-05-17T09:51:22,127,0,69,0,2026-05-17,live
2026-05-17T09:51:37,127,0,69,0,2026-05-17,live
2026-05-17T09:51:52,127,0,69,0,2026-05-17,live
2026-05-17T09:52:07,127,0,69,0,2026-05-17,live
2026-05-17T09:52:22,127,0,69,0,2026-05-17,live
2026-05-17T09:52:37,127,0,69,0,2026-05-17,live
2026-05-17T09:52:52,127,0,69,0,2026-05-17,live
2026-05-17T09:53:08,127,0,69,0,2026-05-17,live
2026-05-17T09:53:23,127,0,69,0,2026-05-17,live
2026-05-17T09:53:38,127,0,69,0,2026-05-17,live
2026-05-17T09:53:53,127,0,69,0,2026-05-17,live
2026-05-17T09:54:08,127,0,69,0,2026-05-17,live
2026-05-17T09:54:23,127,0,69,0,2026-05-17,live
2026-05-17T09:54:38,127,0,69,0,2026-05-17,live
2026-05-17T09:54:53,127,0,69,0,2026-05-17,live
2026-05-17T09:55:08,127,0,69,0,2026-05-17,live
2026-05-17T09:55:23,127,0,69,0,2026-05-17,live
2026-05-17T09:55:39,127,0,69,0,2026-05-17,live
2026-05-17T09:55:54,127,0,69,0,2026-05-17,live
2026-05-17T09:56:09,127,0,69,0,2026-05-17,live
2026-05-17T09:56:24,127,0,69,0,2026-05-17,live
2026-05-17T09:56:39,127,0,69,0,2026-05-17,live
2026-05-17T09:56:54,127,0,69,0,2026-05-17,live
2026-05-17T09:57:09,127,0,69,0,2026-05-17,live
2026-05-17T09:57:24,127,0,69,0,2026-05-17,live
2026-05-17T09:57:39,127,0,69,0,2026-05-17,live
2026-05-17T09:57:54,127,0,69,0,2026-05-17,live
2026-05-17T09:58:10,127,0,69,0,2026-05-17,live
2026-05-17T09:58:25,127,0,69,0,2026-05-17,live
2026-05-17T09:58:40,127,0,69,0,2026-05-17,live
2026-05-17T09:58:55,127,0,69,0,2026-05-17,live
2026-05-17T09:59:10,127,0,69,0,2026-05-17,live
2026-05-17T09:59:25,127,0,69,0,2026-05-17,live
2026-05-17T09:59:40,127,0,69,0,2026-05-17,live
2026-05-17T09:59:55,127,0,69,0,2026-05-17,live
2026-05-17T10:00:10,127,0,69,0,2026-05-17,live
2026-05-17T10:00:26,127,0,69,0,2026-05-17,live
2026-05-17T10:00:41,127,0,69,0,2026-05-17,live
2026-05-17T10:00:56,127,0,69,0,2026-05-17,live
2026-05-17T10:01:11,127,0,69,0,2026-05-17,live
2026-05-17T10:01:26,127,0,69,0,2026-05-17,live
2026-05-17T10:01:41,127,0,69,0,2026-05-17,live
2026-05-17T10:01:56,127,0,69,0,2026-05-17,live
2026-05-17T10:02:11,127,0,69,0,2026-05-17,live
2026-05-17T10:02:26,127,0,69,0,2026-05-17,live
2026-05-17T10:02:41,127,0,69,0,2026-05-17,live
2026-05-17T10:02:56,127,0,69,0,2026-05-17,live
2026-05-17T10:03:12,127,0,69,0,2026-05-17,live
2026-05-17T10:03:27,127,0,69,0,2026-05-17,live
2026-05-17T10:03:42,127,0,69,0,2026-05-17,live
2026-05-17T10:03:57,127,0,69,0,2026-05-17,live
2026-05-17T10:04:12,127,0,69,0,2026-05-17,live
2026-05-17T10:04:27,127,0,69,0,2026-05-17,live
2026-05-17T10:04:42,127,0,69,0,2026-05-17,live
2026-05-17T10:04:57,127,0,69,0,2026-05-17,live
2026-05-17T10:05:12,127,0,69,0,2026-05-17,live
2026-05-17T10:05:28,127,0,69,0,2026-05-17,live
2026-05-17T10:05:43,127,0,69,0,2026-05-17,live
2026-05-17T10:05:58,127,0,69,0,2026-05-17,live
2026-05-17T10:06:13,127,0,69,0,2026-05-17,live
2026-05-17T10:06:28,127,0,69,0,2026-05-17,live
2026-05-17T10:06:43,127,0,69,0,2026-05-17,live
2026-05-17T10:06:58,127,0,69,0,2026-05-17,live
2026-05-17T10:07:13,127,0,69,0,2026-05-17,live
2026-05-17T10:07:28,127,0,69,0,2026-05-17,live
2026-05-17T10:07:43,127,0,69,0,2026-05-17,live
2026-05-17T10:07:59,127,0,69,0,2026-05-17,live
2026-05-17T10:08:14,127,0,69,0,2026-05-17,live
2026-05-17T10:08:29,127,0,69,0,2026-05-17,live
2026-05-17T10:08:44,127,0,69,0,2026-05-17,live
2026-05-17T10:08:59,127,0,69,0,2026-05-17,live
2026-05-17T10:09:14,127,0,69,0,2026-05-17,live
2026-05-17T10:09:29,127,0,69,0,2026-05-17,live
2026-05-17T10:09:44,127,0,69,0,2026-05-17,live
2026-05-17T10:09:59,127,0,69,0,2026-05-17,live
2026-05-17T10:10:15,127,0,69,0,2026-05-17,live
2026-05-17T10:10:30,127,0,69,0,2026-05-17,live
2026-05-17T10:10:45,127,0,69,0,2026-05-17,live
2026-05-17T10:11:00,127,0,69,0,2026-05-17,live
2026-05-17T10:11:15,127,0,69,0,2026-05-17,live
2026-05-17T10:11:30,127,0,69,0,2026-05-17,live
2026-05-17T10:11:45,127,0,69,0,2026-05-17,live
2026-05-17T10:12:00,127,0,69,0,2026-05-17,live
2026-05-17T10:12:15,127,0,69,0,2026-05-17,live
2026-05-17T10:12:30,127,0,69,0,2026-05-17,live
2026-05-17T10:12:46,127,0,69,0,2026-05-17,live
2026-05-17T10:13:01,127,0,69,0,2026-05-17,live
2026-05-17T10:13:16,127,0,69,0,2026-05-17,live
2026-05-17T10:13:31,127,0,69,0,2026-05-17,live
2026-05-17T10:13:46,127,0,69,0,2026-05-17,live
2026-05-17T10:14:01,127,0,69,0,2026-05-17,live
2026-05-17T10:14:16,127,0,69,0,2026-05-17,live
2026-05-17T10:14:31,127,0,69,0,2026-05-17,live
2026-05-17T10:14:46,127,0,69,0,2026-05-17,live
2026-05-17T10:15:02,127,0,69,0,2026-05-17,live
2026-05-17T10:15:17,127,0,69,0,2026-05-17,live
2026-05-17T10:15:32,127,0,69,0,2026-05-17,live
2026-05-17T10:15:47,127,0,69,0,2026-05-17,live
2026-05-17T10:16:02,127,0,69,0,2026-05-17,live
2026-05-17T10:16:17,127,0,69,0,2026-05-17,live
2026-05-17T10:16:32,127,0,69,0,2026-05-17,live
2026-05-17T10:16:47,127,0,69,0,2026-05-17,live
2026-05-17T10:17:02,127,0,69,0,2026-05-17,live
2026-05-17T10:17:18,127,0,69,0,2026-05-17,live
2026-05-17T10:17:33,127,0,69,0,2026-05-17,live
2026-05-17T10:17:48,127,0,69,0,2026-05-17,live
2026-05-17T10:18:03,127,0,69,0,2026-05-17,live
2026-05-17T10:18:18,127,0,69,0,2026-05-17,live
2026-05-17T10:18:33,127,0,69,0,2026-05-17,live
2026-05-17T10:18:48,127,0,69,0,2026-05-17,live
2026-05-17T10:19:03,127,0,69,0,2026-05-17,live
2026-05-17T10:19:18,127,0,69,0,2026-05-17,live
2026-05-17T10:19:33,127,0,69,0,2026-05-17,live
2026-05-17T10:19:49,127,0,69,0,2026-05-17,live
2026-05-17T10:20:04,127,0,69,0,2026-05-17,live
2026-05-17T10:20:19,127,0,69,0,2026-05-17,live
2026-05-17T10:20:34,127,0,69,0,2026-05-17,live
2026-05-17T10:20:49,127,0,69,0,2026-05-17,live
2026-05-17T10:21:04,127,0,69,0,2026-05-17,live
2026-05-17T10:21:19,127,0,69,0,2026-05-17,live
2026-05-17T10:21:34,127,0,69,0,2026-05-17,live
2026-05-17T10:21:49,127,0,69,0,2026-05-17,live
2026-05-17T10:22:05,127,0,69,0,2026-05-17,live
2026-05-17T10:22:20,127,0,69,0,2026-05-17,live
2026-05-17T10:22:35,127,0,69,0,2026-05-17,live
2026-05-17T10:22:50,127,0,68,0,2026-05-17,live
2026-05-17T10:23:05,127,0,68,0,2026-05-17,live
2026-05-17T10:23:20,127,0,68,0,2026-05-17,live
2026-05-17T10:23:35,127,0,68,0,2026-05-17,live
2026-05-17T10:23:50,127,0,68,0,2026-05-17,live
2026-05-17T10:24:05,127,0,68,0,2026-05-17,live
2026-05-17T10:24:20,127,0,68,0,2026-05-17,live
2026-05-17T10:24:36,127,0,68,0,2026-05-17,live
2026-05-17T10:24:51,127,0,68,0,2026-05-17,live
2026-05-17T10:25:06,127,0,68,0,2026-05-17,live
2026-05-17T10:25:21,127,0,68,0,2026-05-17,live
2026-05-17T10:25:36,127,0,68,0,2026-05-17,live
2026-05-17T10:25:51,127,0,68,0,2026-05-17,live
2026-05-17T10:26:06,127,0,68,0,2026-05-17,live
2026-05-17T10:26:21,127,0,68,0,2026-05-17,live
2026-05-17T10:26:36,127,0,68,0,2026-05-17,live
2026-05-17T10:26:52,127,0,68,0,2026-05-17,live
2026-05-17T10:27:07,127,0,68,0,2026-05-17,live
2026-05-17T10:27:22,127,0,68,0,2026-05-17,live
2026-05-17T10:27:37,127,0,68,0,2026-05-17,live
2026-05-17T10:27:52,127,0,68,0,2026-05-17,live
2026-05-17T10:28:07,127,0,68,0,2026-05-17,live
2026-05-17T10:28:22,127,0,68,0,2026-05-17,live
2026-05-17T10:28:37,127,0,68,0,2026-05-17,live
2026-05-17T10:28:52,127,0,68,0,2026-05-17,live
2026-05-17T10:29:07,127,0,68,0,2026-05-17,live
2026-05-17T10:29:23,127,0,68,0,2026-05-17,live
2026-05-17T10:29:38,127,0,68,0,2026-05-17,live
2026-05-17T10:29:53,127,0,68,0,2026-05-17,live
2026-05-17T10:30:08,127,0,68,0,2026-05-17,live
2026-05-17T10:30:23,127,0,68,0,2026-05-17,live
2026-05-17T10:30:38,127,0,68,0,2026-05-17,live
2026-05-17T10:30:53,127,0,68,0,2026-05-17,live
2026-05-17T10:31:08,127,0,68,0,2026-05-17,live
2026-05-17T10:31:23,127,0,68,0,2026-05-17,live
2026-05-17T10:31:39,127,0,68,0,2026-05-17,live
2026-05-17T10:31:54,127,0,68,0,2026-05-17,live
2026-05-17T10:32:09,127,0,68,0,2026-05-17,live
2026-05-17T10:32:24,127,0,68,0,2026-05-17,live
2026-05-17T10:32:39,127,0,68,0,2026-05-17,live
2026-05-17T10:32:54,127,0,68,0,2026-05-17,live
2026-05-17T10:33:09,127,0,68,0,2026-05-17,live
2026-05-17T10:33:24,127,0,68,0,2026-05-17,live
2026-05-17T10:33:39,127,0,68,0,2026-05-17,live
2026-05-17T10:33:55,127,0,68,0,2026-05-17,live
2026-05-17T10:34:10,127,0,68,0,2026-05-17,live
2026-05-17T10:34:25,127,0,68,0,2026-05-17,live
2026-05-17T10:34:40,127,0,68,0,2026-05-17,live
2026-05-17T10:34:55,127,0,68,0,2026-05-17,live
2026-05-17T10:35:10,127,0,68,0,2026-05-17,live
2026-05-17T10:35:25,127,0,68,0,2026-05-17,live
2026-05-17T10:35:40,127,0,68,0,2026-05-17,live
2026-05-17T10:35:55,127,0,68,0,2026-05-17,live
2026-05-17T10:36:11,127,0,68,0,2026-05-17,live
2026-05-17T10:36:26,127,0,68,0,2026-05-17,live
2026-05-17T10:36:41,127,0,68,0,2026-05-17,live
2026-05-17T10:36:56,127,0,68,0,2026-05-17,live
2026-05-17T10:37:11,127,0,68,0,2026-05-17,live
2026-05-17T10:37:26,127,0,68,0,2026-05-17,live
2026-05-17T10:37:41,127,0,68,0,2026-05-17,live
2026-05-17T10:37:56,127,0,68,0,2026-05-17,live
2026-05-17T10:38:12,127,0,68,0,2026-05-17,live
2026-05-17T10:38:27,127,0,68,0,2026-05-17,live
2026-05-17T10:38:42,127,0,68,0,2026-05-17,live
2026-05-17T10:38:57,127,0,68,0,2026-05-17,live
2026-05-17T10:39:12,127,0,68,0,2026-05-17,live
2026-05-17T10:39:27,127,0,68,0,2026-05-17,live
2026-05-17T10:39:42,127,0,68,0,2026-05-17,live
2026-05-17T10:39:57,127,0,68,0,2026-05-17,live
2026-05-17T10:40:12,127,0,68,0,2026-05-17,live
2026-05-17T10:40:27,127,0,68,0,2026-05-17,live
2026-05-17T10:40:43,127,0,68,0,2026-05-17,live
2026-05-17T10:40:58,127,0,68,0,2026-05-17,live
2026-05-17T10:41:13,127,0,68,0,2026-05-17,live
2026-05-17T10:41:28,127,0,68,0,2026-05-17,live
2026-05-17T10:41:43,127,0,68,0,2026-05-17,live
2026-05-17T10:41:58,127,0,68,0,2026-05-17,live
2026-05-17T10:42:13,127,0,68,0,2026-05-17,live
2026-05-17T10:42:28,127,0,68,0,2026-05-17,live
2026-05-17T10:42:43,127,0,68,0,2026-05-17,live
2026-05-17T10:42:58,127,0,68,0,2026-05-17,live
2026-05-17T10:43:14,127,0,68,0,2026-05-17,live
2026-05-17T10:43:29,127,0,68,0,2026-05-17,live
2026-05-17T10:43:44,127,0,68,0,2026-05-17,live
2026-05-17T10:43:59,127,0,68,0,2026-05-17,live
2026-05-17T10:44:14,127,0,68,0,2026-05-17,live
2026-05-17T10:44:29,127,0,68,0,2026-05-17,live
2026-05-17T10:44:44,127,0,68,0,2026-05-17,live
2026-05-17T10:44:59,127,0,68,0,2026-05-17,live
2026-05-17T10:45:14,127,0,68,0,2026-05-17,live
2026-05-17T10:45:30,127,0,68,0,2026-05-17,live
2026-05-17T10:45:45,127,0,68,0,2026-05-17,live
2026-05-17T10:46:00,127,0,68,0,2026-05-17,live
2026-05-17T10:46:15,127,0,68,0,2026-05-17,live
2026-05-17T10:46:30,127,0,68,0,2026-05-17,live
2026-05-17T10:46:45,127,0,68,0,2026-05-17,live
2026-05-17T10:47:00,127,0,68,0,2026-05-17,live
2026-05-17T10:47:15,127,0,68,0,2026-05-17,live
2026-05-17T10:47:30,127,0,68,0,2026-05-17,live
2026-05-17T10:47:46,127,0,68,0,2026-05-17,live
2026-05-17T10:48:01,127,0,68,0,2026-05-17,live
2026-05-17T10:48:16,127,0,68,0,2026-05-17,live
2026-05-17T10:48:31,127,0,68,0,2026-05-17,live
2026-05-17T10:48:46,127,0,68,0,2026-05-17,live
2026-05-17T10:49:01,127,0,68,0,2026-05-17,live
2026-05-17T10:49:16,127,0,68,0,2026-05-17,live
2026-05-17T10:49:31,127,0,68,0,2026-05-17,live
2026-05-17T10:49:47,127,0,68,0,2026-05-17,live
2026-05-17T10:50:02,127,0,68,0,2026-05-17,live
2026-05-17T10:50:17,127,0,68,0,2026-05-17,live
2026-05-17T10:50:32,127,0,68,0,2026-05-17,live
2026-05-17T10:50:47,127,0,68,0,2026-05-17,live
2026-05-17T10:51:02,127,0,68,0,2026-05-17,live
2026-05-17T10:51:17,127,0,68,0,2026-05-17,live
2026-05-17T10:51:32,127,0,68,0,2026-05-17,live
2026-05-17T10:51:47,127,0,68,0,2026-05-17,live
2026-05-17T10:52:03,127,0,68,0,2026-05-17,live
2026-05-17T10:52:18,127,0,68,0,2026-05-17,live
2026-05-17T10:52:33,127,0,68,0,2026-05-17,live
2026-05-17T10:52:48,127,0,68,0,2026-05-17,live
2026-05-17T10:53:03,127,0,68,0,2026-05-17,live
2026-05-17T10:53:18,127,0,68,0,2026-05-17,live
2026-05-17T10:53:33,127,0,68,0,2026-05-17,live
2026-05-17T10:53:48,127,0,68,0,2026-05-17,live
2026-05-17T10:54:03,127,0,68,0,2026-05-17,live
2026-05-17T10:54:19,127,0,68,0,2026-05-17,live
2026-05-17T10:54:34,127,0,68,0,2026-05-17,live
2026-05-17T10:54:49,127,0,68,0,2026-05-17,live
2026-05-17T10:55:04,127,0,68,0,2026-05-17,live
2026-05-17T10:55:19,127,0,68,0,2026-05-17,live
2026-05-17T10:55:34,127,0,68,0,2026-05-17,live
2026-05-17T10:55:49,127,0,68,0,2026-05-17,live
2026-05-17T10:56:04,127,0,68,0,2026-05-17,live
2026-05-17T10:56:19,127,0,68,0,2026-05-17,live
2026-05-17T10:56:35,127,0,68,0,2026-05-17,live
2026-05-17T10:56:50,127,0,68,0,2026-05-17,live
2026-05-17T10:57:05,127,0,68,0,2026-05-17,live
2026-05-17T10:57:20,127,0,68,0,2026-05-17,live
2026-05-17T10:57:35,127,0,68,0,2026-05-17,live
2026-05-17T10:57:50,127,0,68,0,2026-05-17,live
2026-05-17T10:58:05,127,0,68,0,2026-05-17,live
2026-05-17T10:58:20,127,0,68,0,2026-05-17,live
2026-05-17T10:58:35,127,0,68,0,2026-05-17,live
2026-05-17T10:58:51,127,0,68,0,2026-05-17,live
2026-05-17T10:59:06,127,0,68,0,2026-05-17,live
2026-05-17T10:59:21,127,0,68,0,2026-05-17,live
2026-05-17T10:59:36,127,0,68,0,2026-05-17,live
2026-05-17T10:59:51,127,0,68,0,2026-05-17,live
2026-05-17T11:00:06,127,0,68,0,2026-05-17,live
2026-05-17T11:00:21,127,0,68,0,2026-05-17,live
2026-05-17T11:00:36,127,0,68,0,2026-05-17,live
2026-05-17T11:00:51,127,0,68,0,2026-05-17,live
2026-05-17T11:01:06,127,0,68,0,2026-05-17,live
2026-05-17T11:01:22,127,0,68,0,2026-05-17,live
2026-05-17T11:01:37,127,0,68,0,2026-05-17,live
2026-05-17T11:01:52,127,0,68,0,2026-05-17,live
2026-05-17T11:02:07,127,0,68,0,2026-05-17,live
2026-05-17T11:02:22,127,0,68,0,2026-05-17,live
2026-05-17T11:02:37,127,0,68,0,2026-05-17,live
2026-05-17T11:02:52,127,0,68,0,2026-05-17,live
2026-05-17T11:03:07,127,0,68,0,2026-05-17,live
2026-05-17T11:03:22,127,0,68,0,2026-05-17,live
2026-05-17T11:03:37,127,0,68,0,2026-05-17,live
2026-05-17T11:03:53,127,0,68,0,2026-05-17,live
2026-05-17T11:04:08,127,0,68,0,2026-05-17,live
2026-05-17T11:04:23,127,0,68,0,2026-05-17,live
2026-05-17T11:04:38,127,0,68,0,2026-05-17,live
2026-05-17T11:04:53,127,0,68,0,2026-05-17,live
2026-05-17T11:05:08,127,0,68,0,2026-05-17,live
2026-05-17T11:05:23,127,0,68,0,2026-05-17,live
2026-05-17T11:05:38,127,0,68,0,2026-05-17,live
2026-05-17T11:05:53,127,0,68,0,2026-05-17,live
2026-05-17T11:06:09,127,0,68,0,2026-05-17,live
2026-05-17T11:06:24,127,0,68,0,2026-05-17,live
2026-05-17T11:06:39,127,0,67,0,2026-05-17,live
2026-05-17T11:06:54,127,0,67,0,2026-05-17,live
2026-05-17T11:07:09,127,0,67,0,2026-05-17,live
2026-05-17T11:07:24,127,0,67,0,2026-05-17,live
2026-05-17T11:07:39,127,0,67,0,2026-05-17,live
2026-05-17T11:07:54,127,0,67,0,2026-05-17,live
2026-05-17T11:08:09,127,0,67,0,2026-05-17,live
2026-05-17T11:08:25,127,0,67,0,2026-05-17,live
2026-05-17T11:08:40,127,0,67,0,2026-05-17,live
2026-05-17T11:08:55,127,0,67,0,2026-05-17,live
2026-05-17T11:09:10,127,0,67,0,2026-05-17,live
2026-05-17T11:09:25,127,0,67,0,2026-05-17,live
2026-05-17T11:09:40,127,0,67,0,2026-05-17,live
2026-05-17T11:09:55,127,0,67,0,2026-05-17,live
2026-05-17T11:10:10,127,0,67,0,2026-05-17,live
2026-05-17T11:10:25,127,0,67,0,2026-05-17,live
2026-05-17T11:10:40,127,0,67,0,2026-05-17,live
2026-05-17T11:10:56,127,0,67,0,2026-05-17,live
2026-05-17T11:11:11,127,0,67,0,2026-05-17,live
2026-05-17T11:11:26,127,0,67,0,2026-05-17,live
2026-05-17T11:11:41,127,0,67,0,2026-05-17,live
2026-05-17T11:11:56,127,0,67,0,2026-05-17,live
2026-05-17T11:12:11,127,0,67,0,2026-05-17,live
2026-05-17T11:12:26,127,0,67,0,2026-05-17,live
2026-05-17T11:12:41,127,0,67,0,2026-05-17,live
2026-05-17T11:12:56,127,0,67,0,2026-05-17,live
2026-05-17T11:13:11,127,0,67,0,2026-05-17,live
2026-05-17T11:13:27,127,0,67,0,2026-05-17,live
2026-05-17T11:13:42,127,0,67,0,2026-05-17,live
2026-05-17T11:13:57,127,0,67,0,2026-05-17,live
2026-05-17T11:14:12,127,0,67,0,2026-05-17,live
2026-05-17T11:14:27,127,0,67,0,2026-05-17,live
2026-05-17T11:14:42,127,0,67,0,2026-05-17,live
2026-05-17T11:14:57,127,0,67,0,2026-05-17,live
2026-05-17T11:15:12,127,0,67,0,2026-05-17,live
2026-05-17T11:15:27,127,0,67,0,2026-05-17,live
2026-05-17T11:15:43,127,0,67,0,2026-05-17,live
2026-05-17T11:15:58,127,0,67,0,2026-05-17,live
2026-05-17T11:16:13,127,0,67,0,2026-05-17,live
2026-05-17T11:16:28,127,0,67,0,2026-05-17,live
2026-05-17T11:16:43,127,0,67,0,2026-05-17,live
2026-05-17T11:16:58,127,0,67,0,2026-05-17,live
2026-05-17T11:17:13,127,0,67,0,2026-05-17,live
2026-05-17T11:17:28,127,0,67,0,2026-05-17,live
2026-05-17T11:17:43,127,0,67,0,2026-05-17,live
2026-05-17T11:17:58,127,0,67,0,2026-05-17,live
2026-05-17T11:18:14,127,0,67,0,2026-05-17,live
2026-05-17T11:18:29,127,0,67,0,2026-05-17,live
2026-05-17T11:18:44,127,0,67,0,2026-05-17,live
2026-05-17T11:18:59,127,0,67,0,2026-05-17,live
2026-05-17T11:19:14,127,0,67,0,2026-05-17,live
2026-05-17T11:19:29,127,0,67,0,2026-05-17,live
2026-05-17T11:19:44,127,0,67,0,2026-05-17,live
2026-05-17T11:19:59,127,0,67,0,2026-05-17,live
2026-05-17T11:20:14,127,0,67,0,2026-05-17,live
2026-05-17T11:20:30,127,0,67,0,2026-05-17,live
2026-05-17T11:20:45,127,0,67,0,2026-05-17,live
2026-05-17T11:21:00,127,0,67,0,2026-05-17,live
2026-05-17T11:21:15,127,0,67,0,2026-05-17,live
2026-05-17T11:21:30,127,0,67,0,2026-05-17,live
2026-05-17T11:21:45,127,0,67,0,2026-05-17,live
2026-05-17T11:22:00,127,0,67,0,2026-05-17,live
2026-05-17T11:22:15,127,0,67,0,2026-05-17,live
2026-05-17T11:22:30,127,0,67,0,2026-05-17,live
2026-05-17T11:22:46,127,0,67,0,2026-05-17,live
2026-05-17T11:23:01,127,0,67,0,2026-05-17,live
2026-05-17T11:23:16,127,0,67,0,2026-05-17,live
2026-05-17T11:23:31,127,0,67,0,2026-05-17,live
2026-05-17T11:23:46,127,0,67,0,2026-05-17,live
2026-05-17T11:24:01,127,0,67,0,2026-05-17,live
2026-05-17T11:24:16,127,0,67,0,2026-05-17,live
2026-05-17T11:24:31,127,0,65,0,2026-05-17,live
2026-05-17T11:24:46,127,0,65,0,2026-05-17,live
2026-05-17T11:25:02,127,0,65,0,2026-05-17,live
2026-05-17T11:25:17,127,0,65,0,2026-05-17,live
2026-05-17T11:25:32,127,0,65,0,2026-05-17,live
2026-05-17T11:25:47,127,0,65,0,2026-05-17,live
2026-05-17T11:26:02,127,0,65,0,2026-05-17,live
2026-05-17T11:26:17,127,0,65,0,2026-05-17,live
2026-05-17T11:26:32,127,0,65,0,2026-05-17,live
2026-05-17T11:26:47,127,0,65,0,2026-05-17,live
2026-05-17T11:27:02,127,0,65,0,2026-05-17,live
2026-05-17T11:27:17,127,0,65,0,2026-05-17,live
2026-05-17T11:27:33,127,0,65,0,2026-05-17,live
2026-05-17T11:27:48,127,0,65,0,2026-05-17,live
2026-05-17T11:28:03,127,0,65,0,2026-05-17,live
2026-05-17T11:28:18,127,0,65,0,2026-05-17,live
2026-05-17T11:28:33,127,0,65,0,2026-05-17,live
2026-05-17T11:28:48,127,0,65,0,2026-05-17,live
2026-05-17T11:29:03,127,0,65,0,2026-05-17,live
2026-05-17T11:29:18,127,0,65,0,2026-05-17,live
2026-05-17T11:29:33,127,0,65,0,2026-05-17,live
2026-05-17T11:29:49,127,0,65,0,2026-05-17,live
2026-05-17T11:30:04,127,0,65,0,2026-05-17,live
2026-05-17T11:30:19,127,0,65,0,2026-05-17,live
2026-05-17T11:30:34,127,0,65,0,2026-05-17,live
2026-05-17T11:30:49,127,0,65,0,2026-05-17,live
2026-05-17T11:31:04,127,0,65,0,2026-05-17,live
2026-05-17T11:31:19,127,0,65,0,2026-05-17,live
2026-05-17T11:31:34,127,0,65,0,2026-05-17,live
2026-05-17T11:31:49,127,0,65,0,2026-05-17,live
2026-05-17T11:32:04,127,0,65,0,2026-05-17,live
2026-05-17T11:32:20,127,0,65,0,2026-05-17,live
2026-05-17T11:32:35,127,0,65,0,2026-05-17,live
2026-05-17T11:32:50,127,0,65,0,2026-05-17,live
2026-05-17T11:33:05,127,0,65,0,2026-05-17,live
2026-05-17T11:33:20,127,0,65,0,2026-05-17,live
2026-05-17T11:33:35,127,0,65,0,2026-05-17,live
2026-05-17T11:33:50,127,0,65,0,2026-05-17,live
2026-05-17T11:34:05,127,0,65,0,2026-05-17,live
2026-05-17T11:34:20,127,0,65,0,2026-05-17,live
2026-05-17T11:34:36,127,0,65,0,2026-05-17,live
2026-05-17T11:34:51,127,0,65,0,2026-05-17,live
2026-05-17T11:35:06,127,0,65,0,2026-05-17,live
2026-05-17T11:35:21,127,0,65,0,2026-05-17,live
2026-05-17T11:35:36,127,0,65,0,2026-05-17,live
2026-05-17T11:35:51,127,0,65,0,2026-05-17,live
2026-05-17T11:36:06,127,0,65,0,2026-05-17,live
2026-05-17T11:36:21,127,0,65,0,2026-05-17,live
2026-05-17T11:36:36,127,0,65,0,2026-05-17,live
2026-05-17T11:36:52,127,0,65,0,2026-05-17,live
2026-05-17T11:37:07,127,0,65,0,2026-05-17,live
2026-05-17T11:37:22,127,0,65,0,2026-05-17,live
2026-05-17T11:37:37,127,0,65,0,2026-05-17,live
2026-05-17T11:37:52,127,0,65,0,2026-05-17,live
2026-05-17T11:38:07,127,0,65,0,2026-05-17,live
2026-05-17T11:38:22,127,0,65,0,2026-05-17,live
2026-05-17T11:38:37,127,0,65,0,2026-05-17,live
2026-05-17T11:38:52,127,0,65,0,2026-05-17,live
2026-05-17T11:39:08,127,0,65,0,2026-05-17,live
2026-05-17T11:39:23,127,0,65,0,2026-05-17,live
2026-05-17T11:39:38,127,0,65,0,2026-05-17,live
2026-05-17T11:39:53,127,0,65,0,2026-05-17,live
2026-05-17T11:40:08,127,0,65,0,2026-05-17,live
2026-05-17T11:40:23,127,0,65,0,2026-05-17,live
2026-05-17T11:40:38,127,0,65,0,2026-05-17,live
2026-05-17T11:40:53,127,0,65,0,2026-05-17,live
2026-05-17T11:41:08,127,0,65,0,2026-05-17,live
2026-05-17T11:41:23,127,0,65,0,2026-05-17,live
2026-05-17T11:41:39,127,0,65,0,2026-05-17,live
2026-05-17T11:41:54,127,0,65,0,2026-05-17,live
2026-05-17T11:42:09,127,0,65,0,2026-05-17,live
2026-05-17T11:42:24,127,0,65,0,2026-05-17,live
2026-05-17T11:42:39,127,0,65,0,2026-05-17,live
2026-05-17T11:42:54,127,0,65,0,2026-05-17,live
2026-05-17T11:43:09,127,0,65,0,2026-05-17,live
2026-05-17T11:43:24,127,0,65,0,2026-05-17,live
2026-05-17T11:43:39,127,0,65,0,2026-05-17,live
2026-05-17T11:43:55,127,0,65,0,2026-05-17,live
2026-05-17T11:44:10,127,0,65,0,2026-05-17,live
2026-05-17T11:44:25,127,0,65,0,2026-05-17,live
2026-05-17T11:44:40,127,0,65,0,2026-05-17,live
2026-05-17T11:44:55,127,0,65,0,2026-05-17,live
2026-05-17T11:45:10,127,0,65,0,2026-05-17,live
2026-05-17T11:45:25,127,0,65,0,2026-05-17,live
2026-05-17T11:45:40,127,0,65,0,2026-05-17,live
2026-05-17T11:45:55,127,0,65,0,2026-05-17,live
2026-05-17T11:46:10,127,0,65,0,2026-05-17,live
2026-05-17T11:46:26,127,0,65,0,2026-05-17,live
2026-05-17T11:46:41,127,0,65,0,2026-05-17,live
2026-05-17T11:46:56,127,0,65,0,2026-05-17,live
2026-05-17T11:47:11,127,0,65,0,2026-05-17,live
2026-05-17T11:47:26,127,0,65,0,2026-05-17,live
2026-05-17T11:47:41,127,0,65,0,2026-05-17,live
2026-05-17T11:47:56,127,0,65,0,2026-05-17,live
2026-05-17T11:48:11,127,0,65,0,2026-05-17,live
2026-05-17T11:48:26,127,0,65,0,2026-05-17,live
2026-05-17T11:48:41,127,0,65,0,2026-05-17,live
2026-05-17T11:48:57,127,0,65,0,2026-05-17,live
2026-05-17T11:49:12,127,0,65,0,2026-05-17,live
2026-05-17T11:49:27,127,0,65,0,2026-05-17,live
2026-05-17T11:49:42,127,0,65,0,2026-05-17,live
2026-05-17T11:49:57,127,0,65,0,2026-05-17,live
2026-05-17T11:50:12,127,0,65,0,2026-05-17,live
2026-05-17T11:50:27,127,0,65,0,2026-05-17,live
2026-05-17T11:50:42,127,0,65,0,2026-05-17,live
2026-05-17T11:50:57,127,0,65,0,2026-05-17,live
2026-05-17T11:51:13,127,0,65,0,2026-05-17,live
2026-05-17T11:51:28,127,0,65,0,2026-05-17,live
2026-05-17T11:51:43,127,0,65,0,2026-05-17,live
2026-05-17T11:51:58,127,0,65,0,2026-05-17,live
2026-05-17T11:52:13,127,0,65,0,2026-05-17,live
2026-05-17T11:52:28,127,0,65,0,2026-05-17,live
2026-05-17T11:52:43,127,0,65,0,2026-05-17,live
2026-05-17T11:52:58,127,0,65,0,2026-05-17,live
2026-05-17T11:53:13,127,0,65,0,2026-05-17,live
2026-05-17T11:53:28,127,0,65,0,2026-05-17,live
2026-05-17T11:53:44,127,0,65,0,2026-05-17,live
2026-05-17T11:53:59,127,0,65,0,2026-05-17,live
2026-05-17T11:54:14,127,0,65,0,2026-05-17,live
2026-05-17T11:54:29,127,0,65,0,2026-05-17,live
2026-05-17T11:54:44,127,0,65,0,2026-05-17,live
2026-05-17T11:54:59,127,0,65,0,2026-05-17,live
2026-05-17T11:55:14,127,0,65,0,2026-05-17,live
2026-05-17T11:55:29,127,0,65,0,2026-05-17,live
2026-05-17T11:55:44,127,0,65,0,2026-05-17,live
2026-05-17T11:56:00,127,0,65,0,2026-05-17,live
2026-05-17T11:56:15,127,0,65,0,2026-05-17,live
2026-05-17T11:56:30,127,0,65,0,2026-05-17,live
2026-05-17T11:56:45,127,0,65,0,2026-05-17,live
2026-05-17T11:57:00,127,0,65,0,2026-05-17,live
2026-05-17T11:57:15,127,0,65,0,2026-05-17,live
2026-05-17T11:57:30,127,0,65,0,2026-05-17,live
2026-05-17T11:57:45,127,0,65,0,2026-05-17,live
2026-05-17T11:58:00,127,0,65,0,2026-05-17,live
2026-05-17T11:58:15,127,0,65,0,2026-05-17,live
2026-05-17T11:58:31,127,0,65,0,2026-05-17,live
2026-05-17T11:58:46,127,0,65,0,2026-05-17,live
2026-05-17T11:59:01,127,0,65,0,2026-05-17,live
2026-05-17T11:59:16,127,0,65,0,2026-05-17,live
2026-05-17T11:59:31,127,0,65,0,2026-05-17,live
2026-05-17T11:59:46,127,0,65,0,2026-05-17,live
2026-05-17T12:00:01,127,0,65,0,2026-05-18,live
2026-05-17T12:00:16,127,0,65,0,2026-05-18,live
2026-05-17T12:00:31,127,0,65,0,2026-05-18,live
2026-05-17T12:00:47,127,0,65,0,2026-05-18,live
2026-05-17T12:01:02,127,0,65,0,2026-05-18,live
2026-05-17T12:01:17,127,0,65,0,2026-05-18,live
2026-05-17T12:01:32,127,0,65,0,2026-05-18,live
2026-05-17T12:01:47,127,0,65,0,2026-05-18,live
2026-05-17T12:02:02,127,0,65,0,2026-05-18,live
2026-05-17T12:02:17,127,0,65,0,2026-05-18,live
2026-05-17T12:02:32,127,0,65,0,2026-05-18,live
2026-05-17T12:02:47,127,0,65,0,2026-05-18,live
2026-05-17T12:03:02,127,0,65,0,2026-05-18,live
2026-05-17T12:03:18,127,0,65,0,2026-05-18,live
2026-05-17T12:03:33,127,0,65,0,2026-05-18,live
2026-05-17T12:03:48,127,0,65,0,2026-05-18,live
2026-05-17T12:04:03,127,0,65,0,2026-05-18,live
2026-05-17T12:04:18,127,0,65,0,2026-05-18,live
2026-05-17T12:04:33,127,0,65,0,2026-05-18,live
2026-05-17T12:04:48,127,0,65,0,2026-05-18,live
2026-05-17T12:05:03,127,0,65,0,2026-05-18,live
2026-05-17T12:05:18,127,0,65,0,2026-05-18,live
2026-05-17T12:05:34,127,0,65,0,2026-05-18,live
2026-05-17T12:05:49,127,0,65,0,2026-05-18,live
2026-05-17T12:06:04,127,0,65,0,2026-05-18,live
2026-05-17T12:06:19,127,0,65,0,2026-05-18,live
2026-05-17T12:06:34,127,0,65,0,2026-05-18,live
2026-05-17T12:06:49,127,0,65,0,2026-05-18,live
2026-05-17T12:07:04,127,0,65,0,2026-05-18,live
2026-05-17T12:07:19,127,0,65,0,2026-05-18,live
2026-05-17T12:07:34,127,0,65,0,2026-05-18,live
2026-05-17T12:07:49,127,0,65,0,2026-05-18,live
2026-05-17T12:08:05,127,0,65,0,2026-05-18,live
2026-05-17T12:08:20,127,0,65,0,2026-05-18,live
2026-05-17T12:08:35,127,0,65,0,2026-05-18,live
2026-05-17T12:08:50,127,0,65,0,2026-05-18,live
2026-05-17T12:09:05,127,0,65,0,2026-05-18,live
2026-05-17T12:09:20,127,0,65,0,2026-05-18,live
2026-05-17T12:09:35,127,0,65,0,2026-05-18,live
2026-05-17T12:09:50,127,0,65,0,2026-05-18,live
2026-05-17T12:10:05,127,0,65,0,2026-05-18,live
2026-05-17T12:10:21,127,0,65,0,2026-05-18,live
2026-05-17T12:10:36,127,0,65,0,2026-05-18,live
2026-05-17T12:10:51,127,0,65,0,2026-05-18,live
2026-05-17T12:11:06,127,0,65,0,2026-05-18,live
2026-05-17T12:11:21,127,0,65,0,2026-05-18,live
2026-05-17T12:11:36,127,0,65,0,2026-05-18,live
2026-05-17T12:11:51,127,0,65,0,2026-05-18,live
2026-05-17T12:12:06,127,0,65,0,2026-05-18,live
2026-05-17T12:12:21,127,0,65,0,2026-05-18,live
2026-05-17T12:12:36,127,0,65,0,2026-05-18,live
2026-05-17T12:12:52,127,0,65,0,2026-05-18,live
2026-05-17T12:13:07,127,0,65,0,2026-05-18,live
2026-05-17T12:13:22,127,0,65,0,2026-05-18,live
2026-05-17T12:13:37,127,0,65,0,2026-05-18,live
2026-05-17T12:13:52,127,0,65,0,2026-05-18,live
2026-05-17T12:14:07,127,0,65,0,2026-05-18,live
2026-05-17T12:14:22,127,0,65,0,2026-05-18,live
2026-05-17T12:14:37,127,0,65,0,2026-05-18,live
2026-05-17T12:14:52,127,0,65,0,2026-05-18,live
2026-05-17T12:15:08,127,0,65,0,2026-05-18,live
2026-05-17T12:15:23,127,0,65,0,2026-05-18,live
2026-05-17T12:15:38,127,0,65,0,2026-05-18,live
2026-05-17T12:15:53,127,0,65,0,2026-05-18,live
2026-05-17T12:16:08,127,0,65,0,2026-05-18,live
2026-05-17T12:16:23,127,0,64,0,2026-05-18,live
2026-05-17T12:16:38,127,0,64,0,2026-05-18,live
2026-05-17T12:16:53,127,0,64,0,2026-05-18,live
2026-05-17T12:17:08,127,0,64,0,2026-05-18,live
2026-05-17T12:17:23,127,0,64,0,2026-05-18,live
2026-05-17T12:17:39,127,0,64,0,2026-05-18,live
2026-05-17T12:17:54,127,0,64,0,2026-05-18,live
2026-05-17T12:18:09,127,0,64,0,2026-05-18,live
2026-05-17T12:18:24,127,0,64,0,2026-05-18,live
2026-05-17T12:18:39,127,0,64,0,2026-05-18,live
2026-05-17T12:18:54,127,0,64,0,2026-05-18,live
2026-05-17T12:19:09,127,0,64,0,2026-05-18,live
2026-05-17T12:19:24,127,0,64,0,2026-05-18,live
2026-05-17T12:19:39,127,0,64,0,2026-05-18,live
2026-05-17T12:19:55,127,0,64,0,2026-05-18,live
2026-05-17T12:20:10,127,0,64,0,2026-05-18,live
2026-05-17T12:20:25,127,0,64,0,2026-05-18,live
2026-05-17T12:20:40,127,0,64,0,2026-05-18,live
2026-05-17T12:20:55,127,0,64,0,2026-05-18,live
2026-05-17T12:21:10,127,0,64,0,2026-05-18,live
2026-05-17T12:21:25,127,0,64,0,2026-05-18,live
2026-05-17T12:21:40,127,0,64,0,2026-05-18,live
2026-05-17T12:21:55,127,0,64,0,2026-05-18,live
2026-05-17T12:22:11,127,0,64,0,2026-05-18,live
2026-05-17T12:22:26,127,0,64,0,2026-05-18,live
2026-05-17T12:22:41,127,0,64,0,2026-05-18,live
2026-05-17T12:22:56,127,0,64,0,2026-05-18,live
2026-05-17T12:23:11,127,0,64,0,2026-05-18,live
2026-05-17T12:23:26,127,0,64,0,2026-05-18,live
2026-05-17T12:23:41,127,0,64,0,2026-05-18,live
2026-05-17T12:23:56,127,0,64,0,2026-05-18,live
2026-05-17T12:24:11,127,0,64,0,2026-05-18,live
2026-05-17T12:24:27,127,0,64,0,2026-05-18,live
2026-05-17T12:24:42,127,0,64,0,2026-05-18,live
2026-05-17T12:24:57,127,0,64,0,2026-05-18,live
2026-05-17T12:25:12,127,0,64,0,2026-05-18,live
2026-05-17T12:25:27,127,0,64,0,2026-05-18,live
2026-05-17T12:25:42,127,0,64,0,2026-05-18,live
2026-05-17T12:25:57,127,0,64,0,2026-05-18,live
2026-05-17T12:26:12,127,0,64,0,2026-05-18,live
2026-05-17T12:26:27,127,0,64,0,2026-05-18,live
2026-05-17T12:26:42,127,0,64,0,2026-05-18,live
2026-05-17T12:26:58,127,0,64,0,2026-05-18,live
2026-05-17T12:27:13,127,0,64,0,2026-05-18,live
2026-05-17T12:27:28,127,0,64,0,2026-05-18,live
2026-05-17T12:27:43,127,0,64,0,2026-05-18,live
2026-05-17T12:27:58,127,0,64,0,2026-05-18,live
2026-05-17T12:28:13,127,0,64,0,2026-05-18,live
2026-05-17T12:28:28,127,0,64,0,2026-05-18,live
2026-05-17T12:28:43,127,0,64,0,2026-05-18,live
2026-05-17T12:28:58,127,0,64,0,2026-05-18,live
2026-05-17T12:29:14,127,0,64,0,2026-05-18,live
2026-05-17T12:29:29,127,0,64,0,2026-05-18,live
2026-05-17T12:29:44,127,0,64,0,2026-05-18,live
2026-05-17T12:29:59,127,0,64,0,2026-05-18,live
2026-05-17T12:30:14,127,0,64,0,2026-05-18,live
2026-05-17T12:30:29,127,0,64,0,2026-05-18,live
2026-05-17T12:30:44,127,0,64,0,2026-05-18,live
2026-05-17T12:30:59,127,0,64,0,2026-05-18,live
2026-05-17T12:31:14,127,0,64,0,2026-05-18,live
2026-05-17T12:31:29,127,0,64,0,2026-05-18,live
2026-05-17T12:31:45,127,0,64,0,2026-05-18,live
2026-05-17T12:32:00,127,0,64,0,2026-05-18,live
2026-05-17T12:32:15,127,0,64,0,2026-05-18,live
2026-05-17T12:32:30,127,0,64,0,2026-05-18,live
2026-05-17T12:32:45,127,0,64,0,2026-05-18,live
2026-05-17T12:33:00,127,0,64,0,2026-05-18,live
2026-05-17T12:33:15,127,0,64,0,2026-05-18,live
2026-05-17T12:33:30,127,0,64,0,2026-05-18,live
2026-05-17T12:33:45,127,0,64,0,2026-05-18,live
2026-05-17T12:34:00,127,0,64,0,2026-05-18,live
2026-05-17T12:34:16,127,0,64,0,2026-05-18,live
2026-05-17T12:34:31,127,0,64,0,2026-05-18,live
2026-05-17T12:34:46,127,0,64,0,2026-05-18,live
2026-05-17T12:35:01,127,0,64,0,2026-05-18,live
2026-05-17T12:35:16,127,0,64,0,2026-05-18,live
2026-05-17T12:35:31,127,0,64,0,2026-05-18,live
2026-05-17T12:35:46,127,0,64,0,2026-05-18,live
2026-05-17T12:36:01,127,0,63,0,2026-05-18,live
2026-05-17T12:36:16,127,0,63,0,2026-05-18,live
2026-05-17T12:36:31,127,0,63,0,2026-05-18,live
2026-05-17T12:36:47,127,0,63,0,2026-05-18,live
2026-05-17T12:37:02,127,0,63,0,2026-05-18,live
2026-05-17T12:37:17,127,0,63,0,2026-05-18,live
2026-05-17T12:37:32,127,0,63,0,2026-05-18,live
2026-05-17T12:37:47,127,0,63,0,2026-05-18,live
2026-05-17T12:38:02,127,0,63,0,2026-05-18,live
2026-05-17T12:38:17,127,0,63,0,2026-05-18,live
2026-05-17T12:38:32,127,0,63,0,2026-05-18,live
2026-05-17T12:38:47,127,0,63,0,2026-05-18,live
2026-05-17T12:39:03,127,0,63,0,2026-05-18,live
2026-05-17T12:39:18,127,0,63,0,2026-05-18,live
2026-05-17T12:39:33,127,0,63,0,2026-05-18,live
2026-05-17T12:39:48,127,0,63,0,2026-05-18,live
2026-05-17T12:40:03,127,0,63,0,2026-05-18,live
2026-05-17T12:40:18,127,0,63,0,2026-05-18,live
2026-05-17T12:40:33,127,0,63,0,2026-05-18,live
2026-05-17T12:40:48,127,0,63,0,2026-05-18,live
2026-05-17T12:41:03,127,0,63,0,2026-05-18,live
2026-05-17T12:41:18,127,0,63,0,2026-05-18,live
2026-05-17T12:41:34,127,0,63,0,2026-05-18,live
2026-05-17T12:41:49,127,0,63,0,2026-05-18,live
2026-05-17T12:42:04,127,0,63,0,2026-05-18,live
2026-05-17T12:42:19,127,0,63,0,2026-05-18,live
2026-05-17T12:42:34,127,0,63,0,2026-05-18,live
2026-05-17T12:42:49,127,0,63,0,2026-05-18,live
2026-05-17T12:43:04,127,0,63,0,2026-05-18,live
2026-05-17T12:43:19,127,0,63,0,2026-05-18,live
2026-05-17T12:43:34,127,0,63,0,2026-05-18,live
2026-05-17T12:43:50,127,0,63,0,2026-05-18,live
2026-05-17T12:44:05,127,0,63,0,2026-05-18,live
2026-05-17T12:44:20,127,0,63,0,2026-05-18,live
2026-05-17T12:44:35,127,0,63,0,2026-05-18,live
2026-05-17T12:44:50,127,0,63,0,2026-05-18,live
2026-05-17T12:45:05,127,0,63,0,2026-05-18,live
2026-05-17T12:45:20,127,0,63,0,2026-05-18,live
2026-05-17T12:45:35,127,0,63,0,2026-05-18,live
2026-05-17T12:45:50,127,0,63,0,2026-05-18,live
2026-05-17T12:46:06,127,0,63,0,2026-05-18,live
2026-05-17T12:46:21,96,105,63,0,2026-05-18,live
2026-05-17T12:46:36,96,99,63,0,2026-05-18,live
2026-05-17T12:46:51,97,101,63,0,2026-05-18,live
2026-05-17T12:47:06,97,96,63,6,2026-05-18,live
2026-05-17T12:47:21,97,98,63,0,2026-05-18,live
2026-05-17T12:47:36,96,111,63,12,2026-05-18,live
2026-05-18T00:23:58,98,85,46,0,2026-05-18,live
2026-05-18T00:24:14,98,88,46,3,2026-05-18,live
2026-05-18T00:24:29,98,92,46,0,2026-05-18,live
2026-05-18T00:24:44,98,92,46,0,2026-05-18,live
2026-05-18T00:24:59,98,79,46,0,2026-05-18,live
2026-05-18T00:25:14,98,81,46,0,2026-05-18,live
2026-05-18T00:25:29,97,84,46,1,2026-05-18,live
2026-05-18T00:25:44,99,82,46,0,2026-05-18,live
2026-05-18T00:26:00,98,84,46,4,2026-05-18,live
2026-05-18T00:26:15,98,84,46,1,2026-05-18,live
2026-05-18T00:26:30,98,83,46,0,2026-05-18,live
2026-05-18T00:26:45,98,83,46,0,2026-05-18,live
2026-05-18T00:27:00,98,82,46,0,2026-05-18,live
2026-05-18T00:27:15,98,84,46,0,2026-05-18,live
2026-05-18T00:27:30,98,84,46,30,2026-05-18,live
2026-05-18T00:27:46,98,82,46,0,2026-05-18,live
2026-05-18T00:28:01,98,86,46,0,2026-05-18,live
2026-05-18T00:28:16,98,83,46,0,2026-05-18,live
2026-05-18T00:28:31,98,82,46,0,2026-05-18,live
2026-05-18T00:28:46,98,82,46,6,2026-05-18,live
2026-05-18T00:29:01,98,82,46,0,2026-05-18,live
2026-05-18T00:29:16,98,85,46,1,2026-05-18,live
2026-05-18T00:29:32,98,90,46,1,2026-05-18,live
2026-05-18T00:29:47,98,92,46,0,2026-05-18,live
2026-05-18T00:30:02,98,90,46,0,2026-05-18,live
2026-05-18T00:30:17,97,93,46,1,2026-05-18,live
2026-05-18T00:30:32,97,97,46,1,2026-05-18,live
2026-05-18T00:30:47,98,100,46,0,2026-05-18,live
2026-05-18T00:31:02,98,91,46,0,2026-05-18,live
2026-05-18T00:31:18,98,94,46,0,2026-05-18,live
2026-05-18T00:31:33,98,86,46,0,2026-05-18,live
2026-05-18T00:31:48,98,87,46,3,2026-05-18,live
2026-05-18T00:32:03,98,89,46,5,2026-05-18,live
2026-05-18T00:32:18,97,97,46,0,2026-05-18,live
